# OBJ generated by ONSHAPE BY PTC INC, 1.217 Units = meters
mtllib L3M1.mtl
g Part 1
v 0.507761 -0.0155676 -0.00254 
v 0.507046 -0.0311206 -0.00254 
v 0.505854 -0.0466443 -0.00254 
v 0.504187 -0.0621243 -0.00254 
v 0.502046 -0.0775458 -0.00254 
v 0.499434 -0.0928946 -0.00254 
v 0.496353 -0.108156 -0.00254 
v 0.492805 -0.123316 -0.00254 
v 0.488795 -0.13836 -0.00254 
v 0.484325 -0.153274 -0.00254 
v 0.479401 -0.168044 -0.00254 
v 0.474026 -0.182656 -0.00254 
v 0.468206 -0.197097 -0.00254 
v 0.461946 -0.211353 -0.00254 
v 0.455252 -0.22541 -0.00254 
v 0.448131 -0.239255 -0.00254 
v 0.440588 -0.252876 -0.00254 
v 0.432632 -0.266259 -0.00254 
v 0.424269 -0.279391 -0.00254 
v 0.415508 -0.292262 -0.00254 
v 0.406357 -0.304858 -0.00254 
v 0.396823 -0.317167 -0.00254 
v 0.386918 -0.329179 -0.00254 
v 0.376648 -0.340881 -0.00254 
v 0.366025 -0.352264 -0.00254 
v 0.355058 -0.363315 -0.00254 
v 0.343757 -0.374025 -0.00254 
v 0.332134 -0.384384 -0.00254 
v 0.320199 -0.394382 -0.00254 
v 0.307963 -0.404009 -0.00254 
v 0.295437 -0.413257 -0.00254 
v 0.282634 -0.422116 -0.00254 
v 0.269566 -0.430579 -0.00254 
v 0.256244 -0.438638 -0.00254 
v 0.242682 -0.446284 -0.00254 
v 0.228891 -0.453512 -0.00254 
v 0.214886 -0.460313 -0.00254 
v 0.200679 -0.466682 -0.00254 
v 0.186283 -0.472612 -0.00254 
v 0.171713 -0.478099 -0.00254 
v 0.156981 -0.483137 -0.00254 
v 0.142101 -0.48772 -0.00254 
v 0.127088 -0.491846 -0.00254 
v 0.111956 -0.49551 -0.00254 
v 0.0967187 -0.498708 -0.00254 
v 0.0813904 -0.501438 -0.00254 
v 0.0659857 -0.503696 -0.00254 
v 0.050519 -0.505482 -0.00254 
v 0.0350048 -0.506793 -0.00254 
v 0.0194578 -0.507627 -0.00254 
v 0.00389247 -0.507985 -0.00254 
v -0.0116765 -0.507866 -0.00254 
v -0.0272345 -0.507269 -0.00254 
v -0.0427669 -0.506197 -0.00254 
v -0.0582592 -0.504648 -0.00254 
v -0.0736967 -0.502626 -0.00254 
v -0.089065 -0.500131 -0.00254 
v -0.10435 -0.497167 -0.00254 
v -0.119536 -0.493736 -0.00254 
v -0.134611 -0.489841 -0.00254 
v -0.149558 -0.485486 -0.00254 
v -0.164366 -0.480674 -0.00254 
v -0.179019 -0.475412 -0.00254 
v -0.193504 -0.469702 -0.00254 
v -0.207807 -0.463552 -0.00254 
v -0.221915 -0.456966 -0.00254 
v -0.235814 -0.449951 -0.00254 
v -0.249492 -0.442513 -0.00254 
v -0.262936 -0.434659 -0.00254 
v -0.276132 -0.426398 -0.00254 
v -0.28907 -0.417735 -0.00254 
v -0.301735 -0.408681 -0.00254 
v -0.314117 -0.399242 -0.00254 
v -0.326205 -0.389428 -0.00254 
v -0.337985 -0.379249 -0.00254 
v -0.349449 -0.368713 -0.00254 
v -0.360584 -0.357831 -0.00254 
v -0.37138 -0.346613 -0.00254 
v -0.381828 -0.33507 -0.00254 
v -0.391917 -0.323211 -0.00254 
v -0.401637 -0.311049 -0.00254 
v -0.410981 -0.298595 -0.00254 
v -0.419938 -0.28586 -0.00254 
v -0.428501 -0.272857 -0.00254 
v -0.436661 -0.259597 -0.00254 
v -0.444412 -0.246094 -0.00254 
v -0.451744 -0.23236 -0.00254 
v -0.458653 -0.218407 -0.00254 
v -0.465131 -0.204249 -0.00254 
v -0.471171 -0.189899 -0.00254 
v -0.476769 -0.175371 -0.00254 
v -0.48192 -0.160678 -0.00254 
v -0.486617 -0.145834 -0.00254 
v -0.490858 -0.130853 -0.00254 
v -0.494637 -0.11575 -0.00254 
v -0.497952 -0.100537 -0.00254 
v -0.500799 -0.0852302 -0.00254 
v -0.503176 -0.0698432 -0.00254 
v -0.50508 -0.0543907 -0.00254 
v -0.506509 -0.038887 -0.00254 
v -0.507463 -0.0233468 -0.00254 
v -0.50794 -0.00778472 -0.00254 
v -0.50794 0.00778472 -0.00254 
v -0.507463 0.0233468 -0.00254 
v -0.506509 0.038887 -0.00254 
v -0.50508 0.0543907 -0.00254 
v -0.503176 0.0698432 -0.00254 
v -0.500799 0.0852302 -0.00254 
v -0.497952 0.100537 -0.00254 
v -0.494637 0.11575 -0.00254 
v -0.490858 0.130853 -0.00254 
v -0.486617 0.145834 -0.00254 
v -0.48192 0.160678 -0.00254 
v -0.476769 0.175371 -0.00254 
v -0.471171 0.189899 -0.00254 
v -0.465131 0.204249 -0.00254 
v -0.458653 0.218407 -0.00254 
v -0.451744 0.23236 -0.00254 
v -0.444412 0.246094 -0.00254 
v -0.436661 0.259597 -0.00254 
v -0.428501 0.272857 -0.00254 
v -0.419938 0.28586 -0.00254 
v -0.410981 0.298595 -0.00254 
v -0.401637 0.311049 -0.00254 
v -0.391917 0.323211 -0.00254 
v -0.381828 0.33507 -0.00254 
v -0.37138 0.346613 -0.00254 
v -0.360584 0.357831 -0.00254 
v -0.349449 0.368713 -0.00254 
v -0.337985 0.379249 -0.00254 
v -0.326205 0.389428 -0.00254 
v -0.314117 0.399242 -0.00254 
v -0.301735 0.408681 -0.00254 
v -0.28907 0.417735 -0.00254 
v -0.276132 0.426398 -0.00254 
v -0.262936 0.434659 -0.00254 
v -0.249492 0.442513 -0.00254 
v -0.235814 0.449951 -0.00254 
v -0.221915 0.456966 -0.00254 
v -0.207807 0.463552 -0.00254 
v -0.193504 0.469702 -0.00254 
v -0.179019 0.475412 -0.00254 
v -0.164366 0.480674 -0.00254 
v -0.149558 0.485486 -0.00254 
v -0.134611 0.489841 -0.00254 
v -0.119536 0.493736 -0.00254 
v -0.10435 0.497167 -0.00254 
v -0.089065 0.500131 -0.00254 
v -0.0736967 0.502626 -0.00254 
v -0.0582592 0.504648 -0.00254 
v -0.0427669 0.506197 -0.00254 
v -0.0272345 0.507269 -0.00254 
v -0.0116765 0.507866 -0.00254 
v 0.00389247 0.507985 -0.00254 
v 0.0194578 0.507627 -0.00254 
v 0.0350048 0.506793 -0.00254 
v 0.050519 0.505482 -0.00254 
v 0.0659857 0.503696 -0.00254 
v 0.0813904 0.501438 -0.00254 
v 0.0967187 0.498708 -0.00254 
v 0.111956 0.49551 -0.00254 
v 0.127088 0.491846 -0.00254 
v 0.142101 0.48772 -0.00254 
v 0.156981 0.483137 -0.00254 
v 0.171713 0.478099 -0.00254 
v 0.186283 0.472612 -0.00254 
v 0.200679 0.466682 -0.00254 
v 0.214886 0.460313 -0.00254 
v 0.228891 0.453512 -0.00254 
v 0.242682 0.446284 -0.00254 
v 0.256244 0.438638 -0.00254 
v 0.269566 0.430579 -0.00254 
v 0.282634 0.422116 -0.00254 
v 0.295437 0.413257 -0.00254 
v 0.307963 0.404009 -0.00254 
v 0.320199 0.394382 -0.00254 
v 0.332134 0.384384 -0.00254 
v 0.343757 0.374025 -0.00254 
v 0.355058 0.363315 -0.00254 
v 0.366025 0.352264 -0.00254 
v 0.376648 0.340881 -0.00254 
v 0.386918 0.329179 -0.00254 
v 0.396823 0.317167 -0.00254 
v 0.406357 0.304858 -0.00254 
v 0.415508 0.292262 -0.00254 
v 0.424269 0.279391 -0.00254 
v 0.432632 0.266259 -0.00254 
v 0.440588 0.252876 -0.00254 
v 0.448131 0.239255 -0.00254 
v 0.455252 0.22541 -0.00254 
v 0.461946 0.211353 -0.00254 
v 0.468206 0.197097 -0.00254 
v 0.474026 0.182656 -0.00254 
v 0.479401 0.168044 -0.00254 
v 0.484325 0.153274 -0.00254 
v 0.488795 0.13836 -0.00254 
v 0.492805 0.123316 -0.00254 
v 0.496353 0.108156 -0.00254 
v 0.499434 0.0928946 -0.00254 
v 0.502046 0.0775458 -0.00254 
v 0.504187 0.0621243 -0.00254 
v 0.505854 0.0466443 -0.00254 
v 0.507046 0.0311206 -0.00254 
v 0.507761 0.0155676 -0.00254 
v 0.508 -9.33181e-17 -0.00254 
v 0 3.1106e-17 -0.00254 
v 0.508 3.1106e-17 0.0762 
v 0.507761 0.0155676 0.0762 
v 0.507046 0.0311206 0.0762 
v 0.505854 0.0466443 0.0762 
v 0.504187 0.0621243 0.0762 
v 0.502046 0.0775458 0.0762 
v 0.499434 0.0928946 0.0762 
v 0.496353 0.108156 0.0762 
v 0.492805 0.123316 0.0762 
v 0.488795 0.13836 0.0762 
v 0.484325 0.153274 0.0762 
v 0.479401 0.168044 0.0762 
v 0.474026 0.182656 0.0762 
v 0.468206 0.197097 0.0762 
v 0.461946 0.211353 0.0762 
v 0.455252 0.22541 0.0762 
v 0.448131 0.239255 0.0762 
v 0.440588 0.252876 0.0762 
v 0.432632 0.266259 0.0762 
v 0.424269 0.279391 0.0762 
v 0.415508 0.292262 0.0762 
v 0.406357 0.304858 0.0762 
v 0.396823 0.317167 0.0762 
v 0.386918 0.329179 0.0762 
v 0.376648 0.340881 0.0762 
v 0.366025 0.352264 0.0762 
v 0.355058 0.363315 0.0762 
v 0.343757 0.374025 0.0762 
v 0.332134 0.384384 0.0762 
v 0.320199 0.394382 0.0762 
v 0.307963 0.404009 0.0762 
v 0.295437 0.413257 0.0762 
v 0.282634 0.422116 0.0762 
v 0.269566 0.430579 0.0762 
v 0.256244 0.438638 0.0762 
v 0.242682 0.446284 0.0762 
v 0.228891 0.453512 0.0762 
v 0.214886 0.460313 0.0762 
v 0.200679 0.466682 0.0762 
v 0.186283 0.472612 0.0762 
v 0.171713 0.478099 0.0762 
v 0.156981 0.483137 0.0762 
v 0.142101 0.48772 0.0762 
v 0.127088 0.491846 0.0762 
v 0.111956 0.49551 0.0762 
v 0.0967187 0.498708 0.0762 
v 0.0813904 0.501438 0.0762 
v 0.0659857 0.503696 0.0762 
v 0.050519 0.505482 0.0762 
v 0.0350048 0.506793 0.0762 
v 0.0194578 0.507627 0.0762 
v 0.00389247 0.507985 0.0762 
v -0.0116765 0.507866 0.0762 
v -0.0272345 0.507269 0.0762 
v -0.0427669 0.506197 0.0762 
v -0.0582592 0.504648 0.0762 
v -0.0736967 0.502626 0.0762 
v -0.089065 0.500131 0.0762 
v -0.10435 0.497167 0.0762 
v -0.119536 0.493736 0.0762 
v -0.134611 0.489841 0.0762 
v -0.149558 0.485486 0.0762 
v -0.164366 0.480674 0.0762 
v -0.179019 0.475412 0.0762 
v -0.193504 0.469702 0.0762 
v -0.207807 0.463552 0.0762 
v -0.221915 0.456966 0.0762 
v -0.235814 0.449951 0.0762 
v -0.249492 0.442513 0.0762 
v -0.262936 0.434659 0.0762 
v -0.276132 0.426398 0.0762 
v -0.28907 0.417735 0.0762 
v -0.301735 0.408681 0.0762 
v -0.314117 0.399242 0.0762 
v -0.326205 0.389428 0.0762 
v -0.337985 0.379249 0.0762 
v -0.349449 0.368713 0.0762 
v -0.360584 0.357831 0.0762 
v -0.37138 0.346613 0.0762 
v -0.381828 0.33507 0.0762 
v -0.391917 0.323211 0.0762 
v -0.401637 0.311049 0.0762 
v -0.410981 0.298595 0.0762 
v -0.419938 0.28586 0.0762 
v -0.428501 0.272857 0.0762 
v -0.436661 0.259597 0.0762 
v -0.444412 0.246094 0.0762 
v -0.451744 0.23236 0.0762 
v -0.458653 0.218407 0.0762 
v -0.465131 0.204249 0.0762 
v -0.471171 0.189899 0.0762 
v -0.476769 0.175371 0.0762 
v -0.48192 0.160678 0.0762 
v -0.486617 0.145834 0.0762 
v -0.490858 0.130853 0.0762 
v -0.494637 0.11575 0.0762 
v -0.497952 0.100537 0.0762 
v -0.500799 0.0852302 0.0762 
v -0.503176 0.0698432 0.0762 
v -0.50508 0.0543907 0.0762 
v -0.506509 0.038887 0.0762 
v -0.507463 0.0233468 0.0762 
v -0.50794 0.00778472 0.0762 
v -0.50794 -0.00778472 0.0762 
v -0.507463 -0.0233468 0.0762 
v -0.506509 -0.038887 0.0762 
v -0.50508 -0.0543907 0.0762 
v -0.503176 -0.0698432 0.0762 
v -0.500799 -0.0852302 0.0762 
v -0.497952 -0.100537 0.0762 
v -0.494637 -0.11575 0.0762 
v -0.490858 -0.130853 0.0762 
v -0.486617 -0.145834 0.0762 
v -0.48192 -0.160678 0.0762 
v -0.476769 -0.175371 0.0762 
v -0.471171 -0.189899 0.0762 
v -0.465131 -0.204249 0.0762 
v -0.458653 -0.218407 0.0762 
v -0.451744 -0.23236 0.0762 
v -0.444412 -0.246094 0.0762 
v -0.436661 -0.259597 0.0762 
v -0.428501 -0.272857 0.0762 
v -0.419938 -0.28586 0.0762 
v -0.410981 -0.298595 0.0762 
v -0.401637 -0.311049 0.0762 
v -0.391917 -0.323211 0.0762 
v -0.381828 -0.33507 0.0762 
v -0.37138 -0.346613 0.0762 
v -0.360584 -0.357831 0.0762 
v -0.349449 -0.368713 0.0762 
v -0.337985 -0.379249 0.0762 
v -0.326205 -0.389428 0.0762 
v -0.314117 -0.399242 0.0762 
v -0.301735 -0.408681 0.0762 
v -0.28907 -0.417735 0.0762 
v -0.276132 -0.426398 0.0762 
v -0.262936 -0.434659 0.0762 
v -0.249492 -0.442513 0.0762 
v -0.235814 -0.449951 0.0762 
v -0.221915 -0.456966 0.0762 
v -0.207807 -0.463552 0.0762 
v -0.193504 -0.469702 0.0762 
v -0.179019 -0.475412 0.0762 
v -0.164366 -0.480674 0.0762 
v -0.149558 -0.485486 0.0762 
v -0.134611 -0.489841 0.0762 
v -0.119536 -0.493736 0.0762 
v -0.10435 -0.497167 0.0762 
v -0.089065 -0.500131 0.0762 
v -0.0736967 -0.502626 0.0762 
v -0.0582592 -0.504648 0.0762 
v -0.0427669 -0.506197 0.0762 
v -0.0272345 -0.507269 0.0762 
v -0.0116765 -0.507866 0.0762 
v 0.00389247 -0.507985 0.0762 
v 0.0194578 -0.507627 0.0762 
v 0.0350048 -0.506793 0.0762 
v 0.050519 -0.505482 0.0762 
v 0.0659857 -0.503696 0.0762 
v 0.0813904 -0.501438 0.0762 
v 0.0967187 -0.498708 0.0762 
v 0.111956 -0.49551 0.0762 
v 0.127088 -0.491846 0.0762 
v 0.142101 -0.48772 0.0762 
v 0.156981 -0.483137 0.0762 
v 0.171713 -0.478099 0.0762 
v 0.186283 -0.472612 0.0762 
v 0.200679 -0.466682 0.0762 
v 0.214886 -0.460313 0.0762 
v 0.228891 -0.453512 0.0762 
v 0.242682 -0.446284 0.0762 
v 0.256244 -0.438638 0.0762 
v 0.269566 -0.430579 0.0762 
v 0.282634 -0.422116 0.0762 
v 0.295437 -0.413257 0.0762 
v 0.307963 -0.404009 0.0762 
v 0.320199 -0.394382 0.0762 
v 0.332134 -0.384384 0.0762 
v 0.343757 -0.374025 0.0762 
v 0.355058 -0.363315 0.0762 
v 0.366025 -0.352264 0.0762 
v 0.376648 -0.340881 0.0762 
v 0.386918 -0.329179 0.0762 
v 0.396823 -0.317167 0.0762 
v 0.406357 -0.304858 0.0762 
v 0.415508 -0.292262 0.0762 
v 0.424269 -0.279391 0.0762 
v 0.432632 -0.266259 0.0762 
v 0.440588 -0.252876 0.0762 
v 0.448131 -0.239255 0.0762 
v 0.455252 -0.22541 0.0762 
v 0.461946 -0.211353 0.0762 
v 0.468206 -0.197097 0.0762 
v 0.474026 -0.182656 0.0762 
v 0.479401 -0.168044 0.0762 
v 0.484325 -0.153274 0.0762 
v 0.488795 -0.13836 0.0762 
v 0.492805 -0.123316 0.0762 
v 0.496353 -0.108156 0.0762 
v 0.499434 -0.0928946 0.0762 
v 0.502046 -0.0775458 0.0762 
v 0.504187 -0.0621243 0.0762 
v 0.505854 -0.0466443 0.0762 
v 0.507046 -0.0311206 0.0762 
v 0.507761 -0.0155676 0.0762 
v -0.112341 0.443183 0.0762 
v -0.126286 0.439413 0.0762 
v -0.113906 0.4086 0.0762 
v -0.140104 0.435204 0.0762 
v -0.127553 0.404548 0.0762 
v -0.490616 0.0983662 0.0762 
v -0.487395 0.113254 0.0762 
v -0.493383 0.0833877 0.0762 
v 0.212497 0.453018 0.0762 
v 0.198537 0.459307 0.0762 
v 0.170074 0.47059 0.0762 
v 0.155596 0.475573 0.0762 
v 0.111345 0.487834 0.0762 
v 0.0963675 0.491013 0.0762 
v 0.00206369 0.457195 0.0762 
v -0.00142372 0.424178 0.0762 
v 0.0128115 0.423986 0.0762 
v -0.0123807 0.457032 0.0762 
v -0.0156573 0.423891 0.0762 
v -0.0698907 0.451826 0.0762 
v -0.0841296 0.449393 0.0762 
v -0.0722556 0.417981 0.0762 
v -0.0982845 0.446511 0.0762 
v -0.10013 0.412192 0.0762 
v -0.153783 0.430561 0.0762 
v -0.167308 0.425488 0.0762 
v -0.154402 0.395081 0.0762 
v -0.180666 0.41999 0.0762 
v -0.167573 0.389677 0.0762 
v -0.291239 0.352436 0.0762 
v -0.302228 0.34306 0.0762 
v -0.275916 0.322179 0.0762 
v -0.495692 0.0683319 0.0762 
v -0.45242 -0.213768 0.0762 
v -0.445703 -0.227439 0.0762 
v 0.114867 0.309577 0.0762 
v 0.178261 0.316468 0.0762 
v 0.166956 0.322575 0.0762 
v 0.303937 0.397495 0.0762 
v 0.291633 0.406608 0.0762 
v 0.184392 0.465166 0.0762 
v 0.140973 0.480111 0.0762 
v 0.0812998 0.493731 0.0762 
v 0.016506 0.456902 0.0762 
v 0.0270323 0.423318 0.0762 
v -0.0268127 0.456413 0.0762 
v -0.0298733 0.423127 0.0762 
v -0.041218 0.455338 0.0762 
v -0.0440557 0.421886 0.0762 
v -0.0555821 0.453809 0.0762 
v -0.0581884 0.42017 0.0762 
v -0.141057 0.400039 0.0762 
v -0.193844 0.414073 0.0762 
v -0.180556 0.383834 0.0762 
v -0.264949 0.331257 0.0762 
v -0.27996 0.361461 0.0762 
v -0.312915 0.333341 0.0762 
v -0.286572 0.312738 0.0762 
v -0.445703 0.227439 0.0762 
v -0.438574 0.2409 0.0762 
v -0.45242 0.213768 0.0762 
v -0.475035 0.157231 0.0762 
v -0.470029 0.171617 0.0762 
v -0.479601 0.1427 0.0762 
v -0.497543 0.0532128 0.0762 
v -0.498932 0.0380444 0.0762 
v -0.499858 0.0228408 0.0762 
v -0.500322 0.00761594 0.0762 
v -0.500322 -0.00761594 0.0762 
v -0.475035 -0.157231 0.0762 
v -0.470029 -0.171617 0.0762 
v -0.438574 -0.2409 0.0762 
v -0.215583 -0.451557 0.0762 
v -0.229434 -0.44468 0.0762 
v -0.201526 -0.458004 0.0762 
v -0.158255 -0.474695 0.0762 
v -0.172849 -0.469578 0.0762 
v -0.143511 -0.479359 0.0762 
v 0.465027 -0.184743 0.0762 
v 0.470514 -0.170285 0.0762 
v 0.189343 0.309964 0.0762 
v 0.256835 0.256835 0.0762 
v 0.221114 0.288162 0.0762 
v 0.400575 0.299867 0.0762 
v 0.391213 0.311982 0.0762 
v 0.279056 0.415341 0.0762 
v 0.266218 0.423684 0.0762 
v 0.253131 0.43163 0.0762 
v 0.126218 0.484199 0.0762 
v -0.0862414 0.41532 0.0762 
v -0.256575 0.378419 0.0762 
v -0.242132 0.348283 0.0762 
v -0.230308 0.356212 0.0762 
v -0.268401 0.370125 0.0762 
v -0.253683 0.339961 0.0762 
v -0.458716 0.199899 0.0762 
v -0.464588 0.185844 0.0762 
v -0.483722 0.128036 0.0762 
v -0.499858 -0.0228408 0.0762 
v -0.464588 -0.185844 0.0762 
v -0.458716 -0.199899 0.0762 
v -0.247075 -0.344793 0.0762 
v -0.258224 -0.336525 0.0762 
v -0.273021 -0.366731 0.0762 
v -0.187277 -0.464012 0.0762 
v 0.101186 -0.490042 0.0762 
v 0.085994 -0.492935 0.0762 
v 0.116281 -0.486682 0.0762 
v 0.297345 -0.40245 0.0762 
v 0.309639 -0.393069 0.0762 
v 0.344703 -0.362712 0.0762 
v 0.355747 -0.351887 0.0762 
v 0.376805 -0.329239 0.0762 
v 0.386799 -0.317438 0.0762 
v 0.475551 -0.155664 0.0762 
v 0.480134 -0.140894 0.0762 
v 0.484259 -0.12599 0.0762 
v 0.155442 0.328278 0.0762 
v 0.210783 0.295803 0.0762 
v 0.441596 0.235315 0.0762 
v 0.43419 0.248715 0.0762 
v 0.381485 0.323805 0.0762 
v 0.371399 0.335325 0.0762 
v 0.360966 0.346531 0.0762 
v 0.239807 0.439173 0.0762 
v 0.226258 0.446304 0.0762 
v 0.066156 0.495987 0.0762 
v 0.0509502 0.497779 0.0762 
v 0.00510378 0.500354 0.0762 
v -0.010207 0.500276 0.0762 
v -0.0863315 0.492876 0.0762 
v -0.101371 0.490004 0.0762 
v -0.13115 0.482887 0.0762 
v -0.145863 0.478648 0.0762 
v -0.189127 0.463261 0.0762 
v -0.203212 0.457258 0.0762 
v -0.353822 0.353822 0.0762 
v -0.362721 0.278326 0.0762 
v -0.373589 0.200898 0.0762 
v -0.366637 0.213322 0.0762 
v 0.0309319 0.456152 0.0762 
v 0.0412227 0.422172 0.0762 
v -0.232165 0.393867 0.0762 
v -0.218225 0.36374 0.0762 
v -0.205896 0.370858 0.0762 
v -0.244492 0.386336 0.0762 
v -0.498932 -0.0380444 0.0762 
v -0.497543 -0.0532128 0.0762 
v -0.495692 -0.0683319 0.0762 
v -0.493383 -0.0833877 0.0762 
v -0.490616 -0.0983662 0.0762 
v -0.487395 -0.113254 0.0762 
v -0.483722 -0.128036 0.0762 
v -0.479601 -0.1427 0.0762 
v -0.283572 -0.358635 0.0762 
v -0.235662 -0.352693 0.0762 
v -0.262239 -0.374516 0.0762 
v -0.223996 -0.360215 0.0762 
v -0.251236 -0.381985 0.0762 
v -0.21209 -0.367351 0.0762 
v -0.240019 -0.389131 0.0762 
v -0.243066 -0.437377 0.0762 
v -0.256466 -0.429657 0.0762 
v 0.0707203 -0.495357 0.0762 
v 0.321638 -0.383313 0.0762 
v 0.33333 -0.373191 0.0762 
v 0.366451 -0.340726 0.0762 
v 0.396424 -0.305333 0.0762 
v 0.40567 -0.292937 0.0762 
v 0.452726 -0.213117 0.0762 
v 0.459096 -0.199025 0.0762 
v 0.491117 -0.0958342 0.0762 
v 0.493844 -0.0806119 0.0762 
v 0.442672 0.114341 0.0762 
v 0.409726 0.109786 0.0762 
v 0.413099 0.0963212 0.0762 
v 0.438838 0.128268 0.0762 
v 0.405915 0.123133 0.0762 
v 0.413194 0.195711 0.0762 
v 0.380435 0.18761 0.0762 
v 0.38637 0.175062 0.0762 
v 0.143733 0.333571 0.0762 
v 0.200189 0.303073 0.0762 
v 0.119791 0.342898 0.0762 
v 0.103211 0.313655 0.0762 
v 0.461308 0.193842 0.0762 
v 0.455162 0.207865 0.0762 
v 0.448589 0.221694 0.0762 
v 0.0356967 0.499105 0.0762 
v 0.0204098 0.499964 0.0762 
v -0.0255083 0.499729 0.0762 
v -0.0712115 0.495287 0.0762 
v -0.116315 0.486673 0.0762 
v -0.160439 0.473961 0.0762 
v -0.174865 0.468831 0.0762 
v -0.217107 0.450827 0.0762 
v -0.307975 0.394375 0.0762 
v -0.319897 0.384767 0.0762 
v -0.342831 0.364482 0.0762 
v -0.38012 0.188248 0.0762 
v -0.206829 0.407742 0.0762 
v -0.193334 0.377559 0.0762 
v -0.219606 0.401005 0.0762 
v -0.323289 0.323289 0.0762 
v -0.296905 0.302945 0.0762 
v -0.316557 0.282347 0.0762 
v -0.306904 0.292811 0.0762 
v -0.431039 -0.254137 0.0762 
v -0.423104 -0.267139 0.0762 
v -0.414777 -0.279893 0.0762 
v -0.406066 -0.292388 0.0762 
v -0.279681 -0.318915 0.0762 
v -0.303945 -0.34154 0.0762 
v -0.293882 -0.350236 0.0762 
v -0.269097 -0.327896 0.0762 
v -0.2286 -0.395947 0.0762 
v -0.342719 -0.364587 0.0762 
v -0.353822 -0.353822 0.0762 
v -0.295145 -0.404066 0.0762 
v -0.307491 -0.394752 0.0762 
v -0.282518 -0.412994 0.0762 
v -0.269621 -0.421527 0.0762 
v -0.128629 -0.483565 0.0762 
v -0.113624 -0.487309 0.0762 
v -0.0985114 -0.490587 0.0762 
v -0.0833042 -0.493397 0.0762 
v 0.131264 -0.482856 0.0762 
v 0.146123 -0.478569 0.0762 
v 0.160842 -0.473825 0.0762 
v 0.245448 -0.436045 0.0762 
v 0.231856 -0.443422 0.0762 
v 0.258806 -0.428252 0.0762 
v 0.284766 -0.411447 0.0762 
v 0.271916 -0.42005 0.0762 
v 0.487921 -0.110965 0.0762 
v 0.446063 0.100299 0.0762 
v 0.41603 0.0827534 0.0762 
v 0.429862 0.155725 0.0762 
v 0.396993 0.149417 0.0762 
v 0.401669 0.136348 0.0762 
v 0.424728 0.169227 0.0762 
v 0.391891 0.162327 0.0762 
v 0.41917 0.18256 0.0762 
v 0.392815 0.233941 0.0762 
v 0.385229 0.246233 0.0762 
v 0.360215 0.223996 0.0762 
v 0.377257 0.25828 0.0762 
v 0.352693 0.235662 0.0762 
v 0.36891 0.270069 0.0762 
v 0.344793 0.247075 0.0762 
v 0.360194 0.281589 0.0762 
v 0.336525 0.258224 0.0762 
v 0.131844 0.338446 0.0762 
v 0.0827915 0.353659 0.0762 
v 0.0702304 0.356366 0.0762 
v 0.067444 0.323239 0.0762 
v 0.0575815 0.358627 0.0762 
v 0.0553106 0.325535 0.0762 
v -0.119791 0.342898 0.0762 
v -0.131844 0.338446 0.0762 
v -0.114867 0.309577 0.0762 
v 0.499443 0.0306041 0.0762 
v 0.498273 0.0458703 0.0762 
v 0.488945 0.106363 0.0762 
v 0.485462 0.121273 0.0762 
v 0.4723 0.165265 0.0762 
v 0.467023 0.179638 0.0762 
v 0.426377 0.261883 0.0762 
v 0.418165 0.274805 0.0762 
v 0.409562 0.287471 0.0762 
v 0.350195 0.357413 0.0762 
v 0.339096 0.36796 0.0762 
v -0.230798 0.443973 0.0762 
v -0.244274 0.436704 0.0762 
v -0.295765 0.403613 0.0762 
v -0.331519 0.3748 0.0762 
v -0.386223 0.175386 0.0762 
v -0.406066 0.292388 0.0762 
v -0.396978 0.304612 0.0762 
v -0.431039 0.254137 0.0762 
v -0.423104 0.267139 0.0762 
v -0.396978 -0.304612 0.0762 
v -0.299941 -0.299941 0.0762 
v -0.323289 -0.323289 0.0762 
v -0.31375 -0.332555 0.0762 
v -0.289966 -0.309594 0.0762 
v -0.331289 -0.375003 0.0762 
v -0.0680175 -0.495736 0.0762 
v -0.0526658 -0.497601 0.0762 
v -0.0372638 -0.498991 0.0762 
v 0.00909666 -0.500297 0.0762 
v -0.00636784 -0.500339 0.0762 
v 0.0245525 -0.499777 0.0762 
v 0.175407 -0.468628 0.0762 
v 0.189805 -0.462984 0.0762 
v 0.204021 -0.456898 0.0762 
v 0.218043 -0.450375 0.0762 
v 0.438697 -0.240677 0.0762 
v 0.445924 -0.227006 0.0762 
v 0.456972 0.0144435 0.0762 
v 0.423953 0.0138788 0.0762 
v 0.42418 2.40321e-16 0.0762 
v 0.456287 0.0288726 0.0762 
v 0.423272 0.0277427 0.0762 
v 0.434567 0.142067 0.0762 
v 0.406805 0.208667 0.0762 
v 0.400009 0.221414 0.0762 
v 0.374093 0.199957 0.0762 
v 0.367351 0.21209 0.0762 
v 0.299941 0.299941 0.0762 
v 0.321827 0.324745 0.0762 
v 0.311407 0.33475 0.0762 
v 0.331925 0.314416 0.0762 
v 0.107587 0.34692 0.0762 
v 0.0952489 0.350509 0.0762 
v 0.0914111 0.317295 0.0762 
v 0.0794831 0.320491 0.0762 
v 0.0448605 0.360439 0.0762 
v 0.0320834 0.3618 0.0762 
v 0.0308287 0.328758 0.0762 
v 0.0192661 0.362709 0.0762 
v 0.0185145 0.329681 0.0762 
v -0.0320834 0.3618 0.0762 
v -0.0308287 0.328758 0.0762 
v -0.0185145 0.329681 0.0762 
v -0.0448605 0.360439 0.0762 
v -0.0430997 0.327375 0.0762 
v -0.103211 0.313655 0.0762 
v -0.107587 0.34692 0.0762 
v -0.143733 0.333571 0.0762 
v -0.126362 0.305065 0.0762 
v -0.314558 0.18161 0.0762 
v -0.288999 0.159724 0.0762 
v -0.282824 0.170418 0.0762 
v -0.453889 0.0549266 0.0762 
v -0.45539 0.0406425 0.0762 
v -0.422137 0.0415769 0.0762 
v -0.456442 0.0263183 0.0762 
v -0.423272 0.0277427 0.0762 
v 0.496636 0.0610936 0.0762 
v 0.494535 0.0762596 0.0762 
v 0.49197 0.0913543 0.0762 
v 0.481524 0.136069 0.0762 
v 0.477136 0.150738 0.0762 
v -0.0407856 0.498715 0.0762 
v -0.0560248 0.497234 0.0762 
v -0.25752 0.429026 0.0762 
v -0.270526 0.420946 0.0762 
v -0.283278 0.412473 0.0762 
v -0.334784 0.260478 0.0762 
v -0.325854 0.271565 0.0762 
v -0.359272 0.225505 0.0762 
v -0.351502 0.237434 0.0762 
v -0.391891 0.162327 0.0762 
v -0.414777 0.279893 0.0762 
v -0.309594 -0.289966 0.0762 
v -0.327896 -0.269097 0.0762 
v -0.336525 -0.258224 0.0762 
v -0.319543 -0.385062 0.0762 
v 0.0399849 -0.49878 0.0762 
v 0.055379 -0.497306 0.0762 
v 0.414528 -0.280261 0.0762 
v 0.422991 -0.267318 0.0762 
v 0.43105 -0.254119 0.0762 
v 0.496099 -0.0653127 0.0762 
v 0.4572 0 0.0762 
v 0.423953 -0.0138788 0.0762 
v 0.455148 0.0432729 0.0762 
v 0.422137 0.0415769 0.0762 
v 0.453553 0.0576299 0.0762 
v 0.420551 0.0553666 0.0762 
v 0.451506 0.0719295 0.0762 
v 0.418514 0.069097 0.0762 
v 0.449009 0.0861572 0.0762 
v 0.351118 0.292827 0.0762 
v 0.327896 0.269097 0.0762 
v 0.341692 0.303773 0.0762 
v 0.318915 0.279681 0.0762 
v 0.309594 0.289966 0.0762 
v 0.0430997 0.327375 0.0762 
v 0.00642472 0.363163 0.0762 
v 0.00617437 0.330142 0.0762 
v -0.00642472 0.363163 0.0762 
v -0.00617437 0.330142 0.0762 
v -0.0575815 0.358627 0.0762 
v -0.0553106 0.325535 0.0762 
v -0.155442 0.328278 0.0762 
v -0.13768 0.300127 0.0762 
v -0.166956 0.322575 0.0762 
v -0.148806 0.294769 0.0762 
v -0.178261 0.316468 0.0762 
v -0.159724 0.288999 0.0762 
v -0.387304 0.242955 0.0762 
v -0.394744 0.23067 0.0762 
v -0.371285 0.266795 0.0762 
v -0.379482 0.255001 0.0762 
v -0.308447 0.191805 0.0762 
v -0.294769 0.148806 0.0762 
v -0.320331 0.171221 0.0762 
v -0.451939 0.0691564 0.0762 
v -0.420551 0.0553666 0.0762 
v 0.500146 0.0153092 0.0762 
v 0.327679 0.378162 0.0762 
v 0.315956 0.38801 0.0762 
v -0.343336 0.249096 0.0762 
v -0.318915 -0.279681 0.0762 
v 0.300676 0.344421 0.0762 
v 0.50038 0 0.0762 
v -0.0192661 0.362709 0.0762 
v -0.0702304 0.356366 0.0762 
v -0.067444 0.323239 0.0762 
v -0.0952489 0.350509 0.0762 
v -0.0914111 0.317295 0.0762 
v -0.0794831 0.320491 0.0762 
v -0.189343 0.309964 0.0762 
v -0.170418 0.282824 0.0762 
v -0.200189 0.303073 0.0762 
v -0.180874 0.276254 0.0762 
v -0.210783 0.295803 0.0762 
v -0.191077 0.269298 0.0762 
v -0.221114 0.288162 0.0762 
v -0.201013 0.261965 0.0762 
v 0.246211 0.220028 0.0762 
v 0.273083 0.239488 0.0762 
v 0.265101 0.248294 0.0762 
v 0.22908 0.237812 0.0762 
v 0.237812 0.22908 0.0762 
v -0.325762 0.160648 0.0762 
v -0.300127 0.13768 0.0762 
v -0.305065 0.126362 0.0762 
v -0.330844 0.149903 0.0762 
v -0.457043 0.0119681 0.0762 
v -0.423953 0.0138788 0.0762 
v -0.457194 -0.00239388 0.0762 
v -0.42418 -1.03894e-16 0.0762 
v -0.456893 -0.0167535 0.0762 
v -0.423953 -0.0138788 0.0762 
v 0.0453268 0.454948 0.0762 
v 0.0553666 0.420551 0.0762 
v -0.0218263 -0.499904 0.0762 
v 0.423272 -0.0277427 0.0762 
v 0.422137 -0.0415769 0.0762 
v 0.420551 -0.0553666 0.0762 
v -0.0827915 0.353659 0.0762 
v 0.210668 0.254266 0.0762 
v 0.220028 0.246211 0.0762 
v 0.191077 0.269298 0.0762 
v 0.201013 0.261965 0.0762 
v -0.323239 0.067444 0.0762 
v -0.320491 0.0794831 0.0762 
v -0.353732 0.0824786 0.0762 
v -0.325535 0.0553106 0.0762 
v -0.356241 0.0708607 0.0762 
v -0.414701 0.192498 0.0762 
v -0.420542 0.179377 0.0762 
v -0.401795 0.218157 0.0762 
v -0.408449 0.205429 0.0762 
v -0.409726 0.109786 0.0762 
v -0.350844 0.0940083 0.0762 
v -0.269298 0.191077 0.0762 
v -0.295242 0.211568 0.0762 
v -0.302006 0.201794 0.0762 
v -0.276254 0.180874 0.0762 
v -0.335572 0.138998 0.0762 
v -0.309577 0.114867 0.0762 
v -0.456141 -0.0310966 0.0762 
v -0.423272 -0.0277427 0.0762 
v -0.454939 -0.045409 0.0762 
v -0.422137 -0.0415769 0.0762 
v 0.261965 0.201013 0.0762 
v 0.288162 0.221114 0.0762 
v 0.280773 0.230424 0.0762 
v 0.254266 0.210668 0.0762 
v 0.180874 0.276254 0.0762 
v 0.13768 0.300127 0.0762 
v 0.148806 0.294769 0.0762 
v 0.126362 0.305065 0.0762 
v -0.358369 0.0591669 0.0762 
v -0.425969 0.166078 0.0762 
v -0.446705 0.0973975 0.0762 
v -0.449544 0.0833181 0.0762 
v -0.41603 0.0827534 0.0762 
v -0.418514 0.069097 0.0762 
v 0.0596766 0.453289 0.0762 
v 0.159724 0.288999 0.0762 
v 0.170418 0.282824 0.0762 
v -0.327375 0.0430997 0.0762 
v -0.261965 0.201013 0.0762 
v -0.288162 0.221114 0.0762 
v -0.443425 0.111381 0.0762 
v -0.413099 0.0963212 0.0762 
v -0.435557 0.139004 0.0762 
v -0.439708 0.125254 0.0762 
v 0.289646 0.353747 0.0762 
v -0.317295 0.0914111 0.0762 
v -0.313655 0.103211 0.0762 
v -0.360113 0.0474097 0.0762 
v -0.430976 0.152616 0.0762 
v -0.453289 -0.0596766 0.0762 
v -0.420551 -0.0553666 0.0762 
v 0.278326 0.362721 0.0762 
v -0.342719 -0.364587 0 
v -0.353822 -0.353822 0 
v -0.331289 -0.375003 0 
v -0.319543 -0.385062 0 
v -0.307491 -0.394752 0 
v -0.295145 -0.404066 0 
v -0.282518 -0.412994 0 
v -0.275247 -0.417804 0 
v -0.269621 -0.421527 0 
v -0.256466 -0.429657 0 
v -0.243066 -0.437377 0 
v -0.229434 -0.44468 0 
v -0.215583 -0.451557 0 
v -0.201526 -0.458004 0 
v -0.187277 -0.464012 0 
v -0.172849 -0.469578 0 
v -0.158255 -0.474695 0 
v -0.145309 -0.47879 0 
v -0.143511 -0.479359 0 
v -0.128629 -0.483565 0 
v -0.136252 -0.48141 0 
v -0.113624 -0.487309 0 
v -0.0985114 -0.490587 0 
v -0.0833042 -0.493397 0 
v -0.0680175 -0.495736 0 
v -0.0526658 -0.497601 0 
v -0.0372638 -0.498991 0 
v -0.0218263 -0.499904 0 
v -0.00636784 -0.500339 0 
v 0.00909666 -0.500297 0 
v 0.0245525 -0.499777 0 
v 0.0399849 -0.49878 0 
v 0.055379 -0.497306 0 
v 0.0707203 -0.495357 0 
v 0.085994 -0.492935 0 
v 0.101186 -0.490042 0 
v 0.116281 -0.486682 0 
v 0.131264 -0.482856 0 
v 0.145357 -0.47879 0 
v 0.146123 -0.478569 0 
v 0.160842 -0.473825 0 
v 0.175407 -0.468628 0 
v 0.18333 -0.465522 0 
v 0.189805 -0.462984 0 
v 0.204021 -0.456898 0 
v 0.218043 -0.450375 0 
v 0.231856 -0.443422 0 
v 0.245448 -0.436045 0 
v 0.258806 -0.428252 0 
v 0.271916 -0.42005 0 
v 0.284766 -0.411447 0 
v 0.297345 -0.40245 0 
v 0.309639 -0.393069 0 
v 0.321638 -0.383313 0 
v 0.33333 -0.373191 0 
v 0.344703 -0.362712 0 
v 0.355747 -0.351887 0 
v 0.366451 -0.340726 0 
v 0.376805 -0.329239 0 
v 0.386799 -0.317438 0 
v 0.392809 -0.309879 0 
v 0.39268 -0.310042 0 
v 0.396424 -0.305333 0 
v 0.40567 -0.292937 0 
v 0.414528 -0.280261 0 
v 0.422991 -0.267318 0 
v 0.43105 -0.254119 0 
v 0.438697 -0.240677 0 
v 0.445924 -0.227006 0 
v 0.452726 -0.213117 0 
v 0.447632 -0.22352 0 
v 0.459096 -0.199025 0 
v 0.465027 -0.184743 0 
v 0.470514 -0.170285 0 
v 0.475551 -0.155664 0 
v 0.480134 -0.140894 0 
v 0.484259 -0.12599 0 
v 0.487921 -0.110965 0 
v 0.491117 -0.0958342 0 
v 0.493844 -0.0806119 0 
v 0.496099 -0.0653127 0 
v 0.500146 0.0153092 0 
v 0.50038 0 0 
v 0.499443 0.0306041 0 
v 0.498273 0.0458703 0 
v 0.497339 0.0545605 0 
v 0.496636 0.0610936 0 
v 0.494535 0.0762596 0 
v 0.496184 0.0643603 0 
v 0.49197 0.0913543 0 
v 0.488945 0.106363 0 
v 0.485462 0.121273 0 
v 0.481524 0.136069 0 
v 0.477136 0.150738 0 
v 0.4723 0.165265 0 
v 0.467023 0.179638 0 
v 0.461308 0.193842 0 
v 0.456205 0.205484 0 
v 0.455162 0.207865 0 
v 0.448589 0.221694 0 
v 0.441596 0.235315 0 
v 0.43419 0.248715 0 
v 0.426377 0.261883 0 
v 0.418165 0.274805 0 
v 0.409562 0.287471 0 
v 0.400575 0.299867 0 
v 0.392809 0.309916 0 
v 0.391213 0.311982 0 
v 0.381485 0.323805 0 
v 0.371399 0.335325 0 
v 0.360966 0.346531 0 
v 0.350195 0.357413 0 
v 0.339096 0.36796 0 
v 0.327679 0.378162 0 
v 0.315956 0.38801 0 
v 0.303937 0.397495 0 
v 0.291633 0.406608 0 
v 0.279056 0.415341 0 
v 0.266218 0.423684 0 
v 0.253131 0.43163 0 
v 0.239807 0.439173 0 
v 0.226258 0.446304 0 
v 0.212497 0.453018 0 
v 0.198537 0.459307 0 
v 0.184392 0.465166 0 
v 0.170074 0.47059 0 
v 0.18333 0.465569 0 
v 0.155596 0.475573 0 
v 0.140973 0.480111 0 
v 0.126218 0.484199 0 
v 0.111345 0.487834 0 
v 0.0963675 0.491013 0 
v 0.0812998 0.493731 0 
v 0.066156 0.495987 0 
v 0.0509502 0.497779 0 
v 0.0356967 0.499105 0 
v 0.0204098 0.499964 0 
v 0.00510378 0.500354 0 
v -0.010207 0.500276 0 
v -0.0255083 0.499729 0 
v -0.0407856 0.498715 0 
v -0.0560248 0.497234 0 
v -0.0712115 0.495287 0 
v -0.0863315 0.492876 0 
v -0.101371 0.490004 0 
v -0.116315 0.486673 0 
v -0.13115 0.482887 0 
v -0.145863 0.478648 0 
v -0.136252 0.481417 0 
v -0.160439 0.473961 0 
v -0.174865 0.468831 0 
v -0.189127 0.463261 0 
v -0.203212 0.457258 0 
v -0.217107 0.450827 0 
v -0.230798 0.443973 0 
v -0.244274 0.436704 0 
v -0.25752 0.429026 0 
v -0.270526 0.420946 0 
v -0.283278 0.412473 0 
v -0.275247 0.417809 0 
v -0.295765 0.403613 0 
v -0.307975 0.394375 0 
v -0.319897 0.384767 0 
v -0.331519 0.3748 0 
v -0.342831 0.364482 0 
v -0.353822 0.353822 0 
v -0.406066 0.292388 0 
v -0.396978 0.304612 0 
v -0.414777 0.279893 0 
v -0.423104 0.267139 0 
v -0.431039 0.254137 0 
v -0.438574 0.2409 0 
v -0.445703 0.227439 0 
v -0.45242 0.213768 0 
v -0.45618 0.205484 0 
v -0.458716 0.199899 0 
v -0.464588 0.185844 0 
v -0.470029 0.171617 0 
v -0.475035 0.157231 0 
v -0.479601 0.1427 0 
v -0.483722 0.128036 0 
v -0.487395 0.113254 0 
v -0.490616 0.0983662 0 
v -0.493383 0.0833877 0 
v -0.495692 0.0683319 0 
v -0.497378 0.0545605 0 
v -0.496178 0.0643603 0 
v -0.497543 0.0532128 0 
v -0.498932 0.0380444 0 
v -0.499858 0.0228408 0 
v -0.500322 0.00761594 0 
v -0.500322 -0.00761594 0 
v -0.499858 -0.0228408 0 
v -0.498932 -0.0380444 0 
v -0.497543 -0.0532128 0 
v -0.495692 -0.0683319 0 
v -0.493383 -0.0833877 0 
v -0.490616 -0.0983662 0 
v -0.487395 -0.113254 0 
v -0.483722 -0.128036 0 
v -0.479601 -0.1427 0 
v -0.475035 -0.157231 0 
v -0.470029 -0.171617 0 
v -0.464588 -0.185844 0 
v -0.458716 -0.199899 0 
v -0.45242 -0.213768 0 
v -0.447629 -0.22352 0 
v -0.445703 -0.227439 0 
v -0.438574 -0.2409 0 
v -0.431039 -0.254137 0 
v -0.423104 -0.267139 0 
v -0.414777 -0.279893 0 
v -0.406066 -0.292388 0 
v -0.396978 -0.304612 0 
v 0.278326 0.362721 0 
v 0.289646 0.353747 0 
v 0.300676 0.344421 0 
v 0.311407 0.33475 0 
v 0.321827 0.324745 0 
v 0.331925 0.314416 0 
v 0.341692 0.303773 0 
v 0.351118 0.292827 0 
v 0.360194 0.281589 0 
v 0.36891 0.270069 0 
v 0.377257 0.25828 0 
v 0.392815 0.233941 0 
v 0.392809 0.233951 0 
v 0.400009 0.221414 0 
v 0.413194 0.195711 0 
v 0.408374 0.205484 0 
v 0.41917 0.18256 0 
v 0.424728 0.169227 0 
v 0.429862 0.155725 0 
v 0.434567 0.142067 0 
v 0.438838 0.128268 0 
v 0.442672 0.114341 0 
v 0.446063 0.100299 0 
v 0.449009 0.0861572 0 
v 0.45259 0.0643603 0 
v 0.453553 0.0576299 0 
v 0.455148 0.0432729 0 
v 0.453894 0.0545605 0 
v 0.456287 0.0288726 0 
v 0.456972 0.0144435 0 
v 0.4572 0 0 
v 0.451506 0.0719295 0 
v 0.406805 0.208667 0 
v 0.385229 0.246233 0 
v -0.2286 -0.395947 0 
v -0.240019 -0.389131 0 
v -0.251236 -0.381985 0 
v -0.262239 -0.374516 0 
v -0.283572 -0.358635 0 
v -0.275247 -0.365023 0 
v -0.293882 -0.350236 0 
v -0.303945 -0.34154 0 
v -0.31375 -0.332555 0 
v -0.323289 -0.323289 0 
v -0.273021 -0.366731 0 
v -0.453289 -0.0596766 0 
v -0.454939 -0.045409 0 
v -0.456141 -0.0310966 0 
v -0.456893 -0.0167535 0 
v -0.457194 -0.00239388 0 
v -0.457043 0.0119681 0 
v -0.456442 0.0263183 0 
v -0.453889 0.0549266 0 
v -0.453927 0.0545605 0 
v -0.452596 0.0643603 0 
v -0.451939 0.0691564 0 
v -0.449544 0.0833181 0 
v -0.446705 0.0973975 0 
v -0.443425 0.111381 0 
v -0.439708 0.125254 0 
v -0.435557 0.139004 0 
v -0.430976 0.152616 0 
v -0.425969 0.166078 0 
v -0.420542 0.179377 0 
v -0.414701 0.192498 0 
v -0.401795 0.218157 0 
v -0.40842 0.205484 0 
v -0.394744 0.23067 0 
v -0.387304 0.242955 0 
v -0.379482 0.255001 0 
v -0.371285 0.266795 0 
v -0.362721 0.278326 0 
v -0.408449 0.205429 0 
v -0.45539 0.0406425 0 
v 0.256835 0.256835 0 
v 0.265101 0.248294 0 
v 0.273083 0.239488 0 
v 0.280773 0.230424 0 
v 0.288162 0.221114 0 
v -0.335572 0.138998 0 
v -0.330844 0.149903 0 
v -0.325762 0.160648 0 
v -0.320331 0.171221 0 
v -0.314558 0.18161 0 
v -0.308447 0.191805 0 
v -0.295242 0.211568 0 
v -0.299452 0.205484 0 
v -0.288162 0.221114 0 
v -0.302006 0.201794 0 
v 0.422137 -0.0415769 0 
v 0.420551 -0.0553666 0 
v 0.423272 -0.0277427 0 
v 0.423953 -0.0138788 0 
v 0.42418 2.40321e-16 0 
v 0.423953 0.0138788 0 
v 0.423272 0.0277427 0 
v 0.422137 0.0415769 0 
v 0.420644 0.0545605 0 
v 0.420551 0.0553666 0 
v 0.419217 0.0643603 0 
v 0.418514 0.069097 0 
v 0.41603 0.0827534 0 
v 0.413099 0.0963212 0 
v 0.409726 0.109786 0 
v 0.405915 0.123133 0 
v 0.401669 0.136348 0 
v 0.396993 0.149417 0 
v 0.392809 0.160005 0 
v 0.391891 0.162327 0 
v 0.38637 0.175062 0 
v 0.380435 0.18761 0 
v 0.374093 0.199957 0 
v 0.367351 0.21209 0 
v 0.371022 0.205484 0 
v 0.360215 0.223996 0 
v 0.352693 0.235662 0 
v 0.344793 0.247075 0 
v 0.336525 0.258224 0 
v 0.327896 0.269097 0 
v 0.318915 0.279681 0 
v 0.309594 0.289966 0 
v 0.299941 0.299941 0 
v 0.0412227 0.422172 0 
v 0.0553666 0.420551 0 
v 0.0270323 0.423318 0 
v 0.0128115 0.423986 0 
v -0.00142372 0.424178 0 
v -0.0156573 0.423891 0 
v -0.0298733 0.423127 0 
v -0.0440557 0.421886 0 
v -0.0581884 0.42017 0 
v -0.0722556 0.417981 0 
v -0.0862414 0.41532 0 
v -0.10013 0.412192 0 
v -0.113906 0.4086 0 
v -0.127553 0.404548 0 
v -0.136252 0.401644 0 
v -0.141057 0.400039 0 
v -0.154402 0.395081 0 
v -0.167573 0.389677 0 
v -0.180556 0.383834 0 
v -0.193334 0.377559 0 
v -0.205896 0.370858 0 
v -0.218225 0.36374 0 
v -0.230308 0.356212 0 
v -0.242132 0.348283 0 
v -0.253683 0.339961 0 
v -0.264949 0.331257 0 
v -0.275247 0.322732 0 
v -0.275916 0.322179 0 
v -0.286572 0.312738 0 
v -0.296905 0.302945 0 
v -0.306904 0.292811 0 
v -0.316557 0.282347 0 
v -0.325854 0.271565 0 
v -0.334784 0.260478 0 
v -0.343336 0.249096 0 
v -0.351502 0.237434 0 
v -0.359272 0.225505 0 
v -0.366637 0.213322 0 
v -0.371022 0.205484 0 
v -0.373589 0.200898 0 
v -0.38012 0.188248 0 
v -0.386223 0.175386 0 
v -0.391891 0.162327 0 
v -0.221114 0.288162 0 
v -0.201013 0.261965 0 
v 0.254266 0.210668 0 
v 0.2584 0.205484 0 
v 0.246211 0.220028 0 
v 0.237812 0.22908 0 
v 0.22908 0.237812 0 
v 0.220028 0.246211 0 
v 0.210668 0.254266 0 
v 0.201013 0.261965 0 
v 0.191077 0.269298 0 
v 0.18333 0.27458 0 
v 0.180874 0.276254 0 
v 0.170418 0.282824 0 
v 0.159724 0.288999 0 
v 0.148806 0.294769 0 
v 0.13768 0.300127 0 
v 0.126362 0.305065 0 
v 0.114867 0.309577 0 
v 0.103211 0.313655 0 
v 0.0914111 0.317295 0 
v 0.0794831 0.320491 0 
v 0.067444 0.323239 0 
v 0.0553106 0.325535 0 
v 0.0430997 0.327375 0 
v 0.0308287 0.328758 0 
v 0.0185145 0.329681 0 
v 0.00617437 0.330142 0 
v -0.00617437 0.330142 0 
v -0.0185145 0.329681 0 
v -0.0308287 0.328758 0 
v -0.0430997 0.327375 0 
v -0.0553106 0.325535 0 
v -0.067444 0.323239 0 
v -0.0794831 0.320491 0 
v -0.0914111 0.317295 0 
v -0.103211 0.313655 0 
v -0.114867 0.309577 0 
v -0.126362 0.305065 0 
v -0.136252 0.30075 0 
v -0.13768 0.300127 0 
v -0.148806 0.294769 0 
v -0.159724 0.288999 0 
v -0.170418 0.282824 0 
v -0.180874 0.276254 0 
v -0.191077 0.269298 0 
v 0.261965 0.201013 0 
v 0.267792 0.205484 0 
v -0.210783 0.295803 0 
v -0.200189 0.303073 0 
v -0.189343 0.309964 0 
v -0.178261 0.316468 0 
v -0.166956 0.322575 0 
v -0.155442 0.328278 0 
v -0.136252 0.336639 0 
v -0.131844 0.338446 0 
v -0.119791 0.342898 0 
v -0.107587 0.34692 0 
v -0.0952489 0.350509 0 
v -0.0827915 0.353659 0 
v -0.0702304 0.356366 0 
v -0.0575815 0.358627 0 
v -0.0448605 0.360439 0 
v -0.0320834 0.3618 0 
v -0.0192661 0.362709 0 
v -0.00642472 0.363163 0 
v 0.00642472 0.363163 0 
v 0.0192661 0.362709 0 
v 0.0320834 0.3618 0 
v 0.0448605 0.360439 0 
v 0.0575815 0.358627 0 
v 0.0702304 0.356366 0 
v 0.0827915 0.353659 0 
v 0.0952489 0.350509 0 
v 0.107587 0.34692 0 
v 0.119791 0.342898 0 
v 0.131844 0.338446 0 
v 0.143733 0.333571 0 
v 0.155442 0.328278 0 
v 0.166956 0.322575 0 
v 0.189343 0.309964 0 
v 0.18333 0.313493 0 
v 0.200189 0.303073 0 
v 0.210783 0.295803 0 
v 0.221114 0.288162 0 
v 0.178261 0.316468 0 
v -0.143733 0.333571 0 
v -0.360113 0.0474097 0 
v -0.327375 0.0430997 0 
v -0.269298 0.191077 0 
v -0.261965 0.201013 0 
v -0.275247 0.182352 0 
v -0.276254 0.180874 0 
v -0.282824 0.170418 0 
v -0.288999 0.159724 0 
v -0.294769 0.148806 0 
v -0.300127 0.13768 0 
v -0.305065 0.126362 0 
v -0.309577 0.114867 0 
v -0.313655 0.103211 0 
v -0.317295 0.0914111 0 
v -0.320491 0.0794831 0 
v -0.323239 0.067444 0 
v -0.325535 0.0553106 0 
v -0.323822 0.0643603 0 
v -0.325648 0.0545605 0 
v -0.267792 0.205484 0 
v -0.275247 0.211204 0 
v -0.359052 0.0545605 0 
v -0.358369 0.0591669 0 
v -0.356241 0.0708607 0 
v -0.357424 0.0643603 0 
v -0.353732 0.0824786 0 
v -0.350844 0.0940083 0 
v -0.21209 -0.367351 0 
v -0.336525 -0.258224 0 
v -0.327896 -0.269097 0 
v -0.318915 -0.279681 0 
v -0.309594 -0.289966 0 
v -0.299941 -0.299941 0 
v -0.289966 -0.309594 0 
v -0.279681 -0.318915 0 
v -0.289472 -0.310042 0 
v -0.269097 -0.327896 0 
v -0.275247 -0.322678 0 
v -0.258224 -0.336525 0 
v -0.247075 -0.344793 0 
v -0.235662 -0.352693 0 
v -0.223996 -0.360215 0 
v -0.420551 -0.0553666 0 
v -0.323289 0.323289 0 
v -0.312915 0.333341 0 
v -0.302228 0.34306 0 
v -0.291239 0.352436 0 
v -0.268401 0.370125 0 
v -0.275247 0.364994 0 
v -0.256575 0.378419 0 
v -0.244492 0.386336 0 
v -0.232165 0.393867 0 
v -0.219606 0.401005 0 
v -0.206829 0.407742 0 
v -0.193844 0.414073 0 
v -0.180666 0.41999 0 
v -0.167308 0.425488 0 
v -0.153783 0.430561 0 
v -0.126286 0.439413 0 
v -0.136252 0.436378 0 
v -0.112341 0.443183 0 
v -0.0982845 0.446511 0 
v -0.0841296 0.449393 0 
v -0.0698907 0.451826 0 
v -0.0555821 0.453809 0 
v -0.041218 0.455338 0 
v -0.0268127 0.456413 0 
v -0.0123807 0.457032 0 
v 0.00206369 0.457195 0 
v 0.016506 0.456902 0 
v 0.0309319 0.456152 0 
v 0.0453268 0.454948 0 
v 0.0596766 0.453289 0 
v -0.140104 0.435204 0 
v -0.27996 0.361461 0 
v -0.413099 0.0963212 0 
v -0.409726 0.109786 0 
v -0.41603 0.0827534 0 
v -0.418514 0.069097 0 
v -0.420551 0.0553666 0 
v -0.419217 0.0643603 0 
v -0.422137 0.0415769 0 
v -0.420644 0.0545605 0 
v -0.423272 0.0277427 0 
v -0.423953 0.0138788 0 
v -0.42418 -1.03894e-16 0 
v -0.423953 -0.0138788 0 
v -0.423272 -0.0277427 0 
v -0.422137 -0.0415769 0 
v -0.189044 -0.310147 0 
v -0.18921 -0.310042 0 
v -0.136252 -0.336635 0 
v -0.177854 -0.316697 0 
v -0.154808 -0.328578 0 
v -0.166437 -0.322843 0 
v -0.142982 -0.333894 0 
v -0.241108 -0.271653 0 
v -0.25065 -0.262875 0 
v -0.221114 -0.288162 0 
v -0.231259 -0.280086 0 
v -0.199994 -0.303202 0 
v -0.210688 -0.29587 0 
v -0.259873 -0.253761 0 
v -0.268765 -0.244324 0 
v -0.275247 -0.236933 0 
v -0.277314 -0.234575 0 
v -0.28551 -0.224528 0 
v -0.286274 -0.22352 0 
v -0.326712 -0.158707 0 
v -0.332169 -0.146945 0 
v -0.345973 -0.110596 0 
v -0.337202 -0.134995 0 
v -0.320839 -0.170267 0 
v -0.341805 -0.122874 0 
v -0.314558 -0.18161 0 
v -0.358191 -0.0602328 0 
v -0.360113 -0.0474097 0 
v -0.3497 -0.0981765 0 
v -0.3008 -0.203588 0 
v -0.307875 -0.192722 0 
v -0.293342 -0.214194 0 
v -0.352981 -0.0856324 0 
v -0.355813 -0.0729791 0 
v -0.275247 -0.036237 0 
v -0.269237 -0.00125869 0 
v -0.269052 0.0100672 0 
v -0.268179 -0.0238838 0 
v -0.268946 -0.0125824 0 
v -0.26839 0.0213753 0 
v -0.267254 0.0326455 0 
v -0.265644 0.043858 0 
v -0.266937 -0.0351429 0 
v -0.263564 0.0549928 0 
v -0.263645 0.0545605 0 
v -0.218115 0.157848 0 
v -0.224562 0.148534 0 
v -0.188593 0.192153 0 
v -0.180344 0.199916 0 
v -0.204076 0.175622 0 
v -0.196509 0.18405 0 
v -0.236251 0.129133 0 
v -0.230611 0.138956 0 
v -0.254544 0.0877353 0 
v -0.250628 0.0983644 0 
v -0.211283 0.166882 0 
v -0.241474 0.119082 0 
v -0.246269 0.108819 0 
v -0.258009 0.0769509 0 
v -0.261018 0.0660303 0 
v -0.261403 0.0643603 0 
v -0.173903 0.205484 0 
v -0.144309 0.2273 0 
v -0.136252 0.23218 0 
v -0.153742 0.221029 0 
v -0.162903 0.214366 0 
v -0.171775 0.207325 0 
v -0.275247 -0.114011 0 
v -0.282412 -0.1711 0 
v -0.275708 -0.181707 0 
v -0.294589 -0.149162 0 
v -0.288709 -0.160247 0 
v -0.305065 -0.126362 0 
v -0.300044 -0.137861 0 
v 0.392809 -0.162707 0 
v 0.422398 -0.174963 0 
v 0.410344 -0.201618 0 
v 0.403684 -0.214642 0 
v 0.416584 -0.188387 0 
v 0.39661 -0.227447 0 
v 0.392809 -0.233837 0 
v 0.39878 -0.22352 0 
v 0.355311 -0.287725 0 
v 0.345924 -0.298945 0 
v 0.364334 -0.276211 0 
v 0.381253 -0.252346 0 
v 0.372984 -0.264414 0 
v 0.389131 -0.240019 0 
v 0.336183 -0.309859 0 
v 0.195628 -0.413233 0 
v 0.18333 -0.418816 0 
v 0.246774 -0.384882 0 
v 0.258961 -0.37679 0 
v 0.270883 -0.368313 0 
v 0.282527 -0.359458 0 
v 0.208749 -0.406763 0 
v 0.221655 -0.399876 0 
v 0.234334 -0.39258 0 
v 0.336009 -0.310042 0 
v 0.326098 -0.320456 0 
v 0.293882 -0.350236 0 
v 0.304937 -0.340654 0 
v 0.315679 -0.330724 0 
v 0.0989562 -0.446363 0 
v 0.0846254 -0.4493 0 
v 0.127299 -0.43912 0 
v 0.113186 -0.442968 0 
v 0.0119681 -0.457043 0 
v -0.00265987 -0.457192 0 
v 0.070208 -0.451777 0 
v 0.0557187 -0.453792 0 
v -0.0172851 -0.456873 0 
v 0.0265838 -0.456426 0 
v 0.141283 -0.434823 0 
v -0.0318927 -0.456086 0 
v -0.0464676 -0.454833 0 
v 0.0411723 -0.455342 0 
v 0.155121 -0.430081 0 
v 0.168801 -0.424898 0 
v -0.0754598 -0.45093 0 
v -0.0898474 -0.448285 0 
v -0.0609949 -0.453113 0 
v 0.182308 -0.41928 0 
v -0.106471 -0.347265 0 
v -0.118798 -0.343243 0 
v -0.104143 -0.445181 0 
v -0.130973 -0.338784 0 
v -0.118332 -0.441621 0 
v -0.0940083 -0.350844 0 
v 0.357643 0.0634045 0 
v 0.359046 0.0545605 0 
v 0.357456 0.0643603 0 
v 0.380435 -0.18761 0 
v 0.38637 -0.175062 0 
v 0.328617 -0.154725 0 
v 0.322801 -0.166519 0 
v 0.374093 -0.199957 0 
v 0.391891 -0.162327 0 
v 0.334002 -0.142728 0 
v 0.316561 -0.178095 0 
v 0.362903 -0.0151696 0 
v 0.362116 -0.0282962 0 
v 0.3605 -0.22352 0 
v 0.309907 -0.189437 0 
v 0.302847 -0.200531 0 
v 0.367351 -0.21209 0 
v 0.343453 -0.118189 0 
v 0.33895 -0.130544 0 
v 0.363214 -0.0020232 0 
v 0.351104 -0.0930308 0 
v 0.347506 -0.105679 0 
v 0.356915 -0.0673848 0 
v 0.354241 -0.0802604 0 
v 0.35912 -0.0544209 0 
v 0.360855 -0.0413857 0 
v 0.36305 0.0111259 0 
v 0.361293 0.0373631 0 
v 0.362409 0.0242604 0 
v 0.359704 0.0504169 0 
v 0.295389 -0.211362 0 
v 0.287545 -0.221916 0 
v 0.28626 -0.22352 0 
v 0.289472 -0.310042 0 
v 0.232956 -0.278676 0 
v 0.222716 -0.286926 0 
v 0.336525 -0.258224 0 
v 0.344793 -0.247075 0 
v 0.201373 -0.302287 0 
v 0.190299 -0.309378 0 
v 0.212184 -0.2948 0 
v 0.299941 -0.299941 0 
v 0.309594 -0.289966 0 
v 0.261793 -0.25178 0 
v 0.352693 -0.235662 0 
v 0.327896 -0.269097 0 
v 0.252508 -0.261091 0 
v 0.242891 -0.27006 0 
v 0.289966 -0.309594 0 
v 0.318915 -0.279681 0 
v 0.270736 -0.242138 0 
v 0.279323 -0.232179 0 
v 0.360215 -0.223996 0 
v 0.189176 -0.310042 0 
v 0.269097 -0.327896 0 
v 0.279681 -0.318915 0 
v 0.258224 -0.336525 0 
v 0.235662 -0.352693 0 
v 0.247075 -0.344793 0 
v 0.21209 -0.367351 0 
v 0.223996 -0.360215 0 
v 0.18333 -0.313493 0 
v 0.199957 -0.374093 0 
v 0.18333 -0.38246 0 
v 0.18761 -0.380435 0 
v 0.085462 -0.318949 0 
v -0.0623663 -0.324257 0 
v -0.0500015 -0.326392 0 
v -0.0375644 -0.328056 0 
v 0.0940083 -0.350844 0 
v 0.0827534 -0.41603 0 
v 0.0963212 -0.413099 0 
v 0.0553666 -0.420551 0 
v 0.069097 -0.418514 0 
v 1.93298e-17 -0.3302 0 
v 0.0415769 -0.422137 0 
v -0.0746411 -0.321653 0 
v -0.0988497 -0.315057 0 
v -0.0868081 -0.318585 0 
v 0.123133 -0.405915 0 
v 0.106647 -0.347211 0 
v 0.175062 -0.38637 0 
v 0.155639 -0.328185 0 
v 0.143658 -0.333603 0 
v -0.0250731 -0.329247 0 
v -0.0125456 -0.329962 0 
v 0.109786 -0.409726 0 
v 0.136348 -0.401669 0 
v 0.119145 -0.343123 0 
v 0.162327 -0.391891 0 
v 0.0277427 -0.423272 0 
v -7.8788e-17 -0.42418 0 
v 0.0138788 -0.423953 0 
v -0.113481 -0.310042 0 
v -0.110749 -0.311074 0 
v 0.149417 -0.396993 0 
v 0.131488 -0.338585 0 
v 0.167417 -0.322336 0 
v 0.0970921 -0.315603 0 
v 0.108592 -0.311833 0 
v 0.178975 -0.316064 0 
v 0.18333 -0.274611 0 
v 0.184167 -0.27407 0 
v 0.222229 -0.244226 0 
v 0.231029 -0.235919 0 
v 0.203745 -0.259846 0 
v 0.21313 -0.252205 0 
v 0.194087 -0.267137 0 
v 0.239519 -0.227295 0 
v 0.0945015 0.0545605 0 
v 0.18333 0.105846 0 
v 0.201568 0.127972 0 
v 0.196007 0.136337 0 
v 0.190098 0.144461 0 
v 0.183854 0.152329 0 
v 0.206772 0.11938 0 
v 0.00974605 0.269064 0 
v 0.0209748 0.268422 0 
v -0.0351429 0.266937 0 
v -0.00149971 0.269236 0 
v -0.0127429 0.268938 0 
v -0.0011162 0.238757 0 
v 0.0388929 0.235571 0 
v 0.0289498 0.236998 0 
v -0.0211799 0.237819 0 
v 0.105601 0.214137 0 
v 0.0965002 0.21839 0 
v 0.0974663 0.250979 0 
v 0.0761807 0.258238 0 
v 0.0653291 0.261194 0 
v 0.043303 0.265735 0 
v 0.0543635 0.263695 0 
v 0.032167 0.267312 0 
v -0.0239638 0.268171 0 
v 0.0189554 0.238006 0 
v 0.0585552 0.231468 0 
v 0.0487672 0.233727 0 
v 0.0872288 0.222255 0 
v 0.077803 0.225728 0 
v 0.114515 0.209506 0 
v 0.165682 0.212226 0 
v 0.173955 0.205484 0 
v 0.137854 0.231271 0 
v 0.147392 0.225312 0 
v 0.128075 0.236827 0 
v 0.118072 0.241969 0 
v 0.107863 0.246689 0 
v 0.0868993 0.254831 0 
v -0.13462 0.233169 0 
v -0.0111579 0.238499 0 
v 0.0682395 0.228801 0 
v 0.121518 0.205484 0 
v 0.156674 0.21896 0 
v -0.0311644 0.236717 0 
v 0.00892752 0.238593 0 
v -0.11938 0.206772 0 
v -0.121502 0.205484 0 
v 0.174401 0.205121 0 
v 0.182815 0.197658 0 
v 0.348662 0.101801 0 
v 0.352119 0.0891136 0 
v 0.18333 0.197162 0 
v 0.320158 0.0808143 0 
v 0.317008 0.0923995 0 
v 0.258658 0.074741 0 
v 0.261424 0.0643603 0 
v 0.323813 0.0643603 0 
v 0.322884 0.0691221 0 
v 0.31344 0.103863 0 
v 0.255311 0.0854785 0 
v 0.309457 0.115189 0 
v 0.251518 0.0960668 0 
v 0.305065 0.126362 0 
v 0.232036 0.136563 0 
v 0.237537 0.126753 0 
v 0.344749 0.114356 0 
v 0.335572 0.138998 0 
v 0.340383 0.12676 0 
v 0.213145 0.164497 0 
v 0.190911 0.18985 0 
v 0.247286 0.106487 0 
v 0.22613 0.146135 0 
v 0.198673 0.181712 0 
v 0.242623 0.116722 0 
v 0.219829 0.155452 0 
v 0.206089 0.173256 0 
v 0.355114 0.0763091 0 
v 0.263623 0.0545605 0 
v 0.325184 0.0573386 0 
v 0.325621 0.0545605 0 
v 0.261554 0.0638731 0 
v 0.327053 0.0454793 0 
v 0.265972 0.0418221 0 
v 0.267487 0.0306775 0 
v 0.327967 -0.0383339 0 
v 0.329144 -0.0263859 0 
v 0.268034 -0.0254572 0 
v 0.329886 -0.0144031 0 
v 0.330191 -0.00240126 0 
v 0.269223 -0.00299938 0 
v 0.33006 0.00960377 0 
v 0.269114 0.00824717 0 
v 0.32849 0.0335599 0 
v 0.268534 0.0194793 0 
v 0.324315 -0.062062 0 
v 0.264974 -0.0477373 0 
v 0.262749 -0.0587622 0 
v 0.326357 -0.0502311 0 
v 0.266737 -0.0366292 0 
v 0.268863 -0.0142407 0 
v 0.329493 0.0215961 0 
v 0.263993 0.0528938 0 
v 0.321845 -0.0738108 0 
v 0.260066 -0.0696844 0 
v -0.136252 0.068198 0 
v -0.138121 0.064407 0 
v -0.230624 0.0617956 0 
v -0.140799 0.058321 0 
v -0.155379 0.0643603 0 
v -0.229877 0.0643603 0 
v -0.138142 0.0643603 0 
v -0.182901 0.153472 0 
v -0.137011 0.113317 0 
v -0.136252 0.114196 0 
v -0.168829 0.168829 0 
v -0.176032 0.161304 0 
v -0.153472 0.182901 0 
v -0.161304 0.176032 0 
v -0.136947 0.195581 0 
v -0.145348 0.189421 0 
v -0.220585 0.0913695 0 
v -0.164266 0.0680411 0 
v -0.161218 0.074978 0 
v -0.136252 0.196045 0 
v -0.189421 0.145348 0 
v -0.141715 0.107377 0 
v -0.195581 0.136947 0 
v -0.146161 0.101242 0 
v -0.224361 0.0816607 0 
v -0.227709 0.0717965 0 
v -0.21639 0.100904 0 
v -0.206772 0.11938 0 
v -0.154249 0.0884308 0 
v -0.150342 0.0949224 0 
v -0.211783 0.110247 0 
v -0.157877 0.0817787 0 
v -0.201368 0.128286 0 
v 0.019722 0.0736035 0 
v -0.0164927 0.0743938 0 
v -0.019722 0.0736035 0 
v 2.04002e-17 0.0762 0 
v 0.0099461 0.0755481 0 
v 0.00664127 0.07591 0 
v -0.0229138 0.0726732 0 
v 0.013232 0.0750424 0 
v -0.0033238 0.0761275 0 
v 0.064407 0.138121 0 
v 0.0347492 0.0954728 0 
v 0.0388806 0.0938662 0 
v -0.013232 0.0750424 0 
v -0.00664127 0.07591 0 
v -0.0099461 0.0755481 0 
v 0.0033238 0.0761275 0 
v 0.0164927 0.0743938 0 
v 0.0762 0.131982 0 
v 0.0703705 0.13518 0 
v 0.087413 0.124839 0 
v 0.0818845 0.128533 0 
v 0.139978 0.193423 0 
v 0.10213 0.145542 0 
v 0.108238 0.141058 0 
v 0.0402424 0.173186 0 
v 0.0475845 0.171314 0 
v 0.0178314 0.176904 0 
v 0.0253523 0.175983 0 
v -0.00487069 0.177733 0 
v 0.00270617 0.177779 0 
v 0.15574 0.180973 0 
v 0.14799 0.187364 0 
v 0.0328271 0.174743 0 
v 0.0102781 0.177503 0 
v -0.0388806 0.0938662 0 
v 5.83474e-17 0.1524 0 
v -0.00664759 0.152255 0 
v -0.0260619 0.0716046 0 
v 0.0260619 0.0716046 0 
v 0.0229138 0.0726732 0 
v 0.0927752 0.120907 0 
v 0.163214 0.174262 0 
v 0.177284 0.159927 0 
v 0.1704 0.167243 0 
v -0.0124387 0.177364 0 
v -0.0274932 0.175661 0 
v -0.0199841 0.176673 0 
v -0.0423482 0.172683 0 
v -0.0349524 0.174331 0 
v -0.07791 0.159821 0 
v -0.0710299 0.162996 0 
v -0.128286 0.201368 0 
v -0.0976524 0.148583 0 
v -0.0912333 0.152608 0 
v -0.103894 0.144287 0 
v 0.00664759 0.152255 0 
v 0.0305517 0.0968976 0 
v 0.0132615 0.100731 0 
v 0.0176427 0.100056 0 
v 0.00443173 0.101503 0 
v 0.00885502 0.101213 0 
v -0.00443173 0.101503 0 
v 6.48025e-17 0.1016 0 
v 0.06904 0.163848 0 
v 0.0759581 0.160758 0 
v -0.0568956 0.168451 0 
v -0.049667 0.170722 0 
v -0.0640209 0.165874 0 
v -0.132059 0.119052 0 
v 0.0132825 0.15182 0 
v -0.0291605 0.0703996 0 
v -0.13518 0.0703705 0 
v -0.124839 0.087413 0 
v -0.128533 0.0818845 0 
v -0.116745 0.0979608 0 
v -0.120907 0.0927752 0 
v -0.10296 0.112361 0 
v 0.0291605 0.0703996 0 
v 0.026296 0.0981381 0 
v 0.0219903 0.0991917 0 
v -0.0132615 0.100731 0 
v -0.00885502 0.101213 0 
v -0.0219903 0.0991917 0 
v -0.0176427 0.100056 0 
v -0.0347492 0.0954728 0 
v 0.18333 0.152935 0 
v 0.131718 0.19914 0 
v 0.095836 0.149761 0 
v 0.123226 0.204504 0 
v 0.0893683 0.153708 0 
v 0.0827384 0.157376 0 
v 0.0548403 0.169131 0 
v 0.0619964 0.166641 0 
v -0.109947 0.13973 0 
v -0.126867 0.12457 0 
v -0.0703705 0.13518 0 
v -0.0762 0.131982 0 
v -0.058321 0.140799 0 
v -0.064407 0.138121 0 
v -0.026464 0.150085 0 
v -0.0329854 0.148788 0 
v -0.0132825 0.15182 0 
v -0.0198922 0.151096 0 
v 0.0198922 0.151096 0 
v 0.0329854 0.148788 0 
v 0.026464 0.150085 0 
v 0.0458276 0.145346 0 
v 0.039444 0.147207 0 
v -0.131982 0.0762 0 
v -0.107763 0.107763 0 
v -0.112361 0.10296 0 
v -0.0979608 0.116745 0 
v -0.026296 0.0981381 0 
v -0.0305517 0.0968976 0 
v -0.115801 0.134919 0 
v -0.121444 0.129862 0 
v -0.087413 0.124839 0 
v -0.0927752 0.120907 0 
v -0.0818845 0.128533 0 
v -0.0521239 0.143209 0 
v -0.039444 0.147207 0 
v -0.0458276 0.145346 0 
v 0.0521239 0.143209 0 
v 0.058321 0.140799 0 
v 0.111475 0.0643603 0 
v -0.0846485 0.156357 0 
v 0.0104146 -0.238533 0 
v 0.0311644 -0.236717 0 
v 0.0414602 -0.235133 0 
v 0.0208093 -0.237851 0 
v 0.0516771 -0.2331 0 
v -0.0104146 -0.238533 0 
v 4.38595e-17 -0.23876 0 
v -0.0414602 -0.235133 0 
v -0.0311644 -0.236717 0 
v -0.0816607 -0.224361 0 
v 0.0617956 -0.230624 0 
v -0.0208093 -0.237851 0 
v -0.0516771 -0.2331 0 
v -0.0717965 -0.227709 0 
v -0.0617956 -0.230624 0 
v 0.0717965 -0.227709 0 
v 0.0816607 -0.224361 0 
v 0.0838234 -0.22352 0 
v -0.0838234 -0.22352 0 
v -0.11938 -0.206772 0 
v -0.0889 -0.153979 0 
v -0.0955319 -0.149955 0 
v -0.110247 -0.211783 0 
v -0.0820989 -0.157711 0 
v -0.0913695 -0.220585 0 
v -0.0680411 -0.164266 0 
v -0.0751415 -0.161142 0 
v -0.0608112 -0.167077 0 
v -0.136252 -0.196045 0 
v -0.128286 -0.201368 0 
v -0.0291605 -0.0703996 0 
v 0.0538815 -0.0538815 0 
v 0.0561805 -0.05148 0 
v 0.0463876 -0.0604535 0 
v 0.0489804 -0.0583726 0 
v 0.0736035 -0.019722 0 
v -0.0409422 -0.0642664 0 
v -0.0381 -0.0659911 0 
v -0.05148 -0.0561805 0 
v -0.0489804 -0.0583726 0 
v -0.0703996 -0.0291605 0 
v -0.0690607 -0.0322035 0 
v 0.0844759 -0.126845 0 
v 0.0577401 -0.0835981 0 
v 0.0541491 -0.0859677 0 
v 0.0898035 -0.12313 0 
v 0.0612277 -0.0810786 0 
v -0.100904 -0.21639 0 
v -0.0534655 -0.169571 0 
v -0.038483 -0.173585 0 
v -0.046018 -0.171742 0 
v -0.0154963 -0.177123 0 
v -0.0232076 -0.176279 0 
v -0.0254 0.0381 0 
v -0.0254 0.04572 0 
v -0.0659911 0.0381 0 
v 0.0604535 -0.0463876 0 
v 0.0624194 -0.0437065 0 
v 0.05148 -0.0561805 0 
v 0.0437065 -0.0624194 0 
v 0.0115871 -0.151959 0 
v 0.0180509 -0.151327 0 
v 0.0388806 -0.0938662 0 
v 0.0291605 -0.0703996 0 
v -0.00139178 -0.152394 0 
v -0.0437065 -0.0624194 0 
v -0.0538815 -0.0538815 0 
v -0.0583726 -0.0489804 0 
v -0.0561805 -0.05148 0 
v -0.0659911 -0.0381 0 
v -0.0642664 -0.0409422 0 
v -0.0716046 -0.0260619 0 
v -0.0743938 -0.0164927 0 
v -0.0736035 -0.019722 0 
v 0.0789949 -0.130329 0 
v 0.0504609 -0.0881831 0 
v 0.151096 -0.0198922 0 
v 0.100877 -0.0120972 0 
v 0.100275 -0.0163572 0 
v -0.00775553 -0.177631 0 
v -0.0761275 -0.0033238 0 
v -0.07591 -0.00664127 0 
v -0.0736035 0.019722 0 
v -0.0743938 0.0164927 0 
v -0.0716046 0.0260619 0 
v -0.0726732 0.0229138 0 
v -0.0675902 0.0351852 0 
v 0.0583726 -0.0489804 0 
v 0.00510231 -0.152315 0 
v -0.00788334 -0.152196 0 
v -0.0272251 -0.149949 0 
v -0.0208117 -0.150972 0 
v -0.0463876 -0.0604535 0 
v -0.0624194 -0.0437065 0 
v -0.0675902 -0.0351852 0 
v -0.0726732 -0.0229138 0 
v 0.094968 -0.119192 0 
v 0.0646054 -0.0784136 0 
v 0.104771 -0.110675 0 
v 0.0710075 -0.072667 0 
v 0.0678673 -0.0756081 0 
v 0.109391 -0.10611 0 
v 0.0740204 -0.0695956 0 
v 0.113812 -0.101353 0 
v 0.0769005 -0.0663994 0 
v 0.118027 -0.0964123 0 
v 0.0796427 -0.0630841 0 
v 0.101299 -0.00781545 0 
v 0.101597 0.00078231 0 
v 0.101539 -0.00351973 0 
v -0.0989901 0.0228804 0 
v -0.0979327 0.0270509 0 
v -0.108238 -0.141058 0 
v -0.0963331 -0.0322876 0 
v -0.0976137 -0.0281802 0 
v -0.0932563 -0.0403215 0 
v -0.0948798 -0.0363371 0 
v -0.0308746 -0.175099 0 
v 3.26613e-17 -0.1778 0 
v -0.0762 -2.00735e-16 0 
v -0.07591 0.00664127 0 
v -0.0761275 0.0033238 0 
v -0.0750424 0.013232 0 
v -0.0755481 0.0099461 0 
v -0.0690607 0.0322035 0 
v 0.0381 -0.0659911 0 
v 0.0409422 -0.0642664 0 
v 0.0322035 -0.0690607 0 
v 0.0351852 -0.0675902 0 
v -0.0143606 -0.151722 0 
v 0.0716046 -0.0260619 0 
v -0.0322035 -0.0690607 0 
v -0.0604535 -0.0463876 0 
v 0.0254 0.0381 0 
v 0.07591 -0.00664127 0 
v 0.0761275 -0.0033238 0 
v 0.0999601 -0.115038 0 
v 0.122028 -0.0912961 0 
v 0.0822421 -0.0596557 0 
v 0.125807 -0.0860142 0 
v 0.084694 -0.0561203 0 
v 0.129357 -0.080576 0 
v 0.086994 -0.0524843 0 
v 0.132673 -0.0749915 0 
v 0.0891381 -0.0487541 0 
v 0.138575 -0.0634243 0 
v 0.0929431 -0.0410384 0 
v 0.0911223 -0.0449365 0 
v 0.141152 -0.0574626 0 
v 0.0945972 -0.0370666 0 
v 0.143472 -0.0513966 0 
v 0.0960817 -0.0330284 0 
v 0.145531 -0.0452372 0 
v 0.0973938 -0.028931 0 
v 0.147326 -0.0389957 0 
v 0.0985314 -0.0247816 0 
v 0.148854 -0.0326834 0 
v 0.0994922 -0.0205879 0 
v 0.101167 0.00937447 0 
v 0.101473 0.00508295 0 
v 0.0991634 0.0221175 0 
v 0.100011 0.0178994 0 
v -0.0966996 0.0311728 0 
v -0.0996478 -0.0198212 0 
v -0.0873956 -0.0518129 0 
v -0.0895108 -0.0480663 0 
v 0.00775553 -0.177631 0 
v -0.0703996 0.0291605 0 
v 0.0675902 -0.0351852 0 
v 0.0690607 -0.0322035 0 
v 0.0642664 -0.0409422 0 
v 0.0659911 -0.0381 0 
v -0.039892 -0.147086 0 
v -0.033589 -0.148652 0 
v -0.0522692 -0.143156 0 
v -0.0461224 -0.145253 0 
v -0.0750424 -0.013232 0 
v 0.0743938 -0.0164927 0 
v 0.0750424 -0.013232 0 
v -0.0351852 -0.0675902 0 
v 0.0726732 -0.0229138 0 
v 0.0736035 0.019722 0 
v 0.0726732 0.0229138 0 
v 0.0750424 0.013232 0 
v 0.0743938 0.0164927 0 
v 0.07591 0.00664127 0 
v 0.0755481 0.0099461 0 
v 0.0762 9.24986e-17 0 
v 0.0676128 -0.136581 0 
v 0.0466822 -0.0902404 0 
v 0.0428198 -0.0921359 0 
v 0.0733705 -0.133576 0 
v 0.135747 -0.0692708 0 
v 0.100679 0.0136492 0 
v -0.0998701 0.018669 0 
v -0.0987193 -0.0240222 0 
v -0.0914656 -0.0442336 0 
v -0.0851236 -0.0554665 0 
v -0.0801261 -0.062469 0 
v -0.082699 -0.0590206 0 
v -0.0715649 -0.0721181 0 
v -0.074554 -0.0690236 0 
v -0.0652073 -0.0779139 0 
v -0.0684475 -0.0750833 0 
v 0.0308746 -0.175099 0 
v 0.0232076 -0.176279 0 
v 0.0608112 -0.167077 0 
v 0.0534655 -0.169571 0 
v -0.0755481 -0.0099461 0 
v -0.058321 -0.140799 0 
v 0.0703996 -0.0291605 0 
v 0.0716046 0.0260619 0 
v 0.0703996 0.0291605 0 
v 0.0761275 0.0033238 0 
v 0.0755481 -0.0099461 0 
v 0.0617323 -0.139337 0 
v 0.0434618 -0.146071 0 
v 0.0496458 -0.144087 0 
v 0.0244819 -0.150421 0 
v 0.0308684 -0.149241 0 
v 0.150111 -0.0263117 0 
v -0.100571 0.014424 0 
v -0.101431 0.00586413 0 
v -0.101091 0.0101532 0 
v -0.100967 -0.0113201 0 
v -0.101356 -0.00703523 0 
v -0.100398 -0.0155846 0 
v -0.0774095 -0.0658053 0 
v 0.0154963 -0.177123 0 
v 0.038483 -0.173585 0 
v 0.046018 -0.171742 0 
v 0.110247 -0.211783 0 
v 0.0820989 -0.157711 0 
v 0.0751415 -0.161142 0 
v 0.11938 -0.206772 0 
v 0.0889 -0.153979 0 
v 0.145348 -0.189421 0 
v 0.108238 -0.141058 0 
v 0.101982 -0.145645 0 
v 0.153472 -0.182901 0 
v 0.114288 -0.136203 0 
v -0.0879882 0.0508 0 
v 0.0675902 0.0351852 0 
v 0.0659911 0.0381 0 
v 0.0690607 0.0322035 0 
v 0.0557397 -0.141841 0 
v 0.0371989 -0.14779 0 
v 0.0981381 0.026296 0 
v -0.0952931 0.0352389 0 
v -0.0937158 0.0392417 0 
v -0.101563 -0.00273778 0 
v -0.101588 0.00156457 0 
v -0.0618502 -0.0806047 0 
v -0.101982 -0.145645 0 
v 0.0913695 -0.220585 0 
v 0.0680411 -0.164266 0 
v 0.100904 -0.21639 0 
v 0.128286 -0.201368 0 
v 0.0955319 -0.149955 0 
v 0.136947 -0.195581 0 
v 0.168829 -0.168829 0 
v 0.136203 -0.114288 0 
v 0.131088 -0.12012 0 
v 0.153979 -0.0889 0 
v 0.149955 -0.0955319 0 
v 0.161142 -0.0751415 0 
v 0.157711 -0.0820989 0 
v 0.167077 -0.0608112 0 
v 0.164266 -0.0680411 0 
v -0.0919704 0.0431742 0 
v 0.18333 -0.18333 0 
v 0.171742 -0.046018 0 
v 0.169571 -0.0534655 0 
v 0.161304 -0.176032 0 
v 0.12012 -0.131088 0 
v 0.125724 -0.125724 0 
v 0.141058 -0.108238 0 
v 0.0254 0.04572 0 
v 0.18333 0.0491232 0 
v 0.173585 -0.038483 0 
v 0.176279 -0.0232076 0 
v 0.175099 -0.0308746 0 
v 0.145645 -0.101982 0 
v -0.09006 0.0470293 0 
v 0.236717 0.0311644 0 
v 0.235133 0.0414602 0 
v 0.238533 0.0104146 0 
v 0.237851 0.0208093 0 
v 0.238533 -0.0104146 0 
v 0.23876 2.92397e-17 0 
v 0.2331 -0.0516771 0 
v 0.235133 -0.0414602 0 
v 0.224361 -0.0816607 0 
v 0.227709 -0.0717965 0 
v 0.237851 -0.0208093 0 
v 0.236717 -0.0311644 0 
v 0.230624 -0.0617956 0 
v 0.220585 -0.0913695 0 
v 0.276929 -0.17984 0 
v 0.283333 -0.169571 0 
v 0.190381 -0.190381 0 
v 0.270153 -0.189867 0 
v 0.289356 -0.159075 0 
v 0.2331 0.0516771 0 
v 0.232395 0.0545605 0 
v 0.203622 0.0545605 0 
v 0.247687 -0.218365 0 
v 0.255522 -0.209142 0 
v 0.242971 -0.22352 0 
v 0.294991 -0.148365 0 
v 0.263014 -0.199639 0 
v 0.18333 -0.197147 0 
v 0.30023 -0.137456 0 
v 0.305065 -0.126362 0 
v 0.182351 -0.198086 0 
v 0.165371 -0.212468 0 
v 0.156449 -0.219121 0 
v 0.17401 -0.205453 0 
v -0.0222337 -0.26832 0 
v -0.033303 -0.267172 0 
v 0.1636 -0.286822 0 
v 0.13782 -0.231292 0 
v 0.128144 -0.23679 0 
v -0.0111263 -0.26901 0 
v 0.113447 -0.310042 0 
v 4.94586e-17 -0.26924 0 
v 0.15298 -0.292624 0 
v 0.118249 -0.241883 0 
v 0.0222337 -0.26832 0 
v 0.0111263 -0.26901 0 
v 0.142155 -0.298034 0 
v 0.108152 -0.246563 0 
v 0.174001 -0.280635 0 
v -0.122488 -0.306641 0 
v -0.0978709 -0.250822 0 
v -0.108152 -0.246563 0 
v 0.0978709 -0.250822 0 
v 0.0874221 -0.254652 0 
v 0.131138 -0.303043 0 
v 0.14726 -0.225399 0 
v -0.118249 -0.241883 0 
v -0.136252 -0.300737 0 
v -0.0874221 -0.254652 0 
v -0.0443154 -0.265568 0 
v 0.0443154 -0.265568 0 
v 0.033303 -0.267172 0 
v 0.0660945 -0.261001 0 
v 0.0552522 -0.26351 0 
v 0.119946 -0.307644 0 
v 0.15001 -0.22352 0 
v -0.13405 -0.301766 0 
v -0.0768239 -0.258047 0 
v -0.0552522 -0.26351 0 
v -0.0660945 -0.261001 0 
v 0.0768239 -0.258047 0 
v -0.128144 -0.23679 0 
v -0.1782 -0.277987 0 
v -0.14726 -0.225399 0 
v -0.15001 -0.22352 0 
v -0.227497 -0.239327 0 
v -0.21824 -0.247797 0 
v -0.198794 -0.263653 0 
v -0.188633 -0.271016 0 
v -0.208667 -0.25591 0 
v -0.136252 -0.232183 0 
v -0.156577 -0.290716 0 
v -0.145418 -0.296455 0 
v -0.167509 -0.284557 0 
v -0.242987 -0.22352 0 
v -0.236426 -0.23051 0 
v -0.13782 -0.231292 0 
v -0.150085 -0.026464 0 
v -0.148788 -0.0329854 0 
v -0.151096 -0.0198922 0 
v -0.238533 0.0104146 0 
v -0.23876 -5.84793e-17 0 
v -0.147207 -0.039444 0 
v -0.238533 -0.0104146 0 
v -0.236717 0.0311644 0 
v -0.140799 -0.058321 0 
v -0.168829 -0.168829 0 
v -0.161304 -0.176032 0 
v -0.275247 -0.182378 0 
v -0.268605 -0.192051 0 
v -0.190381 -0.190381 0 
v -0.145346 -0.0458276 0 
v -0.143209 -0.0521239 0 
v -0.237851 0.0208093 0 
v -0.235133 0.0414602 0 
v -0.232395 0.0545605 0 
v -0.2331 0.0516771 0 
v -0.145348 -0.189421 0 
v -0.136947 -0.195581 0 
v -0.153472 -0.182901 0 
v -0.237851 -0.0208093 0 
v -0.261114 -0.202117 0 
v -0.253246 -0.211892 0 
v -0.156449 -0.219121 0 
v -0.165371 -0.212468 0 
v -0.245013 -0.221361 0 
v -0.17401 -0.205453 0 
v -0.236717 -0.0311644 0 
v -0.182351 -0.198086 0 
v 0.318949 -0.085462 0 
v 0.230624 0.0617956 0 
v -0.136252 -0.47879 0 
v 0.392809 0.0545605 0 
v 0.392809 0.0643603 0 
v 0.18333 0.205484 0 
v -0.275247 0.0643603 0 
v -0.275247 0.0545605 0 
v -0.275247 -0.310042 0 
v 0.18333 -0.22352 0 
v -0.136252 0.0643603 0 
v -0.136252 0.0545605 0 
v -0.0940083 -0.350844 0.0762 
v -0.106471 -0.347265 0.0762 
v -0.118798 -0.343243 0.0762 
v -0.130973 -0.338784 0.0762 
v -0.142982 -0.333894 0.0762 
v -0.154808 -0.328578 0.0762 
v -0.166437 -0.322843 0.0762 
v -0.177854 -0.316697 0.0762 
v -0.189044 -0.310147 0.0762 
v -0.199994 -0.303202 0.0762 
v -0.210688 -0.29587 0.0762 
v -0.221114 -0.288162 0.0762 
v -0.231259 -0.280086 0.0762 
v -0.241108 -0.271653 0.0762 
v -0.25065 -0.262875 0.0762 
v -0.259873 -0.253761 0.0762 
v -0.268765 -0.244324 0.0762 
v -0.277314 -0.234575 0.0762 
v -0.28551 -0.224528 0.0762 
v -0.293342 -0.214194 0.0762 
v -0.3008 -0.203588 0.0762 
v -0.307875 -0.192722 0.0762 
v -0.314558 -0.18161 0.0762 
v -0.320839 -0.170267 0.0762 
v -0.326712 -0.158707 0.0762 
v -0.332169 -0.146945 0.0762 
v -0.337202 -0.134995 0.0762 
v -0.341805 -0.122874 0.0762 
v -0.345973 -0.110596 0.0762 
v -0.3497 -0.0981765 0.0762 
v -0.352981 -0.0856324 0.0762 
v -0.355813 -0.0729791 0.0762 
v -0.358191 -0.0602328 0.0762 
v -0.360113 -0.0474097 0.0762 
v -0.198794 -0.263653 0.0762 
v -0.208667 -0.25591 0.0762 
v -0.188633 -0.271016 0.0762 
v -0.1782 -0.277987 0.0762 
v -0.145418 -0.296455 0.0762 
v -0.224562 0.148534 0.0762 
v -0.201368 0.128286 0.0762 
v -0.195581 0.136947 0.0762 
v -0.230611 0.138956 0.0762 
v -0.206772 0.11938 0.0762 
v -0.241474 0.119082 0.0762 
v -0.246269 0.108819 0.0762 
v -0.21639 0.100904 0.0762 
v -0.261018 0.0660303 0.0762 
v -0.263564 0.0549928 0.0762 
v -0.2331 0.0516771 0.0762 
v -0.265644 0.043858 0.0762 
v -0.235133 0.0414602 0.0762 
v -0.167509 -0.284557 0.0762 
v -0.156577 -0.290716 0.0762 
v 0.0557187 -0.453792 0.0762 
v 0.0553666 -0.420551 0.0762 
v 0.0415769 -0.422137 0.0762 
v 0.070208 -0.451777 0.0762 
v 0.069097 -0.418514 0.0762 
v 0.0846254 -0.4493 0.0762 
v 0.0827534 -0.41603 0.0762 
v 0.0989562 -0.446363 0.0762 
v 0.0963212 -0.413099 0.0762 
v -0.204076 0.175622 0.0762 
v -0.182901 0.153472 0.0762 
v -0.176032 0.161304 0.0762 
v -0.211283 0.166882 0.0762 
v -0.189421 0.145348 0.0762 
v -0.218115 0.157848 0.0762 
v -0.211783 0.110247 0.0762 
v -0.236251 0.129133 0.0762 
v -0.250628 0.0983644 0.0762 
v -0.220585 0.0913695 0.0762 
v -0.267254 0.0326455 0.0762 
v -0.236717 0.0311644 0.0762 
v -0.26839 0.0213753 0.0762 
v -0.237851 0.0208093 0.0762 
v -0.269052 0.0100672 0.0762 
v -0.238533 0.0104146 0.0762 
v -0.21824 -0.247797 0.0762 
v -0.13405 -0.301766 0.0762 
v 0.113186 -0.442968 0.0762 
v 0.109786 -0.409726 0.0762 
v 0.127299 -0.43912 0.0762 
v 0.123133 -0.405915 0.0762 
v 0.155121 -0.430081 0.0762 
v 0.149417 -0.396993 0.0762 
v 0.136348 -0.401669 0.0762 
v 0.168801 -0.424898 0.0762 
v 0.162327 -0.391891 0.0762 
v 0.345924 -0.298945 0.0762 
v 0.355311 -0.287725 0.0762 
v 0.327896 -0.269097 0.0762 
v 0.364334 -0.276211 0.0762 
v 0.336525 -0.258224 0.0762 
v 0.381253 -0.252346 0.0762 
v 0.389131 -0.240019 0.0762 
v 0.360215 -0.223996 0.0762 
v 0.39661 -0.227447 0.0762 
v 0.367351 -0.21209 0.0762 
v -0.254544 0.0877353 0.0762 
v -0.224361 0.0816607 0.0762 
v -0.258009 0.0769509 0.0762 
v -0.227709 0.0717965 0.0762 
v -0.230624 0.0617956 0.0762 
v -0.269237 -0.00125869 0.0762 
v -0.23876 -5.84793e-17 0.0762 
v -0.268946 -0.0125824 0.0762 
v -0.238533 -0.0104146 0.0762 
v -0.268179 -0.0238838 0.0762 
v -0.237851 -0.0208093 0.0762 
v -0.294589 -0.149162 0.0762 
v -0.300044 -0.137861 0.0762 
v -0.288709 -0.160247 0.0762 
v -0.245013 -0.221361 0.0762 
v -0.236426 -0.23051 0.0762 
v -0.227497 -0.239327 0.0762 
v -0.122488 -0.306641 0.0762 
v -0.110749 -0.311074 0.0762 
v 0.0119681 -0.457043 0.0762 
v 0.0138788 -0.423953 0.0762 
v -7.8788e-17 -0.42418 0.0762 
v 0.141283 -0.434823 0.0762 
v 0.208749 -0.406763 0.0762 
v 0.221655 -0.399876 0.0762 
v 0.199957 -0.374093 0.0762 
v 0.270883 -0.368313 0.0762 
v 0.282527 -0.359458 0.0762 
v 0.258224 -0.336525 0.0762 
v 0.293882 -0.350236 0.0762 
v 0.269097 -0.327896 0.0762 
v 0.372984 -0.264414 0.0762 
v 0.344793 -0.247075 0.0762 
v 0.352693 -0.235662 0.0762 
v 0.403684 -0.214642 0.0762 
v 0.374093 -0.199957 0.0762 
v 0.410344 -0.201618 0.0762 
v 0.380435 -0.18761 0.0762 
v -0.266937 -0.0351429 0.0762 
v -0.282412 -0.1711 0.0762 
v -0.275708 -0.181707 0.0762 
v -0.261114 -0.202117 0.0762 
v -0.253246 -0.211892 0.0762 
v -0.0988497 -0.315057 0.0762 
v -0.0868081 -0.318585 0.0762 
v -0.0623663 -0.324257 0.0762 
v -0.0746411 -0.321653 0.0762 
v -0.0172851 -0.456873 0.0762 
v -0.00265987 -0.457192 0.0762 
v 0.0265838 -0.456426 0.0762 
v 0.0277427 -0.423272 0.0762 
v 0.0411723 -0.455342 0.0762 
v 0.182308 -0.41928 0.0762 
v 0.175062 -0.38637 0.0762 
v 0.195628 -0.413233 0.0762 
v 0.18761 -0.380435 0.0762 
v 0.234334 -0.39258 0.0762 
v 0.21209 -0.367351 0.0762 
v 0.246774 -0.384882 0.0762 
v 0.258961 -0.37679 0.0762 
v 0.235662 -0.352693 0.0762 
v 0.247075 -0.344793 0.0762 
v 0.304937 -0.340654 0.0762 
v 0.279681 -0.318915 0.0762 
v 0.336183 -0.309859 0.0762 
v 0.318915 -0.279681 0.0762 
v 0.416584 -0.188387 0.0762 
v 0.38637 -0.175062 0.0762 
v 0.422398 -0.174963 0.0762 
v 0.391891 -0.162327 0.0762 
v -0.171775 0.207325 0.0762 
v -0.153472 0.182901 0.0762 
v -0.145348 0.189421 0.0762 
v -0.180344 0.199916 0.0762 
v -0.161304 0.176032 0.0762 
v -0.188593 0.192153 0.0762 
v -0.168829 0.168829 0.0762 
v -0.196509 0.18405 0.0762 
v -0.236717 -0.0311644 0.0762 
v -0.147207 -0.039444 0.0762 
v -0.148788 -0.0329854 0.0762 
v -0.305065 -0.126362 0.0762 
v -0.143209 -0.0521239 0.0762 
v -0.145346 -0.0458276 0.0762 
v -0.0609949 -0.453113 0.0762 
v -0.0464676 -0.454833 0.0762 
v -0.0375644 -0.328056 0.0762 
v -0.0500015 -0.326392 0.0762 
v -0.0898474 -0.448285 0.0762 
v -0.0754598 -0.45093 0.0762 
v -0.0318927 -0.456086 0.0762 
v -0.0250731 -0.329247 0.0762 
v -0.268605 -0.192051 0.0762 
v 0.223996 -0.360215 0.0762 
v 0.326098 -0.320456 0.0762 
v 0.309594 -0.289966 0.0762 
v -0.118332 -0.441621 0.0762 
v -0.104143 -0.445181 0.0762 
v -0.0125456 -0.329962 0.0762 
v 0.315679 -0.330724 0.0762 
v 0.289966 -0.309594 0.0762 
v 0.299941 -0.299941 0.0762 
v -0.153742 0.221029 0.0762 
v -0.136947 0.195581 0.0762 
v -0.128286 0.201368 0.0762 
v -0.162903 0.214366 0.0762 
v -0.140799 -0.058321 0.0762 
v 1.93298e-17 -0.3302 0.0762 
v -0.144309 0.2273 0.0762 
v -0.11938 0.206772 0.0762 
v -0.150085 -0.026464 0.0762 
v -0.13462 0.233169 0.0762 
v -0.151096 -0.0198922 0.0762 
v 0.305065 -0.126362 0.0762 
v 0.220585 -0.0913695 0.0762 
v 0.362903 -0.0151696 0.0762 
v 0.363214 -0.0020232 0.0762 
v 0.330191 -0.00240126 0.0762 
v 0.36305 0.0111259 0.0762 
v 0.33006 0.00960377 0.0762 
v 0.362409 0.0242604 0.0762 
v 0.329493 0.0215961 0.0762 
v 0.0577401 -0.0835981 0.0762 
v 0.0437065 -0.0624194 0.0762 
v 0.0409422 -0.0642664 0.0762 
v 0.0612277 -0.0810786 0.0762 
v 0.0463876 -0.0604535 0.0762 
v 0.0678673 -0.0756081 0.0762 
v 0.05148 -0.0561805 0.0762 
v 0.0489804 -0.0583726 0.0762 
v 0.0710075 -0.072667 0.0762 
v 0.0538815 -0.0538815 0.0762 
v 0.261554 0.0638731 0.0762 
v 0.258658 0.074741 0.0762 
v 0.230624 0.0617956 0.0762 
v 0.361293 0.0373631 0.0762 
v 0.32849 0.0335599 0.0762 
v 0.0428198 -0.0921359 0.0762 
v 0.0322035 -0.0690607 0.0762 
v 0.0291605 -0.0703996 0.0762 
v 0.0466822 -0.0902404 0.0762 
v 0.0351852 -0.0675902 0.0762 
v 0.0504609 -0.0881831 0.0762 
v 0.0381 -0.0659911 0.0762 
v 0.0541491 -0.0859677 0.0762 
v 0.0646054 -0.0784136 0.0762 
v 0.0740204 -0.0695956 0.0762 
v 0.0561805 -0.05148 0.0762 
v 0.101597 0.00078231 0.0762 
v 0.101473 0.00508295 0.0762 
v 0.0761275 0.0033238 0.0762 
v 0.101167 0.00937447 0.0762 
v 0.07591 0.00664127 0.0762 
v 0.268034 -0.0254572 0.0762 
v 0.237851 -0.0208093 0.0762 
v 0.236717 -0.0311644 0.0762 
v 0.268863 -0.0142407 0.0762 
v 0.238533 -0.0104146 0.0762 
v 0.2331 0.0516771 0.0762 
v 0.263993 0.0528938 0.0762 
v 0.359704 0.0504169 0.0762 
v 0.327053 0.0454793 0.0762 
v 0.357643 0.0634045 0.0762 
v 0.325184 0.0573386 0.0762 
v 0.355114 0.0763091 0.0762 
v 0.322884 0.0691221 0.0762 
v 0.0769005 -0.0663994 0.0762 
v 0.0583726 -0.0489804 0.0762 
v 0.0796427 -0.0630841 0.0762 
v 0.0604535 -0.0463876 0.0762 
v 0.0994922 -0.0205879 0.0762 
v 0.100275 -0.0163572 0.0762 
v 0.0750424 -0.013232 0.0762 
v 0.100877 -0.0120972 0.0762 
v 0.0755481 -0.0099461 0.0762 
v 0.100679 0.0136492 0.0762 
v 0.0755481 0.0099461 0.0762 
v 0.100011 0.0178994 0.0762 
v 0.0750424 0.013232 0.0762 
v 0.0991634 0.0221175 0.0762 
v 0.0743938 0.0164927 0.0762 
v 0.269223 -0.00299938 0.0762 
v 0.23876 2.92397e-17 0.0762 
v 0.360855 -0.0413857 0.0762 
v 0.362116 -0.0282962 0.0762 
v 0.329144 -0.0263859 0.0762 
v 0.329886 -0.0144031 0.0762 
v 0.0822421 -0.0596557 0.0762 
v 0.0624194 -0.0437065 0.0762 
v 0.101299 -0.00781545 0.0762 
v 0.07591 -0.00664127 0.0762 
v 0.0981381 0.026296 0.0762 
v 0.0736035 0.019722 0.0762 
v 0.190911 0.18985 0.0762 
v 0.182815 0.197658 0.0762 
v 0.163214 0.174262 0.0762 
v 0.174401 0.205121 0.0762 
v 0.15574 0.180973 0.0762 
v 0.156674 0.21896 0.0762 
v 0.147392 0.225312 0.0762 
v 0.131718 0.19914 0.0762 
v 0.137854 0.231271 0.0762 
v 0.123226 0.204504 0.0762 
v 0.128075 0.236827 0.0762 
v 0.114515 0.209506 0.0762 
v 0.118072 0.241969 0.0762 
v 0.105601 0.214137 0.0762 
v 0.106647 -0.347211 0.0762 
v 0.0970921 -0.315603 0.0762 
v 0.085462 -0.318949 0.0762 
v 0.119145 -0.343123 0.0762 
v 0.108592 -0.311833 0.0762 
v 0.131488 -0.338585 0.0762 
v 0.119946 -0.307644 0.0762 
v 0.143658 -0.333603 0.0762 
v 0.131138 -0.303043 0.0762 
v 0.155639 -0.328185 0.0762 
v 0.142155 -0.298034 0.0762 
v 0.167417 -0.322336 0.0762 
v 0.15298 -0.292624 0.0762 
v 0.178975 -0.316064 0.0762 
v 0.1636 -0.286822 0.0762 
v 0.190299 -0.309378 0.0762 
v 0.174001 -0.280635 0.0762 
v 0.334002 -0.142728 0.0762 
v 0.30023 -0.137456 0.0762 
v 0.262749 -0.0587622 0.0762 
v 0.2331 -0.0516771 0.0762 
v 0.230624 -0.0617956 0.0762 
v 0.264974 -0.0477373 0.0762 
v 0.235133 -0.0414602 0.0762 
v 0.266737 -0.0366292 0.0762 
v 0.269114 0.00824717 0.0762 
v 0.238533 0.0104146 0.0762 
v 0.268534 0.0194793 0.0762 
v 0.237851 0.0208093 0.0762 
v 0.267487 0.0306775 0.0762 
v 0.236717 0.0311644 0.0762 
v 0.265972 0.0418221 0.0762 
v 0.235133 0.0414602 0.0762 
v 0.255311 0.0854785 0.0762 
v 0.352119 0.0891136 0.0762 
v 0.320158 0.0808143 0.0762 
v 0.348662 0.101801 0.0762 
v 0.317008 0.0923995 0.0762 
v 0.084694 -0.0561203 0.0762 
v 0.0642664 -0.0409422 0.0762 
v 0.086994 -0.0524843 0.0762 
v 0.0659911 -0.0381 0.0762 
v 0.0911223 -0.0449365 0.0762 
v 0.0929431 -0.0410384 0.0762 
v 0.0690607 -0.0322035 0.0762 
v 0.0973938 -0.028931 0.0762 
v 0.0985314 -0.0247816 0.0762 
v 0.0736035 -0.019722 0.0762 
v 0.0743938 -0.0164927 0.0762 
v 0.101539 -0.00351973 0.0762 
v 0.0761275 -0.0033238 0.0762 
v 0.0762 9.24986e-17 0.0762 
v 0.0726732 0.0229138 0.0762 
v 0.0703996 0.0291605 0.0762 
v 0.0716046 0.0260619 0.0762 
v 0.219829 0.155452 0.0762 
v 0.213145 0.164497 0.0762 
v 0.190098 0.144461 0.0762 
v 0.206089 0.173256 0.0762 
v 0.183854 0.152329 0.0762 
v 0.198673 0.181712 0.0762 
v 0.177284 0.159927 0.0762 
v 0.1704 0.167243 0.0762 
v 0.165682 0.212226 0.0762 
v 0.14799 0.187364 0.0762 
v 0.139978 0.193423 0.0762 
v 0.107863 0.246689 0.0762 
v 0.0965002 0.21839 0.0762 
v 0.0974663 0.250979 0.0762 
v 0.0872288 0.222255 0.0762 
v 0.0868993 0.254831 0.0762 
v 0.077803 0.225728 0.0762 
v 0.222716 -0.286926 0.0762 
v 0.203745 -0.259846 0.0762 
v 0.194087 -0.267137 0.0762 
v 0.232956 -0.278676 0.0762 
v 0.21313 -0.252205 0.0762 
v 0.242891 -0.27006 0.0762 
v 0.222229 -0.244226 0.0762 
v 0.252508 -0.261091 0.0762 
v 0.231029 -0.235919 0.0762 
v 0.270736 -0.242138 0.0762 
v 0.247687 -0.218365 0.0762 
v 0.239519 -0.227295 0.0762 
v 0.279323 -0.232179 0.0762 
v 0.255522 -0.209142 0.0762 
v 0.295389 -0.211362 0.0762 
v 0.270153 -0.189867 0.0762 
v 0.263014 -0.199639 0.0762 
v 0.302847 -0.200531 0.0762 
v 0.276929 -0.17984 0.0762 
v 0.322801 -0.166519 0.0762 
v 0.294991 -0.148365 0.0762 
v 0.289356 -0.159075 0.0762 
v 0.328617 -0.154725 0.0762 
v 0.33895 -0.130544 0.0762 
v 0.343453 -0.118189 0.0762 
v 0.251518 0.0960668 0.0762 
v 0.356915 -0.0673848 0.0762 
v 0.35912 -0.0544209 0.0762 
v 0.326357 -0.0502311 0.0762 
v 0.327967 -0.0383339 0.0762 
v 0.344749 0.114356 0.0762 
v 0.31344 0.103863 0.0762 
v 0.340383 0.12676 0.0762 
v 0.309457 0.115189 0.0762 
v 0.0891381 -0.0487541 0.0762 
v 0.0675902 -0.0351852 0.0762 
v 0.0945972 -0.0370666 0.0762 
v 0.0960817 -0.0330284 0.0762 
v 0.0716046 -0.0260619 0.0762 
v 0.0726732 -0.0229138 0.0762 
v 0.232036 0.136563 0.0762 
v 0.22613 0.146135 0.0762 
v 0.201568 0.127972 0.0762 
v 0.0761807 0.258238 0.0762 
v 0.0653291 0.261194 0.0762 
v 0.0585552 0.231468 0.0762 
v 0.0543635 0.263695 0.0762 
v 0.0487672 0.233727 0.0762 
v 0.201373 -0.302287 0.0762 
v 0.184167 -0.27407 0.0762 
v 0.212184 -0.2948 0.0762 
v 0.261793 -0.25178 0.0762 
v 0.309907 -0.189437 0.0762 
v 0.283333 -0.169571 0.0762 
v 0.260066 -0.0696844 0.0762 
v 0.227709 -0.0717965 0.0762 
v 0.224361 -0.0816607 0.0762 
v 0.351104 -0.0930308 0.0762 
v 0.354241 -0.0802604 0.0762 
v 0.321845 -0.0738108 0.0762 
v 0.335572 0.138998 0.0762 
v 0.305065 0.126362 0.0762 
v 0.0703996 -0.0291605 0.0762 
v 0.0659911 0.0381 0.0762 
v 0.0675902 0.0351852 0.0762 
v 0.206772 0.11938 0.0762 
v 0.237537 0.126753 0.0762 
v 0.247286 0.106487 0.0762 
v 0.242623 0.116722 0.0762 
v 0.196007 0.136337 0.0762 
v 0.0682395 0.228801 0.0762 
v 0.043303 0.265735 0.0762 
v 0.0388929 0.235571 0.0762 
v 0.032167 0.267312 0.0762 
v 0.0289498 0.236998 0.0762 
v 0.0209748 0.268422 0.0762 
v 0.0189554 0.238006 0.0762 
v 0.00974605 0.269064 0.0762 
v 0.00892752 0.238593 0.0762 
v -0.00149971 0.269236 0.0762 
v -0.0011162 0.238757 0.0762 
v -0.0127429 0.268938 0.0762 
v -0.0111579 0.238499 0.0762 
v -0.0239638 0.268171 0.0762 
v -0.0211799 0.237819 0.0762 
v -0.0351429 0.266937 0.0762 
v -0.0311644 0.236717 0.0762 
v 0.287545 -0.221916 0.0762 
v 0.316561 -0.178095 0.0762 
v 0.347506 -0.105679 0.0762 
v 0.318949 -0.085462 0.0762 
v 0.324315 -0.062062 0.0762 
v 0.0690607 0.0322035 0.0762 
v 0.0388806 -0.0938662 0.0762 
v 0.0940083 -0.350844 0.0762 
v 0.0254 0.04572 0.0508 
v -0.0254 0.04572 0.0508 
v -0.0254 0.0381 0.0508 
v 0.0254 0.0381 0.0508 
v 0.0927752 0.120907 0.0762 
v 0.087413 0.124839 0.0762 
v 0.0818845 0.128533 0.0762 
v 0.0762 0.131982 0.0762 
v 0.0703705 0.13518 0.0762 
v 0.064407 0.138121 0.0762 
v 0.058321 0.140799 0.0762 
v 0.0521239 0.143209 0.0762 
v 0.0458276 0.145346 0.0762 
v 0.039444 0.147207 0.0762 
v 0.0329854 0.148788 0.0762 
v 0.026464 0.150085 0.0762 
v 0.0198922 0.151096 0.0762 
v 0.0132825 0.15182 0.0762 
v 0.00664759 0.152255 0.0762 
v 5.83474e-17 0.1524 0.0762 
v -0.00664759 0.152255 0.0762 
v -0.0132825 0.15182 0.0762 
v -0.0198922 0.151096 0.0762 
v -0.026464 0.150085 0.0762 
v -0.0329854 0.148788 0.0762 
v -0.039444 0.147207 0.0762 
v -0.0458276 0.145346 0.0762 
v -0.0521239 0.143209 0.0762 
v -0.058321 0.140799 0.0762 
v -0.064407 0.138121 0.0762 
v -0.0703705 0.13518 0.0762 
v -0.0762 0.131982 0.0762 
v -0.0818845 0.128533 0.0762 
v -0.087413 0.124839 0.0762 
v -0.0927752 0.120907 0.0762 
v -0.0979608 0.116745 0.0762 
v -0.10296 0.112361 0.0762 
v -0.107763 0.107763 0.0762 
v -0.112361 0.10296 0.0762 
v -0.116745 0.0979608 0.0762 
v -0.120907 0.0927752 0.0762 
v -0.124839 0.087413 0.0762 
v -0.128533 0.0818845 0.0762 
v -0.131982 0.0762 0.0762 
v -0.138121 0.064407 0.0762 
v -0.13518 0.0703705 0.0762 
v -0.140799 0.058321 0.0762 
v 0.108238 0.141058 0.0762 
v -0.164266 0.0680411 0.0762 
v -0.161218 0.074978 0.0762 
v -0.157877 0.0817787 0.0762 
v -0.154249 0.0884308 0.0762 
v -0.150342 0.0949224 0.0762 
v -0.146161 0.101242 0.0762 
v -0.141715 0.107377 0.0762 
v -0.137011 0.113317 0.0762 
v -0.132059 0.119052 0.0762 
v -0.126867 0.12457 0.0762 
v -0.121444 0.129862 0.0762 
v -0.115801 0.134919 0.0762 
v -0.109947 0.13973 0.0762 
v -0.103894 0.144287 0.0762 
v -0.0976524 0.148583 0.0762 
v -0.0912333 0.152608 0.0762 
v -0.0846485 0.156357 0.0762 
v -0.07791 0.159821 0.0762 
v -0.0710299 0.162996 0.0762 
v -0.0640209 0.165874 0.0762 
v -0.0568956 0.168451 0.0762 
v -0.049667 0.170722 0.0762 
v -0.0423482 0.172683 0.0762 
v -0.0349524 0.174331 0.0762 
v -0.0274932 0.175661 0.0762 
v -0.0199841 0.176673 0.0762 
v -0.0124387 0.177364 0.0762 
v -0.00487069 0.177733 0.0762 
v 0.00270617 0.177779 0.0762 
v 0.0102781 0.177503 0.0762 
v 0.0178314 0.176904 0.0762 
v 0.0253523 0.175983 0.0762 
v 0.0328271 0.174743 0.0762 
v 0.0402424 0.173186 0.0762 
v 0.0475845 0.171314 0.0762 
v 0.0548403 0.169131 0.0762 
v 0.0619964 0.166641 0.0762 
v 0.06904 0.163848 0.0762 
v 0.0759581 0.160758 0.0762 
v 0.0827384 0.157376 0.0762 
v 0.0893683 0.153708 0.0762 
v 0.095836 0.149761 0.0762 
v 0.10213 0.145542 0.0762 
v 0.0291605 0.0703996 0.0762 
v 0.0260619 0.0716046 0.0762 
v 0.0229138 0.0726732 0.0762 
v 0.019722 0.0736035 0.0762 
v 0.0164927 0.0743938 0.0762 
v 0.013232 0.0750424 0.0762 
v 0.0099461 0.0755481 0.0762 
v 0.00664127 0.07591 0.0762 
v 0.0033238 0.0761275 0.0762 
v 2.04002e-17 0.0762 0.0762 
v -0.0033238 0.0761275 0.0762 
v -0.00664127 0.07591 0.0762 
v -0.0099461 0.0755481 0.0762 
v -0.013232 0.0750424 0.0762 
v -0.0164927 0.0743938 0.0762 
v -0.019722 0.0736035 0.0762 
v -0.0229138 0.0726732 0.0762 
v -0.0260619 0.0716046 0.0762 
v -0.0291605 0.0703996 0.0762 
v 0.0388806 0.0938662 0.0762 
v -0.0388806 0.0938662 0.0762 
v -0.0347492 0.0954728 0.0762 
v -0.0305517 0.0968976 0.0762 
v -0.026296 0.0981381 0.0762 
v -0.0219903 0.0991917 0.0762 
v -0.0176427 0.100056 0.0762 
v -0.0132615 0.100731 0.0762 
v -0.00885502 0.101213 0.0762 
v -0.00443173 0.101503 0.0762 
v 6.48025e-17 0.1016 0.0762 
v 0.00443173 0.101503 0.0762 
v 0.00885502 0.101213 0.0762 
v 0.0132615 0.100731 0.0762 
v 0.0176427 0.100056 0.0762 
v 0.0219903 0.0991917 0.0762 
v 0.026296 0.0981381 0.0762 
v 0.0305517 0.0968976 0.0762 
v 0.0347492 0.0954728 0.0762 
v -0.0659911 0.0381 0.0762 
v -0.0675902 0.0351852 0.0762 
v -0.0690607 0.0322035 0.0762 
v -0.0703996 0.0291605 0.0762 
v -0.0716046 0.0260619 0.0762 
v -0.0726732 0.0229138 0.0762 
v -0.0736035 0.019722 0.0762 
v -0.0743938 0.0164927 0.0762 
v -0.0750424 0.013232 0.0762 
v -0.0755481 0.0099461 0.0762 
v -0.07591 0.00664127 0.0762 
v -0.0761275 0.0033238 0.0762 
v -0.0762 -2.00735e-16 0.0762 
v -0.0761275 -0.0033238 0.0762 
v -0.07591 -0.00664127 0.0762 
v -0.0755481 -0.0099461 0.0762 
v -0.0750424 -0.013232 0.0762 
v -0.0743938 -0.0164927 0.0762 
v -0.0736035 -0.019722 0.0762 
v -0.0726732 -0.0229138 0.0762 
v -0.0716046 -0.0260619 0.0762 
v -0.0703996 -0.0291605 0.0762 
v -0.0690607 -0.0322035 0.0762 
v -0.0675902 -0.0351852 0.0762 
v -0.0659911 -0.0381 0.0762 
v -0.0642664 -0.0409422 0.0762 
v -0.0624194 -0.0437065 0.0762 
v -0.0604535 -0.0463876 0.0762 
v -0.0583726 -0.0489804 0.0762 
v -0.0561805 -0.05148 0.0762 
v -0.0538815 -0.0538815 0.0762 
v -0.05148 -0.0561805 0.0762 
v -0.0489804 -0.0583726 0.0762 
v -0.0463876 -0.0604535 0.0762 
v -0.0437065 -0.0624194 0.0762 
v -0.0409422 -0.0642664 0.0762 
v -0.0381 -0.0659911 0.0762 
v -0.0351852 -0.0675902 0.0762 
v -0.0322035 -0.0690607 0.0762 
v -0.0291605 -0.0703996 0.0762 
v 0.12012 -0.131088 0.0762 
v 0.104771 -0.110675 0.0762 
v 0.0999601 -0.115038 0.0762 
v 0.125724 -0.125724 0.0762 
v 0.109391 -0.10611 0.0762 
v 0.101982 -0.145645 0.0762 
v 0.0898035 -0.12313 0.0762 
v 0.0844759 -0.126845 0.0762 
v 0.108238 -0.141058 0.0762 
v 0.094968 -0.119192 0.0762 
v 0.114288 -0.136203 0.0762 
v 0.131088 -0.12012 0.0762 
v 0.113812 -0.101353 0.0762 
v 0.136203 -0.114288 0.0762 
v 0.118027 -0.0964123 0.0762 
v 0.141058 -0.108238 0.0762 
v 0.122028 -0.0912961 0.0762 
v 0.145645 -0.101982 0.0762 
v 0.125807 -0.0860142 0.0762 
v 0.149955 -0.0955319 0.0762 
v 0.129357 -0.080576 0.0762 
v -0.0996478 -0.0198212 0.0762 
v -0.0987193 -0.0240222 0.0762 
v -0.0963331 -0.0322876 0.0762 
v -0.0948798 -0.0363371 0.0762 
v -0.0932563 -0.0403215 0.0762 
v 0.153979 -0.0889 0.0762 
v 0.132673 -0.0749915 0.0762 
v -0.100398 -0.0155846 0.0762 
v -0.0976137 -0.0281802 0.0762 
v 0.0955319 -0.149955 0.0762 
v 0.0789949 -0.130329 0.0762 
v 0.161142 -0.0751415 0.0762 
v 0.138575 -0.0634243 0.0762 
v 0.135747 -0.0692708 0.0762 
v 0.164266 -0.0680411 0.0762 
v 0.141152 -0.0574626 0.0762 
v 0.169571 -0.0534655 0.0762 
v 0.145531 -0.0452372 0.0762 
v 0.143472 -0.0513966 0.0762 
v 0.171742 -0.046018 0.0762 
v 0.147326 -0.0389957 0.0762 
v -0.0895108 -0.0480663 0.0762 
v -0.0873956 -0.0518129 0.0762 
v -0.0851236 -0.0554665 0.0762 
v -0.0801261 -0.062469 0.0762 
v -0.0774095 -0.0658053 0.0762 
v -0.074554 -0.0690236 0.0762 
v -0.0652073 -0.0779139 0.0762 
v -0.0618502 -0.0806047 0.0762 
v 0.0889 -0.153979 0.0762 
v 0.157711 -0.0820989 0.0762 
v 0.167077 -0.0608112 0.0762 
v -0.0952931 0.0352389 0.0762 
v -0.0966996 0.0311728 0.0762 
v -0.101588 0.00156457 0.0762 
v -0.101563 -0.00273778 0.0762 
v -0.0914656 -0.0442336 0.0762 
v -0.082699 -0.0590206 0.0762 
v -0.0715649 -0.0721181 0.0762 
v -0.0684475 -0.0750833 0.0762 
v 0.0680411 -0.164266 0.0762 
v 0.0751415 -0.161142 0.0762 
v 0.0617323 -0.139337 0.0762 
v 0.0820989 -0.157711 0.0762 
v 0.0676128 -0.136581 0.0762 
v 0.173585 -0.038483 0.0762 
v 0.148854 -0.0326834 0.0762 
v -0.09006 0.0470293 0.0762 
v -0.0919704 0.0431742 0.0762 
v -0.0937158 0.0392417 0.0762 
v -0.0979327 0.0270509 0.0762 
v -0.0989901 0.0228804 0.0762 
v -0.0998701 0.018669 0.0762 
v -0.100571 0.014424 0.0762 
v -0.101356 -0.00703523 0.0762 
v -0.100967 -0.0113201 0.0762 
v 0.0608112 -0.167077 0.0762 
v 0.0557397 -0.141841 0.0762 
v 0.175099 -0.0308746 0.0762 
v 0.150111 -0.0263117 0.0762 
v 0.176279 -0.0232076 0.0762 
v 0.151096 -0.0198922 0.0762 
v -0.0534655 -0.169571 0.0762 
v -0.046018 -0.171742 0.0762 
v -0.039892 -0.147086 0.0762 
v -0.038483 -0.173585 0.0762 
v -0.033589 -0.148652 0.0762 
v -0.0308746 -0.175099 0.0762 
v -0.0272251 -0.149949 0.0762 
v -0.0232076 -0.176279 0.0762 
v -0.0208117 -0.150972 0.0762 
v -0.0154963 -0.177123 0.0762 
v -0.00775553 -0.177631 0.0762 
v -0.00788334 -0.152196 0.0762 
v 3.26613e-17 -0.1778 0.0762 
v -0.00139178 -0.152394 0.0762 
v 0.00775553 -0.177631 0.0762 
v 0.00510231 -0.152315 0.0762 
v 0.0154963 -0.177123 0.0762 
v 0.0115871 -0.151959 0.0762 
v 0.046018 -0.171742 0.0762 
v 0.0534655 -0.169571 0.0762 
v 0.0434618 -0.146071 0.0762 
v 0.0496458 -0.144087 0.0762 
v 0.0733705 -0.133576 0.0762 
v -0.101091 0.0101532 0.0762 
v -0.101431 0.00586413 0.0762 
v -0.0143606 -0.151722 0.0762 
v 0.0232076 -0.176279 0.0762 
v 0.0180509 -0.151327 0.0762 
v 0.038483 -0.173585 0.0762 
v 0.0371989 -0.14779 0.0762 
v -0.0608112 -0.167077 0.0762 
v -0.0461224 -0.145253 0.0762 
v 0.0308746 -0.175099 0.0762 
v 0.0244819 -0.150421 0.0762 
v 0.0308684 -0.149241 0.0762 
v -0.0955319 -0.149955 0.0762 
v -0.0889 -0.153979 0.0762 
v -0.058321 -0.140799 0.0762 
v -0.0820989 -0.157711 0.0762 
v -0.0751415 -0.161142 0.0762 
v -0.108238 -0.141058 0.0762 
v -0.101982 -0.145645 0.0762 
v -0.0680411 -0.164266 0.0762 
v -0.0522692 -0.143156 0.0762 
v -0.0879882 0.0508 0.0762 
v 0.168829 -0.168829 0.0762 
v 0.190381 -0.190381 0.0762 
v -0.168829 -0.168829 0.0762 
v -0.161304 -0.176032 0.0762 
v -0.153472 -0.182901 0.0762 
v -0.145348 -0.189421 0.0762 
v -0.128286 -0.201368 0.0762 
v -0.136947 -0.195581 0.0762 
v -0.11938 -0.206772 0.0762 
v -0.110247 -0.211783 0.0762 
v -0.100904 -0.21639 0.0762 
v -0.0913695 -0.220585 0.0762 
v -0.0816607 -0.224361 0.0762 
v -0.0717965 -0.227709 0.0762 
v -0.0617956 -0.230624 0.0762 
v -0.0516771 -0.2331 0.0762 
v -0.0414602 -0.235133 0.0762 
v -0.0311644 -0.236717 0.0762 
v -0.0208093 -0.237851 0.0762 
v -0.0104146 -0.238533 0.0762 
v 4.38595e-17 -0.23876 0.0762 
v 0.0104146 -0.238533 0.0762 
v 0.0208093 -0.237851 0.0762 
v 0.0311644 -0.236717 0.0762 
v 0.0414602 -0.235133 0.0762 
v 0.0516771 -0.2331 0.0762 
v 0.0617956 -0.230624 0.0762 
v 0.0717965 -0.227709 0.0762 
v 0.0913695 -0.220585 0.0762 
v 0.0816607 -0.224361 0.0762 
v 0.100904 -0.21639 0.0762 
v 0.110247 -0.211783 0.0762 
v 0.11938 -0.206772 0.0762 
v 0.128286 -0.201368 0.0762 
v 0.136947 -0.195581 0.0762 
v 0.145348 -0.189421 0.0762 
v 0.153472 -0.182901 0.0762 
v 0.161304 -0.176032 0.0762 
v -0.190381 -0.190381 0.0762 
v 0.182351 -0.198086 0.0762 
v 0.17401 -0.205453 0.0762 
v 0.165371 -0.212468 0.0762 
v 0.156449 -0.219121 0.0762 
v 0.14726 -0.225399 0.0762 
v 0.13782 -0.231292 0.0762 
v 0.128144 -0.23679 0.0762 
v 0.118249 -0.241883 0.0762 
v 0.108152 -0.246563 0.0762 
v 0.0978709 -0.250822 0.0762 
v 0.0874221 -0.254652 0.0762 
v 0.0768239 -0.258047 0.0762 
v 0.0660945 -0.261001 0.0762 
v 0.0552522 -0.26351 0.0762 
v 0.0443154 -0.265568 0.0762 
v 0.033303 -0.267172 0.0762 
v 0.0222337 -0.26832 0.0762 
v 0.0111263 -0.26901 0.0762 
v 4.94586e-17 -0.26924 0.0762 
v -0.0111263 -0.26901 0.0762 
v -0.0222337 -0.26832 0.0762 
v -0.033303 -0.267172 0.0762 
v -0.0443154 -0.265568 0.0762 
v -0.0552522 -0.26351 0.0762 
v -0.0660945 -0.261001 0.0762 
v -0.0768239 -0.258047 0.0762 
v -0.0874221 -0.254652 0.0762 
v -0.0978709 -0.250822 0.0762 
v -0.108152 -0.246563 0.0762 
v -0.118249 -0.241883 0.0762 
v -0.128144 -0.23679 0.0762 
v -0.13782 -0.231292 0.0762 
v -0.14726 -0.225399 0.0762 
v -0.156449 -0.219121 0.0762 
v -0.165371 -0.212468 0.0762 
v -0.17401 -0.205453 0.0762 
v -0.182351 -0.198086 0.0762 
vn 0 0 -1 
vn 1 0 0 
vn 0.99953 0.0306449 0 
vn 0.998122 0.061261 0 
vn 0.995776 0.0918195 0 
vn 0.992494 0.122292 0 
vn 0.98828 0.152649 0 
vn 0.983138 0.182863 0 
vn 0.977073 0.212906 0 
vn 0.970089 0.242748 0 
vn 0.962195 0.272362 0 
vn 0.953396 0.301721 0 
vn 0.943702 0.330796 0 
vn 0.933122 0.35956 0 
vn 0.921665 0.387986 0 
vn 0.909342 0.416049 0 
vn 0.896166 0.44372 0 
vn 0.882147 0.470974 0 
vn 0.8673 0.497786 0 
vn 0.851638 0.524131 0 
vn 0.835176 0.549983 0 
vn 0.817929 0.575319 0 
vn 0.799915 0.600114 0 
vn 0.781149 0.624345 0 
vn 0.761649 0.64799 0 
vn 0.741433 0.671027 0 
vn 0.720522 0.693433 0 
vn 0.698933 0.715187 0 
vn 0.676688 0.73627 0 
vn 0.653807 0.756661 0 
vn 0.630312 0.776342 0 
vn 0.606225 0.795293 0 
vn 0.581569 0.813497 0 
vn 0.556366 0.830937 0 
vn 0.530641 0.847597 0 
vn 0.504417 0.86346 0 
vn 0.47772 0.878512 0 
vn 0.450574 0.892739 0 
vn 0.423004 0.906128 0 
vn 0.395037 0.918665 0 
vn 0.366699 0.93034 0 
vn 0.338017 0.94114 0 
vn 0.309017 0.951057 0 
vn 0.279727 0.96008 0 
vn 0.250174 0.968201 0 
vn 0.220386 0.975413 0 
vn 0.190391 0.981708 0 
vn 0.160217 0.987082 0 
vn 0.129893 0.991528 0 
vn 0.0994468 0.995043 0 
vn 0.0689071 0.997623 0 
vn 0.0383027 0.999266 0 
vn 0.00766235 0.999971 0 
vn -0.0229852 0.999736 0 
vn -0.0536112 0.998562 0 
vn -0.0841869 0.99645 0 
vn -0.114683 0.993402 0 
vn -0.145072 0.989421 0 
vn -0.175325 0.984511 0 
vn -0.205413 0.978675 0 
vn -0.235308 0.971921 0 
vn -0.264982 0.964253 0 
vn -0.294406 0.95568 0 
vn -0.323555 0.946209 0 
vn -0.352399 0.93585 0 
vn -0.380913 0.924611 0 
vn -0.409069 0.912504 0 
vn -0.43684 0.899539 0 
vn -0.464201 0.88573 0 
vn -0.491126 0.871088 0 
vn -0.51759 0.855629 0 
vn -0.543568 0.839365 0 
vn -0.569035 0.822314 0 
vn -0.593967 0.804489 0 
vn -0.618341 0.78591 0 
vn -0.642135 0.766591 0 
vn -0.665326 0.746553 0 
vn -0.687891 0.725814 0 
vn -0.709811 0.704393 0 
vn -0.731063 0.68231 0 
vn -0.751629 0.659586 0 
vn -0.771489 0.636242 0 
vn -0.790624 0.612301 0 
vn -0.809017 0.587785 0 
vn -0.82665 0.562717 0 
vn -0.843506 0.53712 0 
vn -0.85957 0.511019 0 
vn -0.874826 0.484437 0 
vn -0.889261 0.457401 0 
vn -0.90286 0.429935 0 
vn -0.915611 0.402065 0 
vn -0.927502 0.373817 0 
vn -0.938522 0.345218 0 
vn -0.948661 0.316295 0 
vn -0.957908 0.287075 0 
vn -0.966256 0.257585 0 
vn -0.973695 0.227854 0 
vn -0.980221 0.197908 0 
vn -0.985825 0.167776 0 
vn -0.990504 0.137487 0 
vn -0.994252 0.107068 0 
vn -0.997066 0.0765493 0 
vn -0.998943 0.0459583 0 
vn -0.999883 0.0153242 0 
vn -0.999883 -0.0153242 0 
vn -0.998943 -0.0459583 0 
vn -0.997066 -0.0765493 0 
vn -0.994252 -0.107068 0 
vn -0.990504 -0.137487 0 
vn -0.985825 -0.167776 0 
vn -0.980221 -0.197908 0 
vn -0.973695 -0.227854 0 
vn -0.966256 -0.257585 0 
vn -0.957908 -0.287075 0 
vn -0.948661 -0.316295 0 
vn -0.938522 -0.345218 0 
vn -0.927502 -0.373817 0 
vn -0.915611 -0.402065 0 
vn -0.90286 -0.429935 0 
vn -0.889261 -0.457401 0 
vn -0.874826 -0.484437 0 
vn -0.85957 -0.511019 0 
vn -0.843506 -0.53712 0 
vn -0.82665 -0.562717 0 
vn -0.809017 -0.587785 0 
vn -0.790624 -0.612301 0 
vn -0.771489 -0.636242 0 
vn -0.751629 -0.659586 0 
vn -0.731063 -0.68231 0 
vn -0.709811 -0.704393 0 
vn -0.687891 -0.725814 0 
vn -0.665326 -0.746553 0 
vn -0.642135 -0.766591 0 
vn -0.618341 -0.78591 0 
vn -0.593967 -0.804489 0 
vn -0.569035 -0.822314 0 
vn -0.543568 -0.839365 0 
vn -0.51759 -0.855629 0 
vn -0.491126 -0.871088 0 
vn -0.464201 -0.88573 0 
vn -0.43684 -0.899539 0 
vn -0.409069 -0.912504 0 
vn -0.380913 -0.924611 0 
vn -0.352399 -0.93585 0 
vn -0.323555 -0.946209 0 
vn -0.294406 -0.95568 0 
vn -0.264982 -0.964253 0 
vn -0.235308 -0.971921 0 
vn -0.205413 -0.978675 0 
vn -0.175325 -0.984511 0 
vn -0.145072 -0.989421 0 
vn -0.114683 -0.993402 0 
vn -0.0841869 -0.99645 0 
vn -0.0536112 -0.998562 0 
vn -0.0229852 -0.999736 0 
vn 0.00766235 -0.999971 0 
vn 0.0383027 -0.999266 0 
vn 0.0689071 -0.997623 0 
vn 0.0994468 -0.995043 0 
vn 0.129893 -0.991528 0 
vn 0.160217 -0.987082 0 
vn 0.190391 -0.981708 0 
vn 0.220386 -0.975413 0 
vn 0.250174 -0.968201 0 
vn 0.279727 -0.96008 0 
vn 0.309017 -0.951057 0 
vn 0.338017 -0.94114 0 
vn 0.366699 -0.93034 0 
vn 0.395037 -0.918665 0 
vn 0.423004 -0.906128 0 
vn 0.450574 -0.892739 0 
vn 0.47772 -0.878512 0 
vn 0.504417 -0.86346 0 
vn 0.530641 -0.847597 0 
vn 0.556366 -0.830937 0 
vn 0.581569 -0.813497 0 
vn 0.606225 -0.795293 0 
vn 0.630312 -0.776342 0 
vn 0.653807 -0.756661 0 
vn 0.676688 -0.73627 0 
vn 0.698933 -0.715187 0 
vn 0.720522 -0.693433 0 
vn 0.741433 -0.671027 0 
vn 0.761649 -0.64799 0 
vn 0.781149 -0.624345 0 
vn 0.799915 -0.600114 0 
vn 0.817929 -0.575319 0 
vn 0.835176 -0.549983 0 
vn 0.851638 -0.524131 0 
vn 0.8673 -0.497786 0 
vn 0.882147 -0.470974 0 
vn 0.896166 -0.44372 0 
vn 0.909342 -0.416049 0 
vn 0.921665 -0.387986 0 
vn 0.933122 -0.35956 0 
vn 0.943702 -0.330796 0 
vn 0.953396 -0.301721 0 
vn 0.962195 -0.272362 0 
vn 0.970089 -0.242748 0 
vn 0.977073 -0.212906 0 
vn 0.983138 -0.182863 0 
vn 0.98828 -0.152649 0 
vn 0.992494 -0.122292 0 
vn 0.995776 -0.0918195 0 
vn 0.998122 -0.061261 0 
vn 0.99953 -0.0306449 0 
vn 0 0 1 
vn 0.684918 0.72862 0 
vn 0.707107 0.707107 0 
vn 0.662075 0.749437 0 
vn 0.684918 0.72862 0 
vn 0.6386 0.769539 0 
vn 0.662075 0.749437 0 
vn 0.614515 0.788905 0 
vn 0.6386 0.769539 0 
vn 0.589843 0.807518 0 
vn 0.614515 0.788905 0 
vn 0.564607 0.82536 0 
vn 0.589843 0.807518 0 
vn 0.538832 0.842413 0 
vn 0.550141 0.835072 0 
vn 0.512543 0.858662 0 
vn 0.485763 0.87409 0 
vn 0.45852 0.888684 0 
vn 0.430839 0.902429 0 
vn 0.402747 0.915311 0 
vn 0.374269 0.92732 0 
vn 0.345435 0.938443 0 
vn 0.31627 0.948669 0 
vn 0.286803 0.95799 0 
vn 0.290412 0.956902 0 
vn 0.257063 0.966395 0 
vn 0.272329 0.962204 0 
vn 0.227076 0.973877 0 
vn 0.196873 0.980429 0 
vn 0.166482 0.986045 0 
vn 0.135932 0.990718 0 
vn 0.105252 0.994446 0 
vn 0.0744711 0.997223 0 
vn 0.0436194 0.999048 0 
vn 0.012726 0.999919 0 
vn -0.0181795 0.999835 0 
vn -0.0490677 0.998795 0 
vn -0.079909 0.996802 0 
vn -0.110674 0.993857 0 
vn -0.141333 0.989962 0 
vn -0.171857 0.985122 0 
vn -0.202218 0.979341 0 
vn -0.232385 0.972624 0 
vn -0.26233 0.964978 0 
vn -0.292024 0.956411 0 
vn -0.2905 0.956875 0 
vn -0.321439 0.94693 0 
vn -0.350548 0.936545 0 
vn -0.379322 0.925265 0 
vn -0.366425 0.930448 0 
vn -0.407733 0.913101 0 
vn -0.435755 0.900065 0 
vn -0.46336 0.88617 0 
vn -0.490524 0.871428 0 
vn -0.517218 0.855854 0 
vn -0.543419 0.839462 0 
vn -0.5691 0.822268 0 
vn -0.594238 0.804289 0 
vn -0.618808 0.785542 0 
vn -0.642788 0.766044 0 
vn -0.666153 0.745815 0 
vn -0.688882 0.724874 0 
vn -0.710953 0.70324 0 
vn -0.732345 0.680934 0 
vn -0.753037 0.657978 0 
vn -0.77301 0.634393 0 
vn -0.792245 0.610203 0 
vn -0.785109 0.619358 0 
vn -0.784852 0.619683 0 
vn -0.77301 0.634393 0 
vn -0.792245 0.610203 0 
vn -0.810723 0.585429 0 
vn -0.828427 0.560097 0 
vn -0.84534 0.534229 0 
vn -0.861445 0.507852 0 
vn -0.876727 0.480989 0 
vn -0.891172 0.453666 0 
vn -0.904765 0.425911 0 
vn -0.894664 0.446741 0 
vn -0.891172 0.453666 0 
vn -0.917494 0.397748 0 
vn -0.929348 0.369206 0 
vn -0.940313 0.340311 0 
vn -0.95038 0.311091 0 
vn -0.95954 0.281574 0 
vn -0.967782 0.251788 0 
vn -0.975101 0.221761 0 
vn -0.981488 0.191523 0 
vn -0.986938 0.161101 0 
vn -0.991445 0.130526 0 
vn -0.999532 -0.0305952 0 
vn -1 -1.22465e-16 0 
vn -0.998128 -0.0611617 0 
vn -0.999532 -0.0305952 0 
vn -0.995789 -0.0916709 0 
vn -0.998128 -0.0611617 0 
vn -0.992519 -0.122094 0 
vn -0.994036 -0.109051 0 
vn -0.988318 -0.152403 0 
vn -0.991692 -0.128633 0 
vn -0.983193 -0.18257 0 
vn -0.977147 -0.212565 0 
vn -0.970186 -0.242362 0 
vn -0.962317 -0.271931 0 
vn -0.953546 -0.301246 0 
vn -0.943883 -0.330279 0 
vn -0.933337 -0.359003 0 
vn -0.921916 -0.38739 0 
vn -0.909632 -0.415415 0 
vn -0.911778 -0.410684 0 
vn -0.896496 -0.443051 0 
vn -0.882522 -0.470272 0 
vn -0.86772 -0.497053 0 
vn -0.852107 -0.523368 0 
vn -0.835695 -0.549193 0 
vn -0.818501 -0.574504 0 
vn -0.800541 -0.599278 0 
vn -0.781831 -0.62349 0 
vn -0.785073 -0.619403 0 
vn -0.76239 -0.647118 0 
vn -0.742234 -0.670141 0 
vn -0.721384 -0.692536 0 
vn -0.699858 -0.714282 0 
vn -0.677676 -0.73536 0 
vn -0.654861 -0.75575 0 
vn -0.631432 -0.775431 0 
vn -0.607412 -0.794387 0 
vn -0.582823 -0.812599 0 
vn -0.557689 -0.83005 0 
vn -0.532032 -0.846724 0 
vn -0.505877 -0.862605 0 
vn -0.479249 -0.877679 0 
vn -0.452172 -0.891931 0 
vn -0.424671 -0.905348 0 
vn -0.396773 -0.917917 0 
vn -0.368504 -0.929626 0 
vn -0.339889 -0.940465 0 
vn -0.366394 -0.93046 0 
vn -0.368504 -0.929626 0 
vn -0.310957 -0.950424 0 
vn -0.281733 -0.959493 0 
vn -0.252245 -0.967663 0 
vn -0.222521 -0.974928 0 
vn -0.192589 -0.98128 0 
vn -0.162476 -0.986712 0 
vn -0.132211 -0.991222 0 
vn -0.101823 -0.994803 0 
vn -0.0713392 -0.997452 0 
vn -0.0407886 -0.999168 0 
vn -0.0101998 -0.999948 0 
vn 0.0203985 -0.999792 0 
vn 0.0509778 -0.9987 0 
vn 0.0815093 -0.996673 0 
vn 0.111964 -0.993712 0 
vn 0.142315 -0.989821 0 
vn 0.172532 -0.985004 0 
vn 0.202588 -0.979264 0 
vn 0.232453 -0.972608 0 
vn 0.262102 -0.96504 0 
vn 0.291505 -0.956569 0 
vn 0.272325 -0.962205 0 
vn 0.262102 -0.96504 0 
vn 0.320634 -0.947203 0 
vn 0.349464 -0.93695 0 
vn 0.377967 -0.925819 0 
vn 0.406115 -0.913822 0 
vn 0.433884 -0.900969 0 
vn 0.461246 -0.887272 0 
vn 0.488176 -0.872745 0 
vn 0.514649 -0.857401 0 
vn 0.540641 -0.841254 0 
vn 0.566126 -0.824319 0 
vn 0.550136 -0.835075 0 
vn 0.540641 -0.841254 0 
vn 0.591081 -0.806612 0 
vn 0.615483 -0.78815 0 
vn 0.639308 -0.768951 0 
vn 0.662535 -0.749031 0 
vn 0.685142 -0.72841 0 
vn 0.707107 -0.707107 0 
vn 0.811515 -0.584332 0 
vn 0.793353 -0.608761 0 
vn 0.828924 -0.559361 0 
vn 0.811515 -0.584332 0 
vn 0.845565 -0.533872 0 
vn 0.828924 -0.559361 0 
vn 0.861423 -0.507888 0 
vn 0.845565 -0.533872 0 
vn 0.876483 -0.481434 0 
vn 0.861423 -0.507888 0 
vn 0.89073 -0.454533 0 
vn 0.876483 -0.481434 0 
vn 0.904152 -0.427211 0 
vn 0.89073 -0.454533 0 
vn 0.916736 -0.399493 0 
vn 0.911769 -0.410702 0 
vn 0.928471 -0.371406 0 
vn 0.939345 -0.342973 0 
vn 0.949349 -0.314224 0 
vn 0.958473 -0.285183 0 
vn 0.966709 -0.255877 0 
vn 0.97405 -0.226335 0 
vn 0.980487 -0.196583 0 
vn 0.986016 -0.166649 0 
vn 0.990632 -0.13656 0 
vn 0.994329 -0.106345 0 
vn 0.994037 -0.109042 0 
vn 0.991692 -0.128634 0 
vn 0.990632 -0.13656 0 
vn 0.994329 -0.106345 0 
vn 0.997105 -0.076031 0 
vn 0.998958 -0.0456468 0 
vn 0.999884 -0.0152203 0 
vn 0.999884 0.0152203 0 
vn 0.998958 0.0456468 0 
vn 0.997105 0.076031 0 
vn 0.994329 0.106345 0 
vn 0.990632 0.13656 0 
vn 0.986016 0.166649 0 
vn 0.980487 0.196583 0 
vn 0.97405 0.226335 0 
vn 0.966709 0.255877 0 
vn 0.958473 0.285183 0 
vn 0.949349 0.314224 0 
vn 0.939345 0.342973 0 
vn 0.928471 0.371406 0 
vn 0.916736 0.399493 0 
vn 0.904152 0.427211 0 
vn 0.89073 0.454533 0 
vn 0.894662 0.446743 0 
vn 0.876483 0.481434 0 
vn 0.861423 0.507888 0 
vn 0.845565 0.533872 0 
vn 0.828924 0.559361 0 
vn 0.811515 0.584332 0 
vn 0.793353 0.608761 0 
vn 0.608761 0.793353 0 
vn 0.633521 0.773726 0 
vn 0.657647 0.753326 0 
vn 0.681118 0.732174 0 
vn 0.703908 0.710291 0 
vn 0.725995 0.687699 0 
vn 0.747358 0.664421 0 
vn 0.767975 0.64048 0 
vn 0.787825 0.615899 0 
vn 0.806889 0.590703 0 
vn 0.825147 0.564917 0 
vn 0.842582 0.538568 0 
vn 0.859176 0.511681 0 
vn 0.859162 0.511703 0 
vn 0.874911 0.484283 0 
vn 0.889774 0.456402 0 
vn 0.903748 0.428065 0 
vn 0.893289 0.449482 0 
vn 0.91682 0.399301 0 
vn 0.928977 0.370138 0 
vn 0.940206 0.340606 0 
vn 0.950497 0.310734 0 
vn 0.959839 0.280551 0 
vn 0.968223 0.250089 0 
vn 0.97564 0.219376 0 
vn 0.982084 0.188445 0 
vn 0.987547 0.157326 0 
vn 0.992024 0.12605 0 
vn 0.99004 0.140788 0 
vn 0.995511 0.0946475 0 
vn 0.992853 0.119346 0 
vn 0.998004 0.0631509 0 
vn 0.999501 0.0315912 0 
vn 1 1.22465e-16 0 
vn 0.987547 0.157326 0 
vn 0.889774 0.456402 0 
vn 0.842582 0.538568 0 
vn -0.5 -0.866025 0 
vn -0.524977 -0.851117 0 
vn -0.549509 -0.835488 0 
vn -0.573576 -0.819152 0 
vn -0.597159 -0.802123 0 
vn -0.620235 -0.784416 0 
vn -0.60207 -0.798443 0 
vn -0.642788 -0.766044 0 
vn -0.664796 -0.747025 0 
vn -0.686242 -0.727374 0 
vn -0.707107 -0.707107 0 
vn -0.597159 -0.802123 0 
vn -0.991445 -0.130526 0 
vn -0.995056 -0.0993197 0 
vn -0.997684 -0.0680153 0 
vn -0.999328 -0.0366437 0 
vn -0.999986 -0.00523596 0 
vn -0.999657 0.0261769 0 
vn -0.998342 0.057564 0 
vn -0.996041 0.0888943 0 
vn -0.992757 0.120137 0 
vn -0.992854 0.119338 0 
vn -0.988494 0.151261 0 
vn -0.99004 0.140786 0 
vn -0.983255 0.182236 0 
vn -0.977046 0.21303 0 
vn -0.969872 0.243615 0 
vn -0.961741 0.273959 0 
vn -0.952661 0.304033 0 
vn -0.942641 0.333807 0 
vn -0.931691 0.363251 0 
vn -0.919821 0.392337 0 
vn -0.907044 0.421036 0 
vn -0.893371 0.449319 0 
vn -0.878817 0.477159 0 
vn -0.89331 0.449442 0 
vn -0.863396 0.504528 0 
vn -0.847122 0.531399 0 
vn -0.830012 0.557745 0 
vn -0.812084 0.583541 0 
vn -0.793353 0.608761 0 
vn -0.893371 0.449319 0 
vn -0.996041 0.0888943 0 
vn 0.707107 0.707107 0 
vn 0.729864 0.683592 0 
vn 0.75184 0.659346 0 
vn 0.77301 0.634393 0 
vn 0.793353 0.608761 0 
vn -0.92388 0.382683 0 
vn -0.910864 0.412707 0 
vn -0.896873 0.442289 0 
vn -0.881921 0.471397 0 
vn -0.866025 0.5 0 
vn -0.849202 0.528068 0 
vn -0.83147 0.55557 0 
vn -0.812847 0.582478 0 
vn -0.824542 0.565801 0 
vn -0.793353 0.608761 0 
vn -0.83147 0.55557 0 
vn -0.995185 0.0980171 0 
vn -0.991445 0.130526 0 
vn -0.997859 0.0654031 0 
vn -0.995185 0.0980171 0 
vn -0.999465 0.0327191 0 
vn -0.997859 0.0654031 0 
vn -1 -5.66554e-16 0 
vn -0.999465 0.0327191 0 
vn -0.999465 -0.0327191 0 
vn -1 -5.66554e-16 0 
vn -0.997859 -0.0654031 0 
vn -0.999465 -0.0327191 0 
vn -0.995185 -0.0980171 0 
vn -0.997859 -0.0654031 0 
vn -0.991445 -0.130526 0 
vn -0.991693 -0.12863 0 
vn -0.986643 -0.162895 0 
vn -0.988419 -0.151747 0 
vn -0.980785 -0.19509 0 
vn -0.973877 -0.227076 0 
vn -0.965926 -0.258819 0 
vn -0.95694 -0.290285 0 
vn -0.94693 -0.321439 0 
vn -0.935906 -0.35225 0 
vn -0.92388 -0.382683 0 
vn -0.926116 -0.377239 0 
vn -0.910864 -0.412707 0 
vn -0.896873 -0.442289 0 
vn -0.881921 -0.471397 0 
vn -0.866025 -0.5 0 
vn -0.874796 -0.484492 0 
vn -0.881921 -0.471397 0 
vn -0.849202 -0.528068 0 
vn -0.83147 -0.55557 0 
vn -0.812847 -0.582478 0 
vn -0.793353 -0.608761 0 
vn -0.77301 -0.634393 0 
vn -0.75184 -0.659346 0 
vn -0.729864 -0.683592 0 
vn -0.707107 -0.707107 0 
vn -0.097182 -0.995267 0 
vn -0.130526 -0.991445 0 
vn -0.0637284 -0.997967 0 
vn -0.097182 -0.995267 0 
vn -0.030203 -0.999544 0 
vn -0.0637284 -0.997967 0 
vn 0.0033564 -0.999994 0 
vn -0.030203 -0.999544 0 
vn 0.036912 -0.999319 0 
vn 0.0033564 -0.999994 0 
vn 0.0704261 -0.997517 0 
vn 0.036912 -0.999319 0 
vn 0.103861 -0.994592 0 
vn 0.0704261 -0.997517 0 
vn 0.137179 -0.990546 0 
vn 0.103861 -0.994592 0 
vn 0.170342 -0.985385 0 
vn 0.137179 -0.990546 0 
vn 0.203313 -0.979114 0 
vn 0.170342 -0.985385 0 
vn 0.236055 -0.97174 0 
vn 0.203313 -0.979114 0 
vn 0.268532 -0.963271 0 
vn 0.236055 -0.97174 0 
vn 0.300706 -0.953717 0 
vn 0.268532 -0.963271 0 
vn 0.332541 -0.943089 0 
vn 0.321254 -0.946993 0 
vn 0.364002 -0.931398 0 
vn 0.395052 -0.918659 0 
vn 0.425658 -0.904884 0 
vn 0.455784 -0.89009 0 
vn 0.485397 -0.874294 0 
vn 0.514463 -0.857513 0 
vn 0.542949 -0.839766 0 
vn 0.570824 -0.821073 0 
vn 0.598056 -0.801455 0 
vn 0.624614 -0.780934 0 
vn 0.650468 -0.759533 0 
vn 0.648913 -0.760863 0 
vn 0.67559 -0.737277 0 
vn 0.699951 -0.714191 0 
vn 0.723523 -0.6903 0 
vn 0.746281 -0.665631 0 
vn 0.768198 -0.640213 0 
vn 0.789249 -0.614073 0 
vn 0.809411 -0.587242 0 
vn 0.828662 -0.559749 0 
vn 0.846979 -0.531626 0 
vn 0.864342 -0.502904 0 
vn 0.880732 -0.473615 0 
vn 0.874796 -0.484491 0 
vn 0.896129 -0.443793 0 
vn 0.910517 -0.413471 0 
vn 0.92388 -0.382683 0 
vn -0.793353 -0.608761 0 
vn -0.770036 -0.638 0 
vn -0.782691 -0.622411 0 
vn -0.793353 -0.608761 0 
vn -0.745642 -0.666347 0 
vn -0.720205 -0.693761 0 
vn -0.693761 -0.720205 0 
vn -0.666347 -0.745642 0 
vn -0.638 -0.770036 0 
vn -0.608761 -0.793353 0 
vn -0.578671 -0.815561 0 
vn -0.547772 -0.836628 0 
vn -0.55528 -0.831663 0 
vn -0.516106 -0.856525 0 
vn -0.483719 -0.875223 0 
vn -0.450655 -0.892698 0 
vn -0.416961 -0.908924 0 
vn -0.382683 -0.92388 0 
vn -0.347871 -0.937542 0 
vn -0.312572 -0.949894 0 
vn -0.276836 -0.960917 0 
vn -0.240712 -0.970597 0 
vn -0.204252 -0.978918 0 
vn -0.167506 -0.985871 0 
vn -0.130526 -0.991445 0 
vn -0.0933636 -0.995632 0 
vn -0.0560704 -0.998427 0 
vn -0.0186989 -0.999825 0 
vn 0.0186989 -0.999825 0 
vn 0.0560704 -0.998427 0 
vn 0.0933636 -0.995632 0 
vn 0.130526 -0.991445 0 
vn 0.167506 -0.985871 0 
vn 0.204252 -0.978918 0 
vn 0.240712 -0.970597 0 
vn 0.276836 -0.960917 0 
vn 0.312572 -0.949894 0 
vn 0.347871 -0.937542 0 
vn 0.382683 -0.92388 0 
vn 0.416961 -0.908924 0 
vn 0.412666 -0.910882 0 
vn 0.450655 -0.892698 0 
vn 0.483719 -0.875223 0 
vn 0.516106 -0.856525 0 
vn 0.547772 -0.836628 0 
vn 0.578671 -0.815561 0 
vn 0.608761 -0.793353 0 
vn -0.793353 -0.608761 0 
vn -0.608761 0.793353 0 
vn -0.580319 0.814389 0 
vn -0.55115 0.834406 0 
vn -0.521291 0.853379 0 
vn -0.49078 0.871283 0 
vn -0.459655 0.888097 0 
vn -0.427955 0.9038 0 
vn -0.395719 0.918372 0 
vn -0.362988 0.931794 0 
vn -0.375177 0.926953 0 
vn -0.329802 0.94405 0 
vn -0.296204 0.955125 0 
vn -0.262235 0.965004 0 
vn -0.227938 0.973676 0 
vn -0.193355 0.981129 0 
vn -0.158531 0.987354 0 
vn -0.123508 0.992344 0 
vn -0.0883305 0.996091 0 
vn -0.0530425 0.998592 0 
vn -0.0176882 0.999844 0 
vn 0.0176882 0.999844 0 
vn 0.0530425 0.998592 0 
vn 0.0883305 0.996091 0 
vn 0.123508 0.992344 0 
vn 0.158531 0.987354 0 
vn 0.193355 0.981129 0 
vn 0.227938 0.973676 0 
vn 0.262235 0.965004 0 
vn 0.296204 0.955125 0 
vn 0.329802 0.94405 0 
vn 0.362988 0.931794 0 
vn 0.395719 0.918372 0 
vn 0.427955 0.9038 0 
vn 0.459655 0.888097 0 
vn 0.49078 0.871283 0 
vn 0.521291 0.853379 0 
vn 0.504814 0.863228 0 
vn 0.55115 0.834406 0 
vn 0.580319 0.814389 0 
vn 0.608761 0.793353 0 
vn 0.49078 0.871283 0 
vn -0.395719 0.918372 0 
vn -0.130526 -0.991445 0 
vn 0.815561 -0.578671 0 
vn 0.793353 -0.608761 0 
vn 0.836628 -0.547772 0 
vn 0.833649 -0.552295 0 
vn 0.856525 -0.516106 0 
vn 0.875223 -0.483719 0 
vn 0.892698 -0.450655 0 
vn 0.908924 -0.416961 0 
vn 0.92388 -0.382683 0 
vn 0.937542 -0.347871 0 
vn 0.949894 -0.312572 0 
vn 0.960917 -0.276836 0 
vn 0.970597 -0.240712 0 
vn 0.978918 -0.204252 0 
vn 0.985871 -0.167506 0 
vn 0.980815 -0.194939 0 
vn 0.978918 -0.204252 0 
vn 0.991445 -0.130526 0 
vn 0.986253 -0.165241 0 
vn 0.608761 0.793353 0 
vn -0.991445 0.130526 0 
vn -0.986643 0.162895 0 
vn -0.988651 0.150232 0 
vn -0.980785 0.19509 0 
vn -0.984172 0.177217 0 
vn -0.973877 0.227076 0 
vn -0.965926 0.258819 0 
vn -0.991445 0.130526 0 
vn -0.793353 0.608761 0 
vn -0.130526 -0.991445 0 
vn 0.866025 -0.5 0 
vn -0.608761 0.793353 0 
vn 0.77301 0.634393 0 
vn 0.793353 0.608761 0 
vn 0.75184 0.659346 0 
vn 0.77301 0.634393 0 
vn 0.729864 0.683592 0 
vn 0.75184 0.659346 0 
vn 0.707107 0.707107 0 
vn 0.729864 0.683592 0 
vn 0.683592 0.729864 0 
vn 0.707107 0.707107 0 
vn 0.659346 0.75184 0 
vn 0.682444 0.730938 0 
vn 0.683592 0.729864 0 
vn 0.634393 0.77301 0 
vn 0.648977 0.760808 0 
vn 0.608761 0.793353 0 
vn 0.582478 0.812847 0 
vn 0.55557 0.83147 0 
vn 0.528068 0.849202 0 
vn 0.5 0.866025 0 
vn 0.130526 -0.991445 0 
vn -0.707107 0.707107 0 
vn -0.684415 0.729092 0 
vn -0.661041 0.75035 0 
vn -0.637007 0.770858 0 
vn -0.612336 0.790597 0 
vn -0.587055 0.809547 0 
vn -0.6021 0.798421 0 
vn -0.561187 0.827689 0 
vn -0.534759 0.845004 0 
vn -0.507798 0.861476 0 
vn -0.480329 0.877088 0 
vn -0.452381 0.891825 0 
vn -0.423981 0.905671 0 
vn -0.395159 0.918613 0 
vn -0.365941 0.930638 0 
vn -0.336359 0.941734 0 
vn -0.30644 0.95189 0 
vn -0.276216 0.961096 0 
vn -0.298043 0.954552 0 
vn -0.245716 0.969342 0 
vn -0.21497 0.976621 0 
vn -0.184011 0.982924 0 
vn -0.152867 0.988247 0 
vn -0.121571 0.992583 0 
vn -0.0901531 0.995928 0 
vn -0.0586455 0.998279 0 
vn -0.0270794 0.999633 0 
vn 0.00451377 0.99999 0 
vn 0.0361024 0.999348 0 
vn 0.067655 0.997709 0 
vn 0.0991401 0.995073 0 
vn 0.130526 0.991445 0 
vn -0.30644 0.95189 0 
vn -0.612336 0.790597 0 
vn 0.991445 -0.130526 0 
vn 0.973877 -0.227076 0 
vn 0.965926 -0.258819 0 
vn 0.980785 -0.19509 0 
vn 0.973877 -0.227076 0 
vn 0.986643 -0.162895 0 
vn 0.980785 -0.19509 0 
vn 0.991445 -0.130526 0 
vn 0.988419 -0.151747 0 
vn 0.986643 -0.162895 0 
vn 0.995185 -0.0980171 0 
vn 0.991693 -0.12863 0 
vn 0.997859 -0.0654031 0 
vn 0.999465 -0.0327191 0 
vn 1 2.44929e-16 0 
vn 0.999465 0.0327191 0 
vn 0.997859 0.0654031 0 
vn 0.995185 0.0980171 0 
vn 0.991445 0.130526 0 
vn -0.258819 -0.965926 0 
vn 0.382683 0.92388 0 
vn 0.707107 -0.707107 0 
vn -0.608761 -0.793353 0 
vn 0.707107 0.707107 0 
vn 0 1 0 
vn 0 0 1 
vn -0.258819 -0.965926 0 
vn -0.29313 -0.956073 0 
vn -0.327068 -0.945001 0 
vn -0.360589 -0.932725 0 
vn -0.39365 -0.91926 0 
vn -0.375181 -0.926952 0 
vn -0.42621 -0.904624 0 
vn -0.458227 -0.888835 0 
vn -0.489659 -0.871914 0 
vn -0.520468 -0.853881 0 
vn -0.550613 -0.834761 0 
vn -0.520928 -0.8536 0 
vn -0.580057 -0.814576 0 
vn -0.608761 -0.793353 0 
vn -0.63669 -0.77112 0 
vn -0.663808 -0.747903 0 
vn -0.690079 -0.723734 0 
vn -0.715471 -0.698642 0 
vn -0.739951 -0.67266 0 
vn -0.763489 -0.645821 0 
vn -0.757886 -0.652388 0 
vn -0.786053 -0.618159 0 
vn -0.807616 -0.589709 0 
vn -0.7882 -0.615419 0 
vn -0.828149 -0.560508 0 
vn -0.847627 -0.530592 0 
vn -0.866025 -0.5 0 
vn -0.88332 -0.468771 0 
vn -0.899488 -0.436945 0 
vn -0.914511 -0.404561 0 
vn -0.928368 -0.371662 0 
vn -0.941042 -0.33829 0 
vn -0.952517 -0.304486 0 
vn -0.962778 -0.270295 0 
vn -0.971812 -0.235759 0 
vn -0.979607 -0.200922 0 
vn -0.986154 -0.16583 0 
vn -0.991445 -0.130526 0 
vn -0.786053 -0.618159 0 
vn -0.739951 -0.67266 0 
vn -0.520468 -0.853881 0 
vn -0.360589 -0.932725 0 
vn 0 0 1 
vn 0.382683 -0.92388 0 
vn 0.5373 -0.843391 0 
vn 0.508977 -0.86078 0 
vn 0.5 -0.866025 0 
vn 0.573576 -0.819152 0 
vn 0.570704 -0.821156 0 
vn 0.608761 -0.793353 0 
vn 0.642788 -0.766044 0 
vn 0.67559 -0.737277 0 
vn 0.707107 -0.707107 0 
vn 0.737277 -0.67559 0 
vn 0.766044 -0.642788 0 
vn 0.793353 -0.608761 0 
vn 0.819152 -0.573576 0 
vn 0.843391 -0.5373 0 
vn 0.866025 -0.5 0 
vn 0.887011 -0.461749 0 
vn 0.906308 -0.422618 0 
vn 0.92388 -0.382683 0 
vn 0.939693 -0.34202 0 
vn 0.953717 -0.300706 0 
vn 0.965926 -0.258819 0 
vn 0.96297 -0.26961 0 
vn 0.976296 -0.21644 0 
vn 0.97353 -0.22856 0 
vn 0.984808 -0.173648 0 
vn 0.991445 -0.130526 0 
vn 0.996195 -0.0871557 0 
vn 0.999048 -0.0436194 0 
vn 1 2.44929e-16 0 
vn 0.999048 0.0436194 0 
vn 0.996195 0.0871557 0 
vn 0.991445 0.130526 0 
vn 0.5 -0.866025 0 
vn -0.991445 -0.130526 0 
vn -0.996058 -0.088708 0 
vn -0.998907 -0.0467329 0 
vn -0.999989 -0.00467497 0 
vn -0.999301 0.0373912 0 
vn -0.996844 0.0793912 0 
vn -0.992622 0.121251 0 
vn -0.986643 0.162895 0 
vn -0.978918 0.204252 0 
vn -0.979251 0.202653 0 
vn -0.969461 0.245247 0 
vn -0.971002 0.239071 0 
vn -0.958287 0.285808 0 
vn -0.945417 0.325863 0 
vn -0.930874 0.365341 0 
vn -0.914683 0.404173 0 
vn -0.896873 0.442289 0 
vn -0.877475 0.479622 0 
vn -0.856525 0.516106 0 
vn -0.834058 0.551677 0 
vn -0.810115 0.586271 0 
vn -0.784738 0.619828 0 
vn -0.757972 0.652287 0 
vn -0.729864 0.683592 0 
vn -0.700465 0.713687 0 
vn -0.669825 0.742519 0 
vn -0.638 0.770036 0 
vn -0.646012 0.763328 0 
vn -0.605046 0.796191 0 
vn -0.571021 0.820936 0 
vn -0.535985 0.844228 0 
vn -0.5 0.866025 0 
vn -0.506123 0.862461 0 
vn -0.535985 0.844228 0 
vn -0.669825 0.742519 0 
vn -0.986643 0.162895 0 
vn 0.866025 0.5 0 
vn -0.130526 0.991445 0 
vn 0.984808 0.173648 0 
vn 0.991445 0.130526 0 
vn 0.976296 0.21644 0 
vn 0.984808 0.173648 0 
vn 0.965926 0.258819 0 
vn 0.976296 0.21644 0 
vn 0.953717 0.300706 0 
vn 0.965926 0.258819 0 
vn 0.939693 0.34202 0 
vn 0.953717 0.300706 0 
vn 0.92388 0.382683 0 
vn 0.939693 0.34202 0 
vn 0.908673 0.417509 0 
vn 0.92388 0.382683 0 
vn 0.892154 0.451732 0 
vn 0.908673 0.417509 0 
vn 0.874347 0.485302 0 
vn 0.892154 0.451732 0 
vn 0.855277 0.518171 0 
vn 0.874347 0.485302 0 
vn 0.834972 0.550293 0 
vn 0.855277 0.518171 0 
vn 0.813461 0.581619 0 
vn 0.833613 0.552349 0 
vn 0.834972 0.550293 0 
vn 0.790776 0.612106 0 
vn 0.766948 0.641709 0 
vn 0.742014 0.670385 0 
vn 0.716007 0.698093 0 
vn 0.735973 0.677011 0 
vn 0.742014 0.670385 0 
vn 0.688967 0.724793 0 
vn 0.660932 0.750446 0 
vn 0.631942 0.775016 0 
vn 0.60204 0.798466 0 
vn 0.571268 0.820763 0 
vn 0.539672 0.841876 0 
vn 0.507296 0.861772 0 
vn 0.474187 0.880424 0 
vn 0.440394 0.897805 0 
vn 0.405965 0.913889 0 
vn 0.412681 0.910876 0 
vn 0.37095 0.928653 0 
vn 0.335399 0.942076 0 
vn 0.343719 0.939073 0 
vn 0.299363 0.954139 0 
vn 0.262895 0.964824 0 
vn 0.226048 0.974116 0 
vn 0.188874 0.982001 0 
vn 0.151428 0.988468 0 
vn 0.113763 0.993508 0 
vn 0.0759331 0.997113 0 
vn 0.037994 0.999278 0 
vn -1.83697e-16 1 0 
vn 1 5.85396e-17 0 
vn 0.382683 0.92388 0 
vn 0.92388 -0.382683 0 
vn 0.911164 -0.412045 0 
vn 0.897515 -0.440984 0 
vn 0.882948 -0.469472 0 
vn 0.867476 -0.497479 0 
vn 0.872316 -0.488942 0 
vn 0.851117 -0.524977 0 
vn 0.859272 -0.511519 0 
vn 0.833886 -0.551937 0 
vn 0.815801 -0.578332 0 
vn 0.796882 -0.604136 0 
vn 0.777146 -0.62932 0 
vn 0.756615 -0.653861 0 
vn 0.735309 -0.677732 0 
vn 0.71325 -0.700909 0 
vn 0.734935 -0.678138 0 
vn 0.690462 -0.723369 0 
vn 0.666966 -0.745088 0 
vn 0.642788 -0.766044 0 
vn 0.617951 -0.786217 0 
vn 0.592482 -0.805584 0 
vn 0.566406 -0.824126 0 
vn 0.539751 -0.841825 0 
vn 0.512543 -0.858662 0 
vn 0.48481 -0.87462 0 
vn 0.45658 -0.889682 0 
vn 0.427884 -0.903834 0 
vn 0.398749 -0.91706 0 
vn 0.400999 -0.916078 0 
vn 0.369206 -0.929348 0 
vn 0.339285 -0.940684 0 
vn 0.309017 -0.951057 0 
vn 0.278432 -0.960456 0 
vn 0.247563 -0.968872 0 
vn 0.21644 -0.976296 0 
vn 0.185095 -0.982721 0 
vn 0.153561 -0.988139 0 
vn 0.121869 -0.992546 0 
vn 0.0900532 -0.995937 0 
vn 0.0581448 -0.998308 0 
vn 0.0261769 -0.999657 0 
vn -0.00581773 -0.999983 0 
vn -0.0378065 -0.999285 0 
vn -0.0697565 -0.997564 0 
vn -0.101635 -0.994822 0 
vn -0.13341 -0.991061 0 
vn -0.165048 -0.986286 0 
vn -0.196517 -0.9805 0 
vn -0.227784 -0.973712 0 
vn -0.258819 -0.965926 0 
vn 0.427884 -0.903834 0 
vn 0.735309 -0.677732 0 
vn 0.882948 -0.469472 0 
vn -0.965926 0.258819 0 
vn -0.0327191 0.999465 0 
vn -1.83697e-16 1 0 
vn -0.0654031 0.997859 0 
vn -0.0327191 0.999465 0 
vn -0.0980171 0.995185 0 
vn -0.0654031 0.997859 0 
vn -0.130526 0.991445 0 
vn -0.0980171 0.995185 0 
vn -0.162895 0.986643 0 
vn -0.130526 0.991445 0 
vn -0.19509 0.980785 0 
vn -0.162895 0.986643 0 
vn -0.227076 0.973877 0 
vn -0.19509 0.980785 0 
vn -0.258819 0.965926 0 
vn -0.227076 0.973877 0 
vn -0.290285 0.95694 0 
vn -0.258819 0.965926 0 
vn -0.321439 0.94693 0 
vn -0.290285 0.95694 0 
vn -0.35225 0.935906 0 
vn -0.321439 0.94693 0 
vn -0.382683 0.92388 0 
vn -0.35225 0.935906 0 
vn -0.412707 0.910864 0 
vn -0.382683 0.92388 0 
vn -0.442289 0.896873 0 
vn -0.432251 0.901753 0 
vn -0.471397 0.881921 0 
vn -0.5 0.866025 0 
vn -0.528068 0.849202 0 
vn -0.55557 0.83147 0 
vn -0.582478 0.812847 0 
vn -0.608761 0.793353 0 
vn -0.634393 0.77301 0 
vn -0.659346 0.75184 0 
vn -0.683592 0.729864 0 
vn -0.682444 0.730938 0 
vn -0.707107 0.707107 0 
vn -0.729864 0.683592 0 
vn -0.75184 0.659346 0 
vn -0.77301 0.634393 0 
vn -0.793353 0.608761 0 
vn -0.812847 0.582478 0 
vn -0.83147 0.55557 0 
vn -0.849202 0.528068 0 
vn -0.866025 0.5 0 
vn -0.849892 0.526957 0 
vn -0.849202 0.528068 0 
vn -0.881921 0.471397 0 
vn -0.896873 0.442289 0 
vn -0.910864 0.412707 0 
vn -0.92388 0.382683 0 
vn -0.382683 -0.92388 0 
vn 0 0 1 
vn 0.258819 0.965926 0 
vn 0.258819 -0.965926 0 
vn -0.5 0.866025 0 
vn -0.422618 0.906308 0 
vn -0.382683 0.92388 0 
vn -0.461749 0.887011 0 
vn -0.422618 0.906308 0 
vn -0.5 0.866025 0 
vn -0.461749 0.887011 0 
vn -0.5373 0.843391 0 
vn -0.5 0.866025 0 
vn -0.573576 0.819152 0 
vn -0.5373 0.843391 0 
vn -0.608761 0.793353 0 
vn -0.573576 0.819152 0 
vn -0.642788 0.766044 0 
vn -0.608761 0.793353 0 
vn -0.67559 0.737277 0 
vn -0.642788 0.766044 0 
vn -0.707107 0.707107 0 
vn -0.67559 0.737277 0 
vn -0.737277 0.67559 0 
vn -0.707107 0.707107 0 
vn -0.766044 0.642788 0 
vn -0.737277 0.67559 0 
vn -0.793353 0.608761 0 
vn -0.766044 0.642788 0 
vn -0.819152 0.573576 0 
vn -0.793353 0.608761 0 
vn -0.843391 0.5373 0 
vn -0.819152 0.573576 0 
vn -0.866025 0.5 0 
vn -0.843391 0.5373 0 
vn -0.887011 0.461749 0 
vn -0.866025 0.5 0 
vn -0.906308 0.422618 0 
vn -0.887011 0.461749 0 
vn -0.92388 0.382683 0 
vn -0.906308 0.422618 0 
vn -0.939693 0.34202 0 
vn -0.92388 0.382683 0 
vn -0.953717 0.300706 0 
vn -0.939693 0.34202 0 
vn -0.965926 0.258819 0 
vn -0.953717 0.300706 0 
vn -0.976296 0.21644 0 
vn -0.965926 0.258819 0 
vn -0.984808 0.173648 0 
vn -0.976296 0.21644 0 
vn -0.991445 0.130526 0 
vn -0.984808 0.173648 0 
vn -0.996195 0.0871557 0 
vn -0.991445 0.130526 0 
vn -0.999048 0.0436194 0 
vn -0.996195 0.0871557 0 
vn -1 3.43025e-15 0 
vn -0.999048 0.0436194 0 
vn -0.999048 -0.0436194 0 
vn -1 3.43025e-15 0 
vn -0.996195 -0.0871557 0 
vn -0.999048 -0.0436194 0 
vn -0.991445 -0.130526 0 
vn -0.996195 -0.0871557 0 
vn -0.984808 -0.173648 0 
vn -0.991445 -0.130526 0 
vn -0.976296 -0.21644 0 
vn -0.984808 -0.173648 0 
vn -0.965926 -0.258819 0 
vn -0.976296 -0.21644 0 
vn -0.953717 -0.300706 0 
vn -0.965926 -0.258819 0 
vn -0.939693 -0.34202 0 
vn -0.953717 -0.300706 0 
vn -0.92388 -0.382683 0 
vn -0.939693 -0.34202 0 
vn -0.906308 -0.422618 0 
vn -0.92388 -0.382683 0 
vn -0.887011 -0.461749 0 
vn -0.906308 -0.422618 0 
vn -0.866025 -0.5 0 
vn -0.887011 -0.461749 0 
vn -0.92388 -0.382683 0 
vn 0.965926 0.258819 0 
vn 0.976017 0.217692 0 
vn 0.984359 0.176175 0 
vn 0.990935 0.134342 0 
vn 0.995734 0.0922684 0 
vn 0.998748 0.050029 0 
vn 0.99997 0.00769991 0 
vn 0.9994 -0.034643 0 
vn 0.997037 -0.0769238 0 
vn 0.992886 -0.119067 0 
vn 0.986955 -0.160996 0 
vn 0.979254 -0.202636 0 
vn 0.969797 -0.243914 0 
vn 0.958601 -0.284754 0 
vn 0.945686 -0.325083 0 
vn 0.931075 -0.364829 0 
vn 0.914794 -0.403921 0 
vn 0.896873 -0.442289 0 
vn 0.877343 -0.479863 0 
vn 0.856241 -0.516577 0 
vn 0.833602 -0.552365 0 
vn 0.809469 -0.587162 0 
vn 0.783885 -0.620906 0 
vn 0.756894 -0.653537 0 
vn 0.728547 -0.684996 0 
vn 0.698893 -0.715226 0 
vn 0.667985 -0.744174 0 
vn 0.63588 -0.771788 0 
vn 0.602635 -0.798017 0 
vn 0.568308 -0.822816 0 
vn 0.532963 -0.846138 0 
vn 0.496662 -0.867944 0 
vn 0.45947 -0.888193 0 
vn 0.421455 -0.906849 0 
vn 0.382683 -0.92388 0 
vn -0.939693 0.34202 0 
vn -0.92388 0.382683 0 
vn -0.953717 0.300706 0 
vn -0.939693 0.34202 0 
vn -0.965926 0.258819 0 
vn -0.953717 0.300706 0 
vn -0.976296 0.21644 0 
vn -0.965926 0.258819 0 
vn -0.984808 0.173648 0 
vn -0.976296 0.21644 0 
vn -0.991445 0.130526 0 
vn -0.984808 0.173648 0 
vn -0.996195 0.0871557 0 
vn -0.991445 0.130526 0 
vn -0.999048 0.0436194 0 
vn -0.996195 0.0871557 0 
vn -1 -1.22465e-16 0 
vn -0.999048 0.0436194 0 
vn -0.999048 -0.0436194 0 
vn -1 -1.22465e-16 0 
vn -0.996195 -0.0871557 0 
vn -0.999048 -0.0436194 0 
vn -0.991445 -0.130526 0 
vn -0.996195 -0.0871557 0 
vn -0.984808 -0.173648 0 
vn -0.991445 -0.130526 0 
vn -0.976296 -0.21644 0 
vn -0.984808 -0.173648 0 
vn -0.965926 -0.258819 0 
vn -0.97353 -0.22856 0 
vn -0.976296 -0.21644 0 
vn -0.991445 -0.130526 0 
vn -0.844228 -0.535985 0 
vn -0.866025 -0.5 0 
vn -0.820936 -0.571021 0 
vn -0.844228 -0.535985 0 
vn -0.796191 -0.605046 0 
vn -0.820936 -0.571021 0 
vn -0.770036 -0.638 0 
vn -0.796191 -0.605046 0 
vn -0.742519 -0.669825 0 
vn -0.767893 -0.640578 0 
vn -0.770036 -0.638 0 
vn -0.713687 -0.700465 0 
vn -0.683592 -0.729864 0 
vn -0.652287 -0.757972 0 
vn -0.619828 -0.784738 0 
vn -0.586271 -0.810115 0 
vn -0.551677 -0.834058 0 
vn -0.516106 -0.856525 0 
vn -0.479622 -0.877475 0 
vn -0.509026 -0.860751 0 
vn -0.516106 -0.856525 0 
vn -0.442289 -0.896873 0 
vn -0.404173 -0.914683 0 
vn -0.365341 -0.930874 0 
vn -0.325863 -0.945417 0 
vn -0.285808 -0.958287 0 
vn -0.245247 -0.969461 0 
vn -0.204252 -0.978918 0 
vn -0.162895 -0.986643 0 
vn -0.121251 -0.992622 0 
vn -0.0793912 -0.996844 0 
vn -0.0373912 -0.999301 0 
vn 0.00467497 -0.999989 0 
vn 0.0467329 -0.998907 0 
vn 0.088708 -0.996058 0 
vn 0.130526 -0.991445 0 
vn -0.130526 0.991445 0 
vn -0.0890053 0.996031 0 
vn -0.047329 0.998879 0 
vn -0.00557017 0.999984 0 
vn 0.0361984 0.999345 0 
vn 0.0779038 0.996961 0 
vn 0.119473 0.992837 0 
vn 0.160834 0.986981 0 
vn 0.201915 0.979403 0 
vn 0.242642 0.970116 0 
vn 0.282947 0.959136 0 
vn 0.322758 0.946482 0 
vn 0.362005 0.932176 0 
vn 0.400621 0.916244 0 
vn 0.438538 0.898713 0 
vn 0.47569 0.879613 0 
vn 0.512011 0.858979 0 
vn 0.547439 0.836846 0 
vn 0.581912 0.813252 0 
vn 0.615369 0.788239 0 
vn 0.647752 0.761851 0 
vn 0.646123 0.763234 0 
vn 0.679005 0.734133 0 
vn 0.709073 0.705135 0 
vn 0.680953 0.732327 0 
vn 0.737904 0.674905 0 
vn 0.765447 0.643499 0 
vn 0.791655 0.610969 0 
vn 0.816481 0.577373 0 
vn 0.839882 0.542769 0 
vn 0.861818 0.507218 0 
vn 0.882249 0.470783 0 
vn 0.901141 0.433525 0 
vn 0.918461 0.395511 0 
vn 0.934178 0.356807 0 
vn 0.948265 0.317481 0 
vn 0.960697 0.2776 0 
vn 0.971452 0.237235 0 
vn 0.971006 0.239053 0 
vn 0.980513 0.196456 0 
vn 0.979247 0.202669 0 
vn 0.987862 0.155334 0 
vn 0.993488 0.113941 0 
vn 0.997379 0.0723493 0 
vn 0.999531 0.0306313 0 
vn 0.999938 -0.0111402 0 
vn 0.9986 -0.0528922 0 
vn 0.99552 -0.0945519 0 
vn 0.990702 -0.136047 0 
vn 0.984156 -0.177304 0 
vn 0.975892 -0.218252 0 
vn 0.965926 -0.258819 0 
vn 0.960697 0.2776 0 
vn 0.679005 0.734133 0 
vn 0.615369 0.788239 0 
vn -0.29404 0.955793 0 
vn -0.258819 0.965926 0 
vn -0.328867 0.944376 0 
vn -0.29404 0.955793 0 
vn -0.363251 0.931691 0 
vn -0.343628 0.939106 0 
vn -0.328867 0.944376 0 
vn -0.397148 0.917755 0 
vn -0.430511 0.902585 0 
vn -0.463296 0.886204 0 
vn -0.495459 0.868632 0 
vn -0.526956 0.849893 0 
vn -0.557745 0.830012 0 
vn -0.555238 0.831692 0 
vn -0.587785 0.809017 0 
vn -0.617036 0.786935 0 
vn -0.645458 0.763796 0 
vn -0.673013 0.739631 0 
vn -0.699663 0.714473 0 
vn -0.725374 0.688355 0 
vn -0.750111 0.661312 0 
vn -0.735952 0.677034 0 
vn -0.725374 0.688355 0 
vn -0.77384 0.633381 0 
vn -0.79653 0.604599 0 
vn -0.81815 0.575005 0 
vn -0.838671 0.544639 0 
vn -0.858065 0.513541 0 
vn -0.876307 0.481754 0 
vn -0.893371 0.449319 0 
vn -0.909236 0.416281 0 
vn -0.92388 0.382683 0 
vn -0.382683 0.92388 0 
vn -0.974696 0.223534 0 
vn -0.965926 0.258819 0 
vn -0.982178 0.187953 0 
vn -0.974696 0.223534 0 
vn -0.988362 0.152123 0 
vn -0.982178 0.187953 0 
vn -0.993238 0.116093 0 
vn -0.988362 0.152123 0 
vn -0.996802 0.079909 0 
vn -0.993238 0.116093 0 
vn -0.999048 0.0436194 0 
vn -0.996802 0.079909 0 
vn -0.999974 0.00727214 0 
vn -0.999048 0.0436194 0 
vn -0.999577 -0.0290847 0 
vn -0.999974 0.00727214 0 
vn -0.997859 -0.0654031 0 
vn -0.999577 -0.0290847 0 
vn -0.994822 -0.101635 0 
vn -0.997859 -0.0654031 0 
vn -0.990469 -0.137733 0 
vn -0.994822 -0.101635 0 
vn -0.984808 -0.173648 0 
vn -0.986251 -0.165254 0 
vn -0.977844 -0.209334 0 
vn -0.980814 -0.194944 0 
vn -0.969588 -0.244743 0 
vn -0.96005 -0.279829 0 
vn -0.949243 -0.314545 0 
vn -0.937181 -0.348845 0 
vn -0.92388 -0.382683 0 
vn -0.965926 -0.258819 0 
vn 0.92388 0.382683 0 
vn 0.937127 0.34899 0 
vn 0.949145 0.314838 0 
vn 0.95992 0.280275 0 
vn 0.969436 0.245343 0 
vn 0.977682 0.210091 0 
vn 0.984646 0.174562 0 
vn 0.984175 0.177202 0 
vn 0.99032 0.138805 0 
vn 0.98865 0.150235 0 
vn 0.994695 0.102866 0 
vn 0.997767 0.0667926 0 
vn 0.999531 0.0306313 0 
vn 0.999984 -0.00557017 0 
vn 0.999127 -0.0417643 0 
vn 0.996961 -0.0779038 0 
vn 0.993488 -0.113941 0 
vn 0.988712 -0.149829 0 
vn 0.98264 -0.185521 0 
vn 0.975281 -0.220969 0 
vn 0.966643 -0.256128 0 
vn 0.956738 -0.290951 0 
vn 0.945579 -0.325393 0 
vn 0.933181 -0.359408 0 
vn 0.919559 -0.392952 0 
vn 0.904732 -0.425981 0 
vn 0.888719 -0.458452 0 
vn 0.871542 -0.490321 0 
vn 0.853222 -0.521548 0 
vn 0.833783 -0.552092 0 
vn 0.813252 -0.581912 0 
vn 0.791655 -0.610969 0 
vn 0.76902 -0.639225 0 
vn 0.788185 -0.615438 0 
vn 0.745377 -0.666643 0 
vn 0.720757 -0.693188 0 
vn 0.695192 -0.718824 0 
vn 0.668717 -0.743517 0 
vn 0.641364 -0.767237 0 
vn 0.613171 -0.78995 0 
vn 0.584174 -0.811628 0 
vn 0.554412 -0.832242 0 
vn 0.523923 -0.851766 0 
vn 0.492747 -0.870173 0 
vn 0.504814 -0.863228 0 
vn 0.52086 -0.853642 0 
vn 0.492747 -0.870173 0 
vn 0.460925 -0.887439 0 
vn 0.428499 -0.903542 0 
vn 0.395511 -0.918461 0 
vn 0.362005 -0.932176 0 
vn 0.328025 -0.944669 0 
vn 0.293614 -0.955924 0 
vn 0.258819 -0.965926 0 
vn 0.523923 -0.851766 0 
vn 0.791655 -0.610969 0 
vn 0.977682 0.210091 0 
vn -1.36592e-16 1 0 
vn -1 0 0 
vn 2.73185e-16 -1 0 
vn 1 0 0 
vn 0 0 1 
vn -0.573576 -0.819152 0 
vn -0.608761 -0.793353 0 
vn -0.5373 -0.843391 0 
vn -0.573576 -0.819152 0 
vn -0.5 -0.866025 0 
vn -0.5373 -0.843391 0 
vn -0.461749 -0.887011 0 
vn -0.5 -0.866025 0 
vn -0.422618 -0.906308 0 
vn -0.461749 -0.887011 0 
vn -0.382683 -0.92388 0 
vn -0.422618 -0.906308 0 
vn -0.34202 -0.939693 0 
vn -0.382683 -0.92388 0 
vn -0.300706 -0.953717 0 
vn -0.34202 -0.939693 0 
vn -0.258819 -0.965926 0 
vn -0.300706 -0.953717 0 
vn -0.21644 -0.976296 0 
vn -0.258819 -0.965926 0 
vn -0.173648 -0.984808 0 
vn -0.21644 -0.976296 0 
vn -0.130526 -0.991445 0 
vn -0.173648 -0.984808 0 
vn -0.0871557 -0.996195 0 
vn -0.130526 -0.991445 0 
vn -0.0436194 -0.999048 0 
vn -0.0871557 -0.996195 0 
vn -3.82857e-16 -1 0 
vn -0.0436194 -0.999048 0 
vn 0.0436194 -0.999048 0 
vn -3.82857e-16 -1 0 
vn 0.0871557 -0.996195 0 
vn 0.0436194 -0.999048 0 
vn 0.130526 -0.991445 0 
vn 0.0871557 -0.996195 0 
vn 0.173648 -0.984808 0 
vn 0.130526 -0.991445 0 
vn 0.21644 -0.976296 0 
vn 0.173648 -0.984808 0 
vn 0.258819 -0.965926 0 
vn 0.21644 -0.976296 0 
vn 0.300706 -0.953717 0 
vn 0.258819 -0.965926 0 
vn 0.34202 -0.939693 0 
vn 0.300706 -0.953717 0 
vn 0.382683 -0.92388 0 
vn 0.34202 -0.939693 0 
vn 0.422618 -0.906308 0 
vn 0.382683 -0.92388 0 
vn 0.461749 -0.887011 0 
vn 0.422618 -0.906308 0 
vn 0.5 -0.866025 0 
vn 0.461749 -0.887011 0 
vn 0.5373 -0.843391 0 
vn 0.5 -0.866025 0 
vn 0.573576 -0.819152 0 
vn 0.5373 -0.843391 0 
vn 0.608761 -0.793353 0 
vn 0.573576 -0.819152 0 
vn 0.642788 -0.766044 0 
vn 0.608761 -0.793353 0 
vn 0.67559 -0.737277 0 
vn 0.642788 -0.766044 0 
vn 0.707107 -0.707107 0 
vn 0.67559 -0.737277 0 
vn 0.737277 -0.67559 0 
vn 0.707107 -0.707107 0 
vn 0.766044 -0.642788 0 
vn 0.737277 -0.67559 0 
vn 0.793353 -0.608761 0 
vn 0.766044 -0.642788 0 
vn 0.819152 -0.573576 0 
vn 0.793353 -0.608761 0 
vn 0.843391 -0.5373 0 
vn 0.819152 -0.573576 0 
vn 0.866025 -0.5 0 
vn 0.843391 -0.5373 0 
vn 0.887011 -0.461749 0 
vn 0.866025 -0.5 0 
vn 0.906308 -0.422618 0 
vn 0.894238 -0.447592 0 
vn 0.887011 -0.461749 0 
vn 0.92388 -0.382683 0 
vn 0.906449 -0.422315 0 
vn 0.793353 -0.608761 0 
vn -0.92388 0.382683 0 
vn -0.906736 0.421698 0 
vn -0.887946 0.459948 0 
vn -0.867543 0.497361 0 
vn -0.845565 0.533872 0 
vn -0.822052 0.569413 0 
vn -0.797045 0.60392 0 
vn -0.770591 0.63733 0 
vn -0.742737 0.669583 0 
vn -0.766411 0.642351 0 
vn -0.713535 0.70062 0 
vn -0.683037 0.730384 0 
vn -0.651298 0.758822 0 
vn -0.618376 0.785882 0 
vn -0.584332 0.811515 0 
vn -0.549226 0.835674 0 
vn -0.513123 0.858315 0 
vn -0.476088 0.879397 0 
vn -0.438189 0.898883 0 
vn -0.399493 0.916736 0 
vn -0.360073 0.932924 0 
vn -0.319998 0.947418 0 
vn -0.279342 0.960192 0 
vn -0.238179 0.971221 0 
vn -0.196583 0.980487 0 
vn -0.15463 0.987972 0 
vn -0.112397 0.993663 0 
vn -0.0699589 0.99755 0 
vn -0.0273942 0.999625 0 
vn 0.0152203 0.999884 0 
vn 0.0578072 0.998328 0 
vn 0.100289 0.994958 0 
vn 0.142589 0.989782 0 
vn 0.18463 0.982808 0 
vn 0.226335 0.97405 0 
vn 0.267629 0.963522 0 
vn 0.308438 0.951244 0 
vn 0.348686 0.93724 0 
vn 0.388301 0.921533 0 
vn 0.427211 0.904152 0 
vn 0.465345 0.885129 0 
vn 0.502634 0.864499 0 
vn 0.53901 0.842299 0 
vn 0.574407 0.81857 0 
vn 0.608761 0.793353 0 
vn -0.770591 0.63733 0 
vn -0.382683 -0.92388 0 
vn 0 0 1 
vn -0.34202 -0.939693 0 
vn -0.382683 -0.92388 0 
vn -0.300706 -0.953717 0 
vn -0.34202 -0.939693 0 
vn -0.258819 -0.965926 0 
vn -0.300706 -0.953717 0 
vn -0.21644 -0.976296 0 
vn -0.258819 -0.965926 0 
vn -0.173648 -0.984808 0 
vn -0.21644 -0.976296 0 
vn -0.130526 -0.991445 0 
vn -0.173648 -0.984808 0 
vn -0.0871557 -0.996195 0 
vn -0.130526 -0.991445 0 
vn -0.0436194 -0.999048 0 
vn -0.0871557 -0.996195 0 
vn 3.16986e-15 -1 0 
vn -0.0436194 -0.999048 0 
vn 0.0436194 -0.999048 0 
vn 3.16986e-15 -1 0 
vn 0.0871557 -0.996195 0 
vn 0.0436194 -0.999048 0 
vn 0.130526 -0.991445 0 
vn 0.0871557 -0.996195 0 
vn 0.173648 -0.984808 0 
vn 0.130526 -0.991445 0 
vn 0.21644 -0.976296 0 
vn 0.173648 -0.984808 0 
vn 0.258819 -0.965926 0 
vn 0.21644 -0.976296 0 
vn 0.300706 -0.953717 0 
vn 0.258819 -0.965926 0 
vn 0.34202 -0.939693 0 
vn 0.300706 -0.953717 0 
vn 0.382683 -0.92388 0 
vn 0.34202 -0.939693 0 
vn 0.92388 -0.382683 0 
vn -0.382683 0.92388 0 
vn -0.34202 0.939693 0 
vn -0.300706 0.953717 0 
vn -0.258819 0.965926 0 
vn -0.21644 0.976296 0 
vn -0.173648 0.984808 0 
vn -0.130526 0.991445 0 
vn -0.0871557 0.996195 0 
vn -0.0436194 0.999048 0 
vn -2.72577e-15 1 0 
vn 0.0436194 0.999048 0 
vn 0.0871557 0.996195 0 
vn 0.130526 0.991445 0 
vn 0.173648 0.984808 0 
vn 0.21644 0.976296 0 
vn 0.258819 0.965926 0 
vn 0.300706 0.953717 0 
vn 0.34202 0.939693 0 
vn 0.382683 0.92388 0 
vn -0.92388 -0.382683 0 
vn 0 0 1 
vn 0.887011 -0.461749 0 
vn 0.866025 -0.5 0 
vn 0.906308 -0.422618 0 
vn 0.887011 -0.461749 0 
vn 0.92388 -0.382683 0 
vn 0.906308 -0.422618 0 
vn 0.939693 -0.34202 0 
vn 0.92388 -0.382683 0 
vn 0.953717 -0.300706 0 
vn 0.939693 -0.34202 0 
vn 0.965926 -0.258819 0 
vn 0.953717 -0.300706 0 
vn 0.976296 -0.21644 0 
vn 0.965926 -0.258819 0 
vn 0.984808 -0.173648 0 
vn 0.976296 -0.21644 0 
vn 0.991445 -0.130526 0 
vn 0.984808 -0.173648 0 
vn 0.996195 -0.0871557 0 
vn 0.991445 -0.130526 0 
vn 0.999048 -0.0436194 0 
vn 0.996195 -0.0871557 0 
vn 1 -2.41961e-15 0 
vn 0.999048 -0.0436194 0 
vn 0.999048 0.0436194 0 
vn 1 -2.41961e-15 0 
vn 0.996195 0.0871557 0 
vn 0.999048 0.0436194 0 
vn 0.991445 0.130526 0 
vn 0.996195 0.0871557 0 
vn 0.984808 0.173648 0 
vn 0.991445 0.130526 0 
vn 0.976296 0.21644 0 
vn 0.984808 0.173648 0 
vn 0.965926 0.258819 0 
vn 0.976296 0.21644 0 
vn 0.953717 0.300706 0 
vn 0.965926 0.258819 0 
vn 0.939693 0.34202 0 
vn 0.953717 0.300706 0 
vn 0.92388 0.382683 0 
vn 0.939693 0.34202 0 
vn 0.906308 0.422618 0 
vn 0.92388 0.382683 0 
vn 0.887011 0.461749 0 
vn 0.906308 0.422618 0 
vn 0.866025 0.5 0 
vn 0.887011 0.461749 0 
vn 0.843391 0.5373 0 
vn 0.866025 0.5 0 
vn 0.819152 0.573576 0 
vn 0.843391 0.5373 0 
vn 0.793353 0.608761 0 
vn 0.819152 0.573576 0 
vn 0.766044 0.642788 0 
vn 0.793353 0.608761 0 
vn 0.737277 0.67559 0 
vn 0.766044 0.642788 0 
vn 0.707107 0.707107 0 
vn 0.737277 0.67559 0 
vn 0.67559 0.737277 0 
vn 0.707107 0.707107 0 
vn 0.642788 0.766044 0 
vn 0.67559 0.737277 0 
vn 0.608761 0.793353 0 
vn 0.642788 0.766044 0 
vn 0.573576 0.819152 0 
vn 0.608761 0.793353 0 
vn 0.5373 0.843391 0 
vn 0.573576 0.819152 0 
vn 0.5 0.866025 0 
vn 0.5373 0.843391 0 
vn 0.461749 0.887011 0 
vn 0.5 0.866025 0 
vn 0.422618 0.906308 0 
vn 0.461749 0.887011 0 
vn 0.382683 0.92388 0 
vn 0.422618 0.906308 0 
vn 0 0 1 
vn 0.5 0.866025 0 
vn -0.608761 -0.793353 0 
vn -0.641804 -0.766869 0 
vn -0.673696 -0.739009 0 
vn -0.704379 -0.709824 0 
vn -0.7338 -0.679366 0 
vn -0.761904 -0.64769 0 
vn -0.788642 -0.614852 0 
vn -0.813966 -0.580912 0 
vn -0.837831 -0.54593 0 
vn -0.860193 -0.509969 0 
vn -0.881012 -0.473094 0 
vn -0.900252 -0.43537 0 
vn -0.917877 -0.396865 0 
vn -0.933856 -0.357649 0 
vn -0.948161 -0.317791 0 
vn -0.960765 -0.277364 0 
vn -0.971646 -0.236439 0 
vn -0.980785 -0.19509 0 
vn -0.988165 -0.153392 0 
vn -0.993774 -0.111418 0 
vn -0.9976 -0.0692444 0 
vn -0.999637 -0.0269467 0 
vn -0.999881 0.0153994 0 
vn -0.998333 0.0577178 0 
vn -0.994994 0.0999327 0 
vn -0.989871 0.141968 0 
vn -0.982973 0.18375 0 
vn -0.974312 0.225201 0 
vn -0.963904 0.266249 0 
vn -0.951768 0.306819 0 
vn -0.937925 0.346839 0 
vn -0.922399 0.386238 0 
vn -0.90522 0.424943 0 
vn -0.886418 0.462887 0 
vn -0.866025 0.5 0 
vn -0.793353 0.608761 0 
vn 0.92388 -0.382683 0 
vn 0.130526 0.991445 0 
vn 0.342973 0.939345 0 
vn 0.382683 0.92388 0 
vn 0.302641 0.953105 0 
vn 0.342973 0.939345 0 
vn 0.261758 0.965133 0 
vn 0.302641 0.953105 0 
vn 0.220401 0.975409 0 
vn 0.261758 0.965133 0 
vn 0.178642 0.983914 0 
vn 0.220401 0.975409 0 
vn 0.13656 0.990632 0 
vn 0.178642 0.983914 0 
vn 0.0942295 0.99555 0 
vn 0.13656 0.990632 0 
vn 0.0517279 0.998661 0 
vn 0.0942295 0.99555 0 
vn 0.00913241 0.999958 0 
vn 0.0517279 0.998661 0 
vn -0.0334797 0.999439 0 
vn 0.00913241 0.999958 0 
vn -0.076031 0.997105 0 
vn -0.0334797 0.999439 0 
vn -0.118444 0.992961 0 
vn -0.076031 0.997105 0 
vn -0.160642 0.987013 0 
vn -0.118444 0.992961 0 
vn -0.202549 0.979272 0 
vn -0.160642 0.987013 0 
vn -0.244087 0.969753 0 
vn -0.202549 0.979272 0 
vn -0.285183 0.958473 0 
vn -0.244087 0.969753 0 
vn -0.32576 0.945452 0 
vn -0.285183 0.958473 0 
vn -0.365746 0.930715 0 
vn -0.32576 0.945452 0 
vn -0.405067 0.914287 0 
vn -0.365746 0.930715 0 
vn -0.443653 0.896198 0 
vn -0.405067 0.914287 0 
vn -0.481434 0.876483 0 
vn -0.443653 0.896198 0 
vn -0.518339 0.855175 0 
vn -0.481434 0.876483 0 
vn -0.554304 0.832314 0 
vn -0.518339 0.855175 0 
vn -0.589262 0.807942 0 
vn -0.554304 0.832314 0 
vn -0.62315 0.782103 0 
vn -0.589262 0.807942 0 
vn -0.655906 0.754843 0 
vn -0.62315 0.782103 0 
vn -0.687471 0.726212 0 
vn -0.655906 0.754843 0 
vn -0.717787 0.696262 0 
vn -0.687471 0.726212 0 
vn -0.7468 0.665049 0 
vn -0.717787 0.696262 0 
vn -0.774457 0.632627 0 
vn -0.7468 0.665049 0 
vn -0.800707 0.599056 0 
vn -0.774457 0.632627 0 
vn -0.825503 0.564398 0 
vn -0.800707 0.599056 0 
vn -0.8488 0.528714 0 
vn -0.825503 0.564398 0 
vn -0.870555 0.49207 0 
vn -0.8488 0.528714 0 
vn -0.89073 0.454533 0 
vn -0.870555 0.49207 0 
vn -0.909287 0.41617 0 
vn -0.89073 0.454533 0 
vn -0.926192 0.377051 0 
vn -0.909287 0.41617 0 
vn -0.941416 0.337248 0 
vn -0.926192 0.377051 0 
vn -0.95493 0.296832 0 
vn -0.941416 0.337248 0 
vn -0.966709 0.255877 0 
vn -0.95493 0.296832 0 
vn -0.976733 0.214458 0 
vn -0.966709 0.255877 0 
vn -0.984983 0.172649 0 
vn -0.976733 0.214458 0 
vn -0.991445 0.130526 0 
vn -0.984983 0.172649 0 
vn 0.991445 -0.130526 0 
vn 0.984808 -0.173648 0 
vn 0.976296 -0.21644 0 
vn 0.965926 -0.258819 0 
vn 0.953717 -0.300706 0 
vn 0.939693 -0.34202 0 
vn 0.92388 -0.382683 0 
vn 0.906308 -0.422618 0 
vn 0.887011 -0.461749 0 
vn 0.866025 -0.5 0 
vn 0.843391 -0.5373 0 
vn 0.819152 -0.573576 0 
vn 0.793353 -0.608761 0 
vn 0.766044 -0.642788 0 
vn 0.737277 -0.67559 0 
vn 0.707107 -0.707107 0 
vn 0.67559 -0.737277 0 
vn 0.642788 -0.766044 0 
vn 0.608761 -0.793353 0 
vn 0.573576 -0.819152 0 
vn 0.5373 -0.843391 0 
vn 0.5 -0.866025 0 
vn 0.461749 -0.887011 0 
vn 0.422618 -0.906308 0 
vn 0.382683 -0.92388 0 
vn 0.34202 -0.939693 0 
vn 0.300706 -0.953717 0 
vn 0.258819 -0.965926 0 
vn 0.21644 -0.976296 0 
vn 0.173648 -0.984808 0 
vn 0.130526 -0.991445 0 
vn 0.0871557 -0.996195 0 
vn 0.0436194 -0.999048 0 
vn 1.83697e-16 -1 0 
vn -0.0436194 -0.999048 0 
vn -0.0871557 -0.996195 0 
vn -0.130526 -0.991445 0 
vn -0.173648 -0.984808 0 
vn -0.21644 -0.976296 0 
vn -0.258819 -0.965926 0 
vn -0.300706 -0.953717 0 
vn -0.34202 -0.939693 0 
vn -0.382683 -0.92388 0 
vn -0.422618 -0.906308 0 
vn -0.461749 -0.887011 0 
vn -0.5 -0.866025 0 
vn -0.5373 -0.843391 0 
vn -0.573576 -0.819152 0 
vn -0.608761 -0.793353 0 
vn 0.707107 0.707107 0 
vn 0.67559 0.737277 0 
vn 0.642788 0.766044 0 
vn 0.608761 0.793353 0 
vn 0.573576 0.819152 0 
vn 0.5373 0.843391 0 
vn 0.570704 0.821156 0 
vn 0.573576 0.819152 0 
vn 0.5 0.866025 0 
vn 0.461749 0.887011 0 
vn 0.422618 0.906308 0 
vn 0.382683 0.92388 0 
vn 0.34202 0.939693 0 
vn 0.351136 0.936325 0 
vn 0.300706 0.953717 0 
vn 0.258819 0.965926 0 
vn 0.21644 0.976296 0 
vn 0.173648 0.984808 0 
vn 0.130526 0.991445 0 
vn 0.0871557 0.996195 0 
vn 0.0436194 0.999048 0 
vn -1.83697e-16 1 0 
vn -0.0436194 0.999048 0 
vn -0.0871557 0.996195 0 
vn -0.130526 0.991445 0 
vn -0.173648 0.984808 0 
vn -0.21644 0.976296 0 
vn -0.258819 0.965926 0 
vn -0.300706 0.953717 0 
vn -0.34202 0.939693 0 
vn -0.382683 0.92388 0 
vn -0.351136 0.936325 0 
vn -0.34202 0.939693 0 
vn -0.422618 0.906308 0 
vn -0.461749 0.887011 0 
vn -0.5 0.866025 0 
vn -0.5373 0.843391 0 
vn -0.573576 0.819152 0 
vn -0.608761 0.793353 0 
vn -0.642788 0.766044 0 
vn -0.67559 0.737277 0 
vn -0.707107 0.707107 0 
vn 0.707107 -0.707107 0 
vn 0.677282 -0.735724 0 
vn 0.68098 -0.732302 0 
vn 0.646299 -0.763084 0 
vn 0.614213 -0.789141 0 
vn 0.581077 -0.813849 0 
vn 0.546948 -0.837166 0 
vn 0.557261 -0.830337 0 
vn 0.511885 -0.859054 0 
vn 0.475947 -0.879474 0 
vn 0.439197 -0.898391 0 
vn 0.401695 -0.915773 0 
vn 0.363508 -0.931591 0 
vn 0.324699 -0.945817 0 
vn 0.285336 -0.958427 0 
vn 0.245485 -0.9694 0 
vn 0.205215 -0.978717 0 
vn 0.164595 -0.986361 0 
vn 0.123693 -0.992321 0 
vn 0.0825793 -0.996584 0 
vn 0.041325 -0.999146 0 
vn 1.83697e-16 -1 0 
vn -0.041325 -0.999146 0 
vn -0.0825793 -0.996584 0 
vn -0.123693 -0.992321 0 
vn -0.164595 -0.986361 0 
vn -0.205215 -0.978717 0 
vn -0.245485 -0.9694 0 
vn -0.285336 -0.958427 0 
vn -0.324699 -0.945817 0 
vn -0.363508 -0.931591 0 
vn -0.401695 -0.915773 0 
vn -0.439197 -0.898391 0 
vn -0.475947 -0.879474 0 
vn -0.511885 -0.859054 0 
vn -0.506119 -0.862463 0 
vn -0.546948 -0.837166 0 
vn -0.581077 -0.813849 0 
vn -0.557261 -0.830337 0 
vn -0.614213 -0.789141 0 
vn -0.646299 -0.763084 0 
vn -0.677282 -0.735724 0 
vn -0.707107 -0.707107 0 
vn -0.546948 -0.837166 0 
vn -0.475947 -0.879474 0 
vn 0.581077 -0.813849 0 
vn 0.707107 -0.707107 0 
vn 0 0 1 
usemtl 0.768627_0.886275_0.952941_0.000000_0.000000
o mesh0
f 206//1 1//1 2//1 
f 2//1 3//1 206//1 
f 3//1 4//1 206//1 
f 4//1 5//1 206//1 
f 5//1 6//1 206//1 
f 6//1 7//1 206//1 
f 7//1 8//1 206//1 
f 8//1 9//1 206//1 
f 9//1 10//1 206//1 
f 10//1 11//1 206//1 
f 11//1 12//1 206//1 
f 12//1 13//1 206//1 
f 13//1 14//1 206//1 
f 14//1 15//1 206//1 
f 15//1 16//1 206//1 
f 16//1 17//1 206//1 
f 17//1 18//1 206//1 
f 18//1 19//1 206//1 
f 19//1 20//1 206//1 
f 20//1 21//1 206//1 
f 21//1 22//1 206//1 
f 22//1 23//1 206//1 
f 23//1 24//1 206//1 
f 24//1 25//1 206//1 
f 25//1 26//1 206//1 
f 26//1 27//1 206//1 
f 27//1 28//1 206//1 
f 28//1 29//1 206//1 
f 29//1 30//1 206//1 
f 30//1 31//1 206//1 
f 31//1 32//1 206//1 
f 32//1 33//1 206//1 
f 33//1 34//1 206//1 
f 34//1 35//1 206//1 
f 35//1 36//1 206//1 
f 36//1 37//1 206//1 
f 37//1 38//1 206//1 
f 38//1 39//1 206//1 
f 39//1 40//1 206//1 
f 40//1 41//1 206//1 
f 41//1 42//1 206//1 
f 42//1 43//1 206//1 
f 43//1 44//1 206//1 
f 44//1 45//1 206//1 
f 45//1 46//1 206//1 
f 46//1 47//1 206//1 
f 47//1 48//1 206//1 
f 48//1 49//1 206//1 
f 49//1 50//1 206//1 
f 50//1 51//1 206//1 
f 51//1 52//1 206//1 
f 52//1 53//1 206//1 
f 53//1 54//1 206//1 
f 54//1 55//1 206//1 
f 55//1 56//1 206//1 
f 56//1 57//1 206//1 
f 57//1 58//1 206//1 
f 58//1 59//1 206//1 
f 59//1 60//1 206//1 
f 60//1 61//1 206//1 
f 61//1 62//1 206//1 
f 62//1 63//1 206//1 
f 63//1 64//1 206//1 
f 64//1 65//1 206//1 
f 65//1 66//1 206//1 
f 66//1 67//1 206//1 
f 67//1 68//1 206//1 
f 68//1 69//1 206//1 
f 69//1 70//1 206//1 
f 70//1 71//1 206//1 
f 71//1 72//1 206//1 
f 72//1 73//1 206//1 
f 73//1 74//1 206//1 
f 74//1 75//1 206//1 
f 75//1 76//1 206//1 
f 76//1 77//1 206//1 
f 77//1 78//1 206//1 
f 78//1 79//1 206//1 
f 79//1 80//1 206//1 
f 80//1 81//1 206//1 
f 81//1 82//1 206//1 
f 82//1 83//1 206//1 
f 83//1 84//1 206//1 
f 84//1 85//1 206//1 
f 85//1 86//1 206//1 
f 86//1 87//1 206//1 
f 87//1 88//1 206//1 
f 88//1 89//1 206//1 
f 89//1 90//1 206//1 
f 90//1 91//1 206//1 
f 91//1 92//1 206//1 
f 92//1 93//1 206//1 
f 93//1 94//1 206//1 
f 94//1 95//1 206//1 
f 95//1 96//1 206//1 
f 96//1 97//1 206//1 
f 97//1 98//1 206//1 
f 98//1 99//1 206//1 
f 99//1 100//1 206//1 
f 100//1 101//1 206//1 
f 101//1 102//1 206//1 
f 102//1 103//1 206//1 
f 103//1 104//1 206//1 
f 104//1 105//1 206//1 
f 105//1 106//1 206//1 
f 106//1 107//1 206//1 
f 107//1 108//1 206//1 
f 108//1 109//1 206//1 
f 109//1 110//1 206//1 
f 110//1 111//1 206//1 
f 111//1 112//1 206//1 
f 112//1 113//1 206//1 
f 113//1 114//1 206//1 
f 114//1 115//1 206//1 
f 115//1 116//1 206//1 
f 116//1 117//1 206//1 
f 117//1 118//1 206//1 
f 118//1 119//1 206//1 
f 119//1 120//1 206//1 
f 120//1 121//1 206//1 
f 121//1 122//1 206//1 
f 122//1 123//1 206//1 
f 123//1 124//1 206//1 
f 124//1 125//1 206//1 
f 125//1 126//1 206//1 
f 126//1 127//1 206//1 
f 127//1 128//1 206//1 
f 128//1 129//1 206//1 
f 129//1 130//1 206//1 
f 130//1 131//1 206//1 
f 131//1 132//1 206//1 
f 132//1 133//1 206//1 
f 133//1 134//1 206//1 
f 134//1 135//1 206//1 
f 135//1 136//1 206//1 
f 136//1 137//1 206//1 
f 137//1 138//1 206//1 
f 138//1 139//1 206//1 
f 139//1 140//1 206//1 
f 140//1 141//1 206//1 
f 141//1 142//1 206//1 
f 142//1 143//1 206//1 
f 143//1 144//1 206//1 
f 144//1 145//1 206//1 
f 145//1 146//1 206//1 
f 146//1 147//1 206//1 
f 147//1 148//1 206//1 
f 148//1 149//1 206//1 
f 149//1 150//1 206//1 
f 150//1 151//1 206//1 
f 151//1 152//1 206//1 
f 152//1 153//1 206//1 
f 153//1 154//1 206//1 
f 154//1 155//1 206//1 
f 155//1 156//1 206//1 
f 156//1 157//1 206//1 
f 157//1 158//1 206//1 
f 158//1 159//1 206//1 
f 159//1 160//1 206//1 
f 160//1 161//1 206//1 
f 161//1 162//1 206//1 
f 162//1 163//1 206//1 
f 163//1 164//1 206//1 
f 164//1 165//1 206//1 
f 165//1 166//1 206//1 
f 166//1 167//1 206//1 
f 167//1 168//1 206//1 
f 168//1 169//1 206//1 
f 169//1 170//1 206//1 
f 170//1 171//1 206//1 
f 171//1 172//1 206//1 
f 172//1 173//1 206//1 
f 173//1 174//1 206//1 
f 174//1 175//1 206//1 
f 175//1 176//1 206//1 
f 176//1 177//1 206//1 
f 177//1 178//1 206//1 
f 178//1 179//1 206//1 
f 179//1 180//1 206//1 
f 180//1 181//1 206//1 
f 181//1 182//1 206//1 
f 182//1 183//1 206//1 
f 183//1 184//1 206//1 
f 184//1 185//1 206//1 
f 185//1 186//1 206//1 
f 186//1 187//1 206//1 
f 187//1 188//1 206//1 
f 188//1 189//1 206//1 
f 189//1 190//1 206//1 
f 190//1 191//1 206//1 
f 191//1 192//1 206//1 
f 192//1 193//1 206//1 
f 193//1 194//1 206//1 
f 194//1 195//1 206//1 
f 195//1 196//1 206//1 
f 196//1 197//1 206//1 
f 197//1 198//1 206//1 
f 198//1 199//1 206//1 
f 199//1 200//1 206//1 
f 200//1 201//1 206//1 
f 201//1 202//1 206//1 
f 202//1 203//1 206//1 
f 203//1 204//1 206//1 
f 204//1 205//1 206//1 
f 205//1 1//1 206//1 
o mesh1
f 207//2 205//2 204//3 
f 208//3 204//3 203//4 
f 209//4 203//4 202//5 
f 210//5 202//5 201//6 
f 211//6 201//6 200//7 
f 212//7 200//7 199//8 
f 213//8 199//8 198//9 
f 214//9 198//9 197//10 
f 215//10 197//10 196//11 
f 216//11 196//11 195//12 
f 217//12 195//12 194//13 
f 218//13 194//13 193//14 
f 219//14 193//14 192//15 
f 220//15 192//15 191//16 
f 221//16 191//16 190//17 
f 222//17 190//17 189//18 
f 223//18 189//18 188//19 
f 224//19 188//19 187//20 
f 225//20 187//20 186//21 
f 226//21 186//21 185//22 
f 227//22 185//22 184//23 
f 228//23 184//23 183//24 
f 229//24 183//24 182//25 
f 230//25 182//25 181//26 
f 231//26 181//26 180//27 
f 232//27 180//27 179//28 
f 233//28 179//28 178//29 
f 234//29 178//29 177//30 
f 235//30 177//30 176//31 
f 236//31 176//31 175//32 
f 237//32 175//32 174//33 
f 238//33 174//33 173//34 
f 239//34 173//34 172//35 
f 240//35 172//35 171//36 
f 241//36 171//36 170//37 
f 242//37 170//37 169//38 
f 243//38 169//38 168//39 
f 244//39 168//39 167//40 
f 245//40 167//40 166//41 
f 246//41 166//41 165//42 
f 247//42 165//42 164//43 
f 248//43 164//43 163//44 
f 249//44 163//44 162//45 
f 250//45 162//45 161//46 
f 251//46 161//46 160//47 
f 252//47 160//47 159//48 
f 253//48 159//48 158//49 
f 254//49 158//49 157//50 
f 255//50 157//50 156//51 
f 256//51 156//51 155//52 
f 257//52 155//52 154//53 
f 258//53 154//53 153//54 
f 259//54 153//54 152//55 
f 260//55 152//55 151//56 
f 261//56 151//56 150//57 
f 262//57 150//57 149//58 
f 263//58 149//58 148//59 
f 264//59 148//59 147//60 
f 265//60 147//60 146//61 
f 266//61 146//61 145//62 
f 267//62 145//62 144//63 
f 268//63 144//63 143//64 
f 269//64 143//64 142//65 
f 270//65 142//65 141//66 
f 271//66 141//66 140//67 
f 272//67 140//67 139//68 
f 273//68 139//68 138//69 
f 274//69 138//69 137//70 
f 275//70 137//70 136//71 
f 276//71 136//71 135//72 
f 277//72 135//72 134//73 
f 278//73 134//73 133//74 
f 279//74 133//74 132//75 
f 280//75 132//75 131//76 
f 281//76 131//76 130//77 
f 282//77 130//77 129//78 
f 283//78 129//78 128//79 
f 284//79 128//79 127//80 
f 285//80 127//80 126//81 
f 286//81 126//81 125//82 
f 287//82 125//82 124//83 
f 288//83 124//83 123//84 
f 289//84 123//84 122//85 
f 290//85 122//85 121//86 
f 291//86 121//86 120//87 
f 292//87 120//87 119//88 
f 293//88 119//88 118//89 
f 294//89 118//89 117//90 
f 295//90 117//90 116//91 
f 296//91 116//91 115//92 
f 297//92 115//92 114//93 
f 298//93 114//93 113//94 
f 299//94 113//94 112//95 
f 300//95 112//95 111//96 
f 301//96 111//96 110//97 
f 302//97 110//97 109//98 
f 303//98 109//98 108//99 
f 304//99 108//99 107//100 
f 305//100 107//100 106//101 
f 306//101 106//101 105//102 
f 307//102 105//102 104//103 
f 308//103 104//103 103//104 
f 309//104 103//104 102//105 
f 310//105 102//105 101//106 
f 311//106 101//106 100//107 
f 312//107 100//107 99//108 
f 313//108 99//108 98//109 
f 314//109 98//109 97//110 
f 315//110 97//110 96//111 
f 316//111 96//111 95//112 
f 317//112 95//112 94//113 
f 318//113 94//113 93//114 
f 319//114 93//114 92//115 
f 320//115 92//115 91//116 
f 321//116 91//116 90//117 
f 322//117 90//117 89//118 
f 323//118 89//118 88//119 
f 324//119 88//119 87//120 
f 325//120 87//120 86//121 
f 326//121 86//121 85//122 
f 327//122 85//122 84//123 
f 328//123 84//123 83//124 
f 329//124 83//124 82//125 
f 330//125 82//125 81//126 
f 331//126 81//126 80//127 
f 332//127 80//127 79//128 
f 333//128 79//128 78//129 
f 334//129 78//129 77//130 
f 335//130 77//130 76//131 
f 336//131 76//131 75//132 
f 337//132 75//132 74//133 
f 338//133 74//133 73//134 
f 339//134 73//134 72//135 
f 340//135 72//135 71//136 
f 341//136 71//136 70//137 
f 342//137 70//137 69//138 
f 343//138 69//138 68//139 
f 344//139 68//139 67//140 
f 345//140 67//140 66//141 
f 346//141 66//141 65//142 
f 347//142 65//142 64//143 
f 348//143 64//143 63//144 
f 349//144 63//144 62//145 
f 350//145 62//145 61//146 
f 351//146 61//146 60//147 
f 352//147 60//147 59//148 
f 353//148 59//148 58//149 
f 354//149 58//149 57//150 
f 355//150 57//150 56//151 
f 356//151 56//151 55//152 
f 357//152 55//152 54//153 
f 358//153 54//153 53//154 
f 359//154 53//154 52//155 
f 360//155 52//155 51//156 
f 361//156 51//156 50//157 
f 362//157 50//157 49//158 
f 363//158 49//158 48//159 
f 364//159 48//159 47//160 
f 365//160 47//160 46//161 
f 366//161 46//161 45//162 
f 367//162 45//162 44//163 
f 368//163 44//163 43//164 
f 369//164 43//164 42//165 
f 370//165 42//165 41//166 
f 371//166 41//166 40//167 
f 372//167 40//167 39//168 
f 373//168 39//168 38//169 
f 374//169 38//169 37//170 
f 375//170 37//170 36//171 
f 376//171 36//171 35//172 
f 377//172 35//172 34//173 
f 378//173 34//173 33//174 
f 379//174 33//174 32//175 
f 380//175 32//175 31//176 
f 381//176 31//176 30//177 
f 382//177 30//177 29//178 
f 383//178 29//178 28//179 
f 384//179 28//179 27//180 
f 385//180 27//180 26//181 
f 386//181 26//181 25//182 
f 387//182 25//182 24//183 
f 388//183 24//183 23//184 
f 389//184 23//184 22//185 
f 390//185 22//185 21//186 
f 391//186 21//186 20//187 
f 392//187 20//187 19//188 
f 393//188 19//188 18//189 
f 394//189 18//189 17//190 
f 395//190 17//190 16//191 
f 396//191 16//191 15//192 
f 397//192 15//192 14//193 
f 398//193 14//193 13//194 
f 399//194 13//194 12//195 
f 400//195 12//195 11//196 
f 401//196 11//196 10//197 
f 402//197 10//197 9//198 
f 403//198 9//198 8//199 
f 404//199 8//199 7//200 
f 405//200 7//200 6//201 
f 406//201 6//201 5//202 
f 407//202 5//202 4//203 
f 408//203 4//203 3//204 
f 409//204 3//204 2//205 
f 410//205 2//205 1//206 
f 411//206 1//206 205//2 
f 205//2 207//2 411//206 
f 1//206 411//206 410//205 
f 2//205 410//205 409//204 
f 3//204 409//204 408//203 
f 4//203 408//203 407//202 
f 5//202 407//202 406//201 
f 6//201 406//201 405//200 
f 7//200 405//200 404//199 
f 8//199 404//199 403//198 
f 9//198 403//198 402//197 
f 10//197 402//197 401//196 
f 11//196 401//196 400//195 
f 12//195 400//195 399//194 
f 13//194 399//194 398//193 
f 14//193 398//193 397//192 
f 15//192 397//192 396//191 
f 16//191 396//191 395//190 
f 17//190 395//190 394//189 
f 18//189 394//189 393//188 
f 19//188 393//188 392//187 
f 20//187 392//187 391//186 
f 21//186 391//186 390//185 
f 22//185 390//185 389//184 
f 23//184 389//184 388//183 
f 24//183 388//183 387//182 
f 25//182 387//182 386//181 
f 26//181 386//181 385//180 
f 27//180 385//180 384//179 
f 28//179 384//179 383//178 
f 29//178 383//178 382//177 
f 30//177 382//177 381//176 
f 31//176 381//176 380//175 
f 32//175 380//175 379//174 
f 33//174 379//174 378//173 
f 34//173 378//173 377//172 
f 35//172 377//172 376//171 
f 36//171 376//171 375//170 
f 37//170 375//170 374//169 
f 38//169 374//169 373//168 
f 39//168 373//168 372//167 
f 40//167 372//167 371//166 
f 41//166 371//166 370//165 
f 42//165 370//165 369//164 
f 43//164 369//164 368//163 
f 44//163 368//163 367//162 
f 45//162 367//162 366//161 
f 46//161 366//161 365//160 
f 47//160 365//160 364//159 
f 48//159 364//159 363//158 
f 49//158 363//158 362//157 
f 50//157 362//157 361//156 
f 51//156 361//156 360//155 
f 52//155 360//155 359//154 
f 53//154 359//154 358//153 
f 54//153 358//153 357//152 
f 55//152 357//152 356//151 
f 56//151 356//151 355//150 
f 57//150 355//150 354//149 
f 58//149 354//149 353//148 
f 59//148 353//148 352//147 
f 60//147 352//147 351//146 
f 61//146 351//146 350//145 
f 62//145 350//145 349//144 
f 63//144 349//144 348//143 
f 64//143 348//143 347//142 
f 65//142 347//142 346//141 
f 66//141 346//141 345//140 
f 67//140 345//140 344//139 
f 68//139 344//139 343//138 
f 69//138 343//138 342//137 
f 70//137 342//137 341//136 
f 71//136 341//136 340//135 
f 72//135 340//135 339//134 
f 73//134 339//134 338//133 
f 74//133 338//133 337//132 
f 75//132 337//132 336//131 
f 76//131 336//131 335//130 
f 77//130 335//130 334//129 
f 78//129 334//129 333//128 
f 79//128 333//128 332//127 
f 80//127 332//127 331//126 
f 81//126 331//126 330//125 
f 82//125 330//125 329//124 
f 83//124 329//124 328//123 
f 84//123 328//123 327//122 
f 85//122 327//122 326//121 
f 86//121 326//121 325//120 
f 87//120 325//120 324//119 
f 88//119 324//119 323//118 
f 89//118 323//118 322//117 
f 90//117 322//117 321//116 
f 91//116 321//116 320//115 
f 92//115 320//115 319//114 
f 93//114 319//114 318//113 
f 94//113 318//113 317//112 
f 95//112 317//112 316//111 
f 96//111 316//111 315//110 
f 97//110 315//110 314//109 
f 98//109 314//109 313//108 
f 99//108 313//108 312//107 
f 100//107 312//107 311//106 
f 101//106 311//106 310//105 
f 102//105 310//105 309//104 
f 103//104 309//104 308//103 
f 104//103 308//103 307//102 
f 105//102 307//102 306//101 
f 106//101 306//101 305//100 
f 107//100 305//100 304//99 
f 108//99 304//99 303//98 
f 109//98 303//98 302//97 
f 110//97 302//97 301//96 
f 111//96 301//96 300//95 
f 112//95 300//95 299//94 
f 113//94 299//94 298//93 
f 114//93 298//93 297//92 
f 115//92 297//92 296//91 
f 116//91 296//91 295//90 
f 117//90 295//90 294//89 
f 118//89 294//89 293//88 
f 119//88 293//88 292//87 
f 120//87 292//87 291//86 
f 121//86 291//86 290//85 
f 122//85 290//85 289//84 
f 123//84 289//84 288//83 
f 124//83 288//83 287//82 
f 125//82 287//82 286//81 
f 126//81 286//81 285//80 
f 127//80 285//80 284//79 
f 128//79 284//79 283//78 
f 129//78 283//78 282//77 
f 130//77 282//77 281//76 
f 131//76 281//76 280//75 
f 132//75 280//75 279//74 
f 133//74 279//74 278//73 
f 134//73 278//73 277//72 
f 135//72 277//72 276//71 
f 136//71 276//71 275//70 
f 137//70 275//70 274//69 
f 138//69 274//69 273//68 
f 139//68 273//68 272//67 
f 140//67 272//67 271//66 
f 141//66 271//66 270//65 
f 142//65 270//65 269//64 
f 143//64 269//64 268//63 
f 144//63 268//63 267//62 
f 145//62 267//62 266//61 
f 146//61 266//61 265//60 
f 147//60 265//60 264//59 
f 148//59 264//59 263//58 
f 149//58 263//58 262//57 
f 150//57 262//57 261//56 
f 151//56 261//56 260//55 
f 152//55 260//55 259//54 
f 153//54 259//54 258//53 
f 154//53 258//53 257//52 
f 155//52 257//52 256//51 
f 156//51 256//51 255//50 
f 157//50 255//50 254//49 
f 158//49 254//49 253//48 
f 159//48 253//48 252//47 
f 160//47 252//47 251//46 
f 161//46 251//46 250//45 
f 162//45 250//45 249//44 
f 163//44 249//44 248//43 
f 164//43 248//43 247//42 
f 165//42 247//42 246//41 
f 166//41 246//41 245//40 
f 167//40 245//40 244//39 
f 168//39 244//39 243//38 
f 169//38 243//38 242//37 
f 170//37 242//37 241//36 
f 171//36 241//36 240//35 
f 172//35 240//35 239//34 
f 173//34 239//34 238//33 
f 174//33 238//33 237//32 
f 175//32 237//32 236//31 
f 176//31 236//31 235//30 
f 177//30 235//30 234//29 
f 178//29 234//29 233//28 
f 179//28 233//28 232//27 
f 180//27 232//27 231//26 
f 181//26 231//26 230//25 
f 182//25 230//25 229//24 
f 183//24 229//24 228//23 
f 184//23 228//23 227//22 
f 185//22 227//22 226//21 
f 186//21 226//21 225//20 
f 187//20 225//20 224//19 
f 188//19 224//19 223//18 
f 189//18 223//18 222//17 
f 190//17 222//17 221//16 
f 191//16 221//16 220//15 
f 192//15 220//15 219//14 
f 193//14 219//14 218//13 
f 194//13 218//13 217//12 
f 195//12 217//12 216//11 
f 196//11 216//11 215//10 
f 197//10 215//10 214//9 
f 198//9 214//9 213//8 
f 199//8 213//8 212//7 
f 200//7 212//7 211//6 
f 201//6 211//6 210//5 
f 202//5 210//5 209//4 
f 203//4 209//4 208//3 
f 204//3 208//3 207//2 
o mesh2
f 412//207 413//207 414//207 
f 413//207 415//207 416//207 
f 303//207 417//207 418//207 
f 304//207 419//207 417//207 
f 243//207 244//207 420//207 
f 244//207 245//207 421//207 
f 246//207 247//207 422//207 
f 247//207 248//207 423//207 
f 250//207 251//207 424//207 
f 251//207 252//207 425//207 
f 426//207 427//207 428//207 
f 429//207 430//207 427//207 
f 431//207 432//207 433//207 
f 434//207 412//207 435//207 
f 416//207 414//207 413//207 
f 436//207 437//207 438//207 
f 437//207 439//207 440//207 
f 441//207 442//207 443//207 
f 417//207 303//207 304//207 
f 305//207 444//207 419//207 
f 323//207 324//207 445//207 
f 324//207 325//207 446//207 
f 447//207 448//207 449//207 
f 236//207 237//207 450//207 
f 237//207 238//207 451//207 
f 421//207 420//207 244//207 
f 245//207 246//207 452//207 
f 423//207 422//207 247//207 
f 248//207 249//207 453//207 
f 425//207 424//207 251//207 
f 252//207 253//207 454//207 
f 455//207 428//207 456//207 
f 427//207 426//207 429//207 
f 457//207 458//207 430//207 
f 459//207 460//207 458//207 
f 461//207 462//207 460//207 
f 462//207 461//207 431//207 
f 414//207 435//207 412//207 
f 415//207 436//207 463//207 
f 440//207 438//207 437//207 
f 464//207 465//207 440//207 
f 466//207 467//207 441//207 
f 442//207 468//207 469//207 
f 294//207 470//207 471//207 
f 295//207 472//207 470//207 
f 299//207 473//207 474//207 
f 300//207 475//207 473//207 
f 419//207 304//207 305//207 
f 306//207 476//207 444//207 
f 307//207 477//207 476//207 
f 308//207 478//207 477//207 
f 309//207 479//207 478//207 
f 310//207 480//207 479//207 
f 319//207 320//207 481//207 
f 320//207 321//207 482//207 
f 446//207 445//207 324//207 
f 325//207 326//207 483//207 
f 346//207 484//207 485//207 
f 347//207 486//207 484//207 
f 350//207 487//207 488//207 
f 351//207 489//207 487//207 
f 399//207 400//207 490//207 
f 400//207 401//207 491//207 
f 447//207 492//207 448//207 
f 447//207 493//207 494//207 
f 227//207 228//207 495//207 
f 228//207 229//207 496//207 
f 451//207 450//207 237//207 
f 238//207 239//207 497//207 
f 239//207 240//207 498//207 
f 240//207 241//207 499//207 
f 452//207 421//207 245//207 
f 453//207 423//207 248//207 
f 249//207 250//207 500//207 
f 454//207 425//207 252//207 
f 428//207 455//207 426//207 
f 458//207 457//207 459//207 
f 433//207 462//207 431//207 
f 432//207 434//207 501//207 
f 463//207 416//207 415//207 
f 440//207 439//207 464//207 
f 502//207 503//207 504//207 
f 505//207 506//207 503//207 
f 467//207 466//207 506//207 
f 469//207 443//207 442//207 
f 470//207 294//207 295//207 
f 296//207 507//207 472//207 
f 298//207 474//207 508//207 
f 473//207 299//207 300//207 
f 301//207 509//207 475//207 
f 302//207 418//207 509//207 
f 444//207 305//207 306//207 
f 477//207 307//207 308//207 
f 479//207 309//207 310//207 
f 310//207 311//207 510//207 
f 482//207 481//207 320//207 
f 321//207 322//207 511//207 
f 322//207 323//207 512//207 
f 483//207 446//207 325//207 
f 513//207 514//207 515//207 
f 484//207 346//207 347//207 
f 348//207 516//207 486//207 
f 349//207 488//207 516//207 
f 487//207 350//207 351//207 
f 367//207 517//207 518//207 
f 368//207 519//207 517//207 
f 381//207 382//207 520//207 
f 382//207 383//207 521//207 
f 385//207 386//207 522//207 
f 386//207 387//207 523//207 
f 388//207 389//207 524//207 
f 389//207 390//207 525//207 
f 491//207 490//207 400//207 
f 401//207 402//207 526//207 
f 402//207 403//207 527//207 
f 403//207 404//207 528//207 
f 449//207 529//207 447//207 
f 494//207 530//207 447//207 
f 222//207 223//207 531//207 
f 223//207 224//207 532//207 
f 496//207 495//207 228//207 
f 229//207 230//207 533//207 
f 230//207 231//207 534//207 
f 231//207 232//207 535//207 
f 497//207 451//207 238//207 
f 499//207 498//207 240//207 
f 241//207 242//207 536//207 
f 242//207 243//207 537//207 
f 422//207 452//207 246//207 
f 424//207 500//207 250//207 
f 253//207 254//207 538//207 
f 254//207 255//207 539//207 
f 257//207 258//207 540//207 
f 258//207 259//207 541//207 
f 263//207 264//207 542//207 
f 264//207 265//207 543//207 
f 266//207 267//207 544//207 
f 267//207 268//207 545//207 
f 270//207 271//207 546//207 
f 271//207 272//207 547//207 
f 283//207 284//207 548//207 
f 549//207 550//207 551//207 
f 552//207 456//207 553//207 
f 430//207 429//207 457//207 
f 501//207 433//207 432//207 
f 438//207 463//207 436//207 
f 554//207 555//207 556//207 
f 557//207 504//207 555//207 
f 503//207 502//207 505//207 
f 443//207 466//207 441//207 
f 472//207 295//207 296//207 
f 297//207 508//207 507//207 
f 474//207 298//207 299//207 
f 509//207 301//207 302//207 
f 476//207 306//207 307//207 
f 510//207 480//207 310//207 
f 311//207 312//207 558//207 
f 312//207 313//207 559//207 
f 313//207 314//207 560//207 
f 314//207 315//207 561//207 
f 315//207 316//207 562//207 
f 316//207 317//207 563//207 
f 317//207 318//207 564//207 
f 318//207 319//207 565//207 
f 511//207 482//207 321//207 
f 445//207 512//207 323//207 
f 514//207 566//207 515//207 
f 567//207 513//207 568//207 
f 569//207 567//207 570//207 
f 571//207 569//207 572//207 
f 344//207 573//207 574//207 
f 345//207 485//207 573//207 
f 486//207 347//207 348//207 
f 488//207 349//207 350//207 
f 366//207 518//207 575//207 
f 517//207 367//207 368//207 
f 521//207 520//207 382//207 
f 383//207 384//207 576//207 
f 384//207 385//207 577//207 
f 523//207 522//207 386//207 
f 387//207 388//207 578//207 
f 525//207 524//207 389//207 
f 390//207 391//207 579//207 
f 391//207 392//207 580//207 
f 397//207 398//207 581//207 
f 398//207 399//207 582//207 
f 526//207 491//207 401//207 
f 528//207 527//207 403//207 
f 405//207 406//207 583//207 
f 406//207 407//207 584//207 
f 585//207 586//207 587//207 
f 588//207 589//207 586//207 
f 590//207 591//207 592//207 
f 529//207 593//207 447//207 
f 530//207 594//207 447//207 
f 595//207 596//207 447//207 
f 219//207 220//207 597//207 
f 220//207 221//207 598//207 
f 221//207 222//207 599//207 
f 532//207 531//207 223//207 
f 533//207 496//207 229//207 
f 535//207 534//207 231//207 
f 498//207 497//207 239//207 
f 537//207 536//207 242//207 
f 500//207 453//207 249//207 
f 539//207 538//207 254//207 
f 255//207 256//207 600//207 
f 256//207 257//207 601//207 
f 541//207 540//207 258//207 
f 259//207 260//207 602//207 
f 262//207 263//207 603//207 
f 543//207 542//207 264//207 
f 265//207 266//207 604//207 
f 545//207 544//207 267//207 
f 268//207 269//207 605//207 
f 269//207 270//207 606//207 
f 547//207 546//207 271//207 
f 272//207 273//207 607//207 
f 279//207 280//207 608//207 
f 280//207 281//207 609//207 
f 282//207 283//207 610//207 
f 548//207 610//207 283//207 
f 549//207 611//207 550//207 
f 456//207 552//207 455//207 
f 435//207 501//207 434//207 
f 612//207 613//207 465//207 
f 614//207 556//207 613//207 
f 555//207 554//207 557//207 
f 506//207 505//207 467//207 
f 468//207 615//207 616//207 
f 615//207 617//207 618//207 
f 507//207 296//207 297//207 
f 475//207 300//207 301//207 
f 478//207 308//207 309//207 
f 559//207 558//207 312//207 
f 561//207 560//207 314//207 
f 563//207 562//207 316//207 
f 565//207 564//207 318//207 
f 512//207 511//207 322//207 
f 326//207 327//207 619//207 
f 327//207 328//207 620//207 
f 328//207 329//207 621//207 
f 329//207 330//207 622//207 
f 623//207 624//207 625//207 
f 626//207 625//207 566//207 
f 568//207 570//207 567//207 
f 572//207 627//207 571//207 
f 336//207 628//207 629//207 
f 340//207 630//207 631//207 
f 341//207 632//207 630//207 
f 342//207 633//207 632//207 
f 343//207 574//207 633//207 
f 573//207 344//207 345//207 
f 516//207 348//207 349//207 
f 352//207 634//207 489//207 
f 353//207 635//207 634//207 
f 354//207 636//207 635//207 
f 355//207 637//207 636//207 
f 518//207 366//207 367//207 
f 369//207 638//207 519//207 
f 370//207 639//207 638//207 
f 371//207 640//207 639//207 
f 377//207 641//207 642//207 
f 378//207 643//207 641//207 
f 380//207 644//207 645//207 
f 576//207 521//207 383//207 
f 522//207 577//207 385//207 
f 524//207 578//207 388//207 
f 580//207 579//207 391//207 
f 582//207 581//207 398//207 
f 527//207 526//207 402//207 
f 404//207 405//207 646//207 
f 584//207 583//207 406//207 
f 647//207 587//207 648//207 
f 586//207 585//207 588//207 
f 649//207 650//207 651//207 
f 652//207 653//207 650//207 
f 654//207 592//207 653//207 
f 592//207 654//207 590//207 
f 655//207 656//207 657//207 
f 656//207 658//207 659//207 
f 658//207 660//207 661//207 
f 660//207 662//207 663//207 
f 594//207 492//207 447//207 
f 447//207 664//207 595//207 
f 665//207 666//207 667//207 
f 666//207 668//207 669//207 
f 670//207 671//207 672//207 
f 208//207 209//207 673//207 
f 209//207 210//207 674//207 
f 213//207 214//207 675//207 
f 214//207 215//207 676//207 
f 217//207 218//207 677//207 
f 218//207 219//207 678//207 
f 598//207 597//207 220//207 
f 531//207 599//207 222//207 
f 224//207 225//207 679//207 
f 225//207 226//207 680//207 
f 226//207 227//207 681//207 
f 534//207 533//207 230//207 
f 232//207 233//207 682//207 
f 233//207 234//207 683//207 
f 536//207 499//207 241//207 
f 538//207 454//207 253//207 
f 601//207 600//207 256//207 
f 602//207 541//207 259//207 
f 542//207 603//207 263//207 
f 544//207 604//207 266//207 
f 606//207 605//207 269//207 
f 607//207 547//207 272//207 
f 273//207 274//207 684//207 
f 274//207 275//207 685//207 
f 278//207 279//207 686//207 
f 609//207 608//207 280//207 
f 281//207 282//207 687//207 
f 284//207 285//207 548//207 
f 549//207 688//207 611//207 
f 460//207 459//207 461//207 
f 613//207 612//207 614//207 
f 504//207 557//207 502//207 
f 618//207 616//207 615//207 
f 289//207 689//207 690//207 
f 292//207 691//207 692//207 
f 293//207 471//207 691//207 
f 508//207 297//207 298//207 
f 558//207 510//207 311//207 
f 562//207 561//207 315//207 
f 481//207 565//207 319//207 
f 620//207 619//207 327//207 
f 622//207 621//207 329//207 
f 330//207 331//207 693//207 
f 694//207 695//207 696//207 
f 697//207 696//207 624//207 
f 566//207 514//207 626//207 
f 570//207 572//207 569//207 
f 629//207 334//207 335//207 
f 337//207 698//207 628//207 
f 630//207 340//207 341//207 
f 633//207 342//207 343//207 
f 485//207 345//207 346//207 
f 634//207 352//207 353//207 
f 636//207 354//207 355//207 
f 356//207 699//207 637//207 
f 357//207 700//207 699//207 
f 358//207 701//207 700//207 
f 361//207 702//207 703//207 
f 362//207 704//207 702//207 
f 519//207 368//207 369//207 
f 639//207 370//207 371//207 
f 372//207 705//207 640//207 
f 373//207 706//207 705//207 
f 374//207 707//207 706//207 
f 375//207 708//207 707//207 
f 376//207 642//207 708//207 
f 641//207 377//207 378//207 
f 379//207 645//207 643//207 
f 645//207 379//207 380//207 
f 577//207 576//207 384//207 
f 579//207 525//207 390//207 
f 395//207 396//207 709//207 
f 396//207 397//207 710//207 
f 490//207 582//207 399//207 
f 583//207 646//207 405//207 
f 711//207 712//207 713//207 
f 714//207 715//207 712//207 
f 587//207 647//207 585//207 
f 716//207 651//207 589//207 
f 650//207 649//207 652//207 
f 590//207 717//207 591//207 
f 717//207 718//207 719//207 
f 718//207 655//207 720//207 
f 659//207 657//207 656//207 
f 663//207 661//207 660//207 
f 721//207 722//207 723//207 
f 724//207 722//207 721//207 
f 595//207 725//207 596//207 
f 725//207 726//207 727//207 
f 726//207 665//207 728//207 
f 669//207 667//207 666//207 
f 729//207 730//207 731//207 
f 730//207 732//207 733//207 
f 734//207 735//207 736//207 
f 737//207 738//207 735//207 
f 739//207 740//207 670//207 
f 671//207 741//207 742//207 
f 743//207 744//207 745//207 
f 746//207 747//207 748//207 
f 747//207 749//207 750//207 
f 674//207 673//207 209//207 
f 210//207 211//207 751//207 
f 211//207 212//207 752//207 
f 212//207 213//207 753//207 
f 676//207 675//207 214//207 
f 215//207 216//207 754//207 
f 216//207 217//207 755//207 
f 678//207 677//207 218//207 
f 599//207 598//207 221//207 
f 680//207 679//207 225//207 
f 495//207 681//207 227//207 
f 683//207 682//207 233//207 
f 420//207 537//207 243//207 
f 540//207 601//207 257//207 
f 260//207 261//207 756//207 
f 261//207 262//207 757//207 
f 604//207 543//207 265//207 
f 546//207 606//207 270//207 
f 685//207 684//207 274//207 
f 275//207 276//207 758//207 
f 276//207 277//207 759//207 
f 277//207 278//207 760//207 
f 608//207 686//207 279//207 
f 610//207 687//207 282//207 
f 549//207 761//207 762//207 
f 549//207 763//207 764//207 
f 549//207 765//207 688//207 
f 615//207 287//207 690//207 
f 465//207 464//207 612//207 
f 616//207 469//207 468//207 
f 690//207 287//207 288//207 
f 290//207 766//207 689//207 
f 291//207 692//207 766//207 
f 691//207 292//207 293//207 
f 418//207 302//207 303//207 
f 564//207 563//207 317//207 
f 621//207 620//207 328//207 
f 693//207 622//207 330//207 
f 695//207 694//207 767//207 
f 624//207 623//207 697//207 
f 515//207 568//207 513//207 
f 334//207 629//207 695//207 
f 768//207 769//207 693//207 
f 628//207 336//207 337//207 
f 338//207 770//207 698//207 
f 632//207 341//207 342//207 
f 489//207 351//207 352//207 
f 637//207 355//207 356//207 
f 700//207 357//207 358//207 
f 702//207 361//207 362//207 
f 363//207 771//207 704//207 
f 364//207 772//207 771//207 
f 365//207 575//207 772//207 
f 638//207 369//207 370//207 
f 705//207 372//207 373//207 
f 707//207 374//207 375//207 
f 642//207 376//207 377//207 
f 380//207 381//207 644//207 
f 578//207 523//207 387//207 
f 392//207 393//207 773//207 
f 393//207 394//207 774//207 
f 394//207 395//207 775//207 
f 710//207 709//207 396//207 
f 646//207 528//207 404//207 
f 407//207 408//207 776//207 
f 777//207 713//207 778//207 
f 712//207 711//207 714//207 
f 779//207 780//207 715//207 
f 781//207 782//207 780//207 
f 783//207 784//207 782//207 
f 785//207 648//207 784//207 
f 589//207 588//207 716//207 
f 653//207 652//207 654//207 
f 720//207 719//207 718//207 
f 661//207 659//207 658//207 
f 662//207 786//207 787//207 
f 786//207 788//207 789//207 
f 788//207 724//207 790//207 
f 721//207 790//207 724//207 
f 727//207 596//207 725//207 
f 667//207 728//207 665//207 
f 668//207 729//207 791//207 
f 733//207 731//207 730//207 
f 732//207 792//207 793//207 
f 792//207 794//207 795//207 
f 735//207 734//207 737//207 
f 796//207 797//207 738//207 
f 742//207 672//207 671//207 
f 741//207 798//207 799//207 
f 798//207 800//207 801//207 
f 800//207 802//207 803//207 
f 765//207 804//207 805//207 
f 765//207 806//207 807//207 
f 745//207 808//207 743//207 
f 809//207 744//207 810//207 
f 811//207 746//207 812//207 
f 750//207 748//207 747//207 
f 207//207 208//207 813//207 
f 751//207 674//207 210//207 
f 753//207 752//207 212//207 
f 754//207 676//207 215//207 
f 677//207 755//207 217//207 
f 679//207 532//207 224//207 
f 682//207 535//207 232//207 
f 234//207 235//207 814//207 
f 235//207 236//207 815//207 
f 600//207 539//207 255//207 
f 757//207 756//207 261//207 
f 605//207 545//207 268//207 
f 758//207 685//207 275//207 
f 760//207 759//207 277//207 
f 687//207 609//207 281//207 
f 549//207 816//207 761//207 
f 551//207 763//207 549//207 
f 615//207 286//207 287//207 
f 615//207 548//207 285//207 
f 556//207 614//207 554//207 
f 689//207 289//207 290//207 
f 692//207 291//207 292//207 
f 560//207 559//207 313//207 
f 331//207 332//207 693//207 
f 767//207 817//207 695//207 
f 625//207 626//207 623//207 
f 768//207 333//207 334//207 
f 693//207 332//207 768//207 
f 698//207 337//207 338//207 
f 339//207 631//207 770//207 
f 574//207 343//207 344//207 
f 699//207 356//207 357//207 
f 704//207 362//207 363//207 
f 772//207 364//207 365//207 
f 640//207 371//207 372//207 
f 708//207 375//207 376//207 
f 520//207 644//207 381//207 
f 774//207 773//207 393//207 
f 709//207 775//207 395//207 
f 776//207 584//207 407//207 
f 713//207 777//207 711//207 
f 780//207 779//207 781//207 
f 784//207 783//207 785//207 
f 651//207 716//207 649//207 
f 657//207 720//207 655//207 
f 789//207 787//207 786//207 
f 723//207 818//207 721//207 
f 411//207 819//207 777//207 
f 728//207 727//207 726//207 
f 731//207 791//207 729//207 
f 795//207 793//207 792//207 
f 820//207 736//207 795//207 
f 738//207 737//207 796//207 
f 821//207 822//207 797//207 
f 823//207 824//207 825//207 
f 740//207 739//207 824//207 
f 799//207 742//207 741//207 
f 803//207 801//207 800//207 
f 802//207 826//207 827//207 
f 826//207 828//207 829//207 
f 828//207 830//207 831//207 
f 830//207 832//207 833//207 
f 834//207 835//207 836//207 
f 493//207 837//207 838//207 
f 807//207 804//207 765//207 
f 810//207 839//207 809//207 
f 840//207 809//207 839//207 
f 841//207 840//207 842//207 
f 748//207 812//207 746//207 
f 749//207 843//207 844//207 
f 843//207 845//207 846//207 
f 845//207 847//207 848//207 
f 819//207 411//207 207//207 
f 752//207 751//207 211//207 
f 755//207 754//207 216//207 
f 681//207 680//207 226//207 
f 815//207 814//207 235//207 
f 756//207 602//207 260//207 
f 684//207 607//207 273//207 
f 686//207 760//207 278//207 
f 764//207 816//207 549//207 
f 285//207 286//207 615//207 
f 849//207 553//207 850//207 
f 615//207 762//207 617//207 
f 766//207 290//207 291//207 
f 619//207 483//207 326//207 
f 696//207 697//207 694//207 
f 332//207 333//207 768//207 
f 770//207 338//207 339//207 
f 635//207 353//207 354//207 
f 359//207 851//207 701//207 
f 360//207 703//207 851//207 
f 771//207 363//207 364//207 
f 706//207 373//207 374//207 
f 773//207 580//207 392//207 
f 581//207 710//207 397//207 
f 778//207 852//207 777//207 
f 782//207 781//207 783//207 
f 719//207 591//207 717//207 
f 790//207 789//207 788//207 
f 853//207 410//207 411//207 
f 853//207 854//207 776//207 
f 791//207 669//207 668//207 
f 795//207 794//207 820//207 
f 797//207 796//207 821//207 
f 855//207 825//207 822//207 
f 824//207 823//207 740//207 
f 801//207 799//207 798//207 
f 829//207 827//207 826//207 
f 833//207 831//207 830//207 
f 838//207 836//207 493//207 
f 493//207 856//207 857//207 
f 493//207 858//207 859//207 
f 860//207 861//207 862//207 
f 863//207 860//207 864//207 
f 765//207 865//207 866//207 
f 765//207 867//207 868//207 
f 765//207 549//207 806//207 
f 765//207 869//207 870//207 
f 871//207 872//207 873//207 
f 874//207 873//207 808//207 
f 839//207 842//207 840//207 
f 875//207 876//207 841//207 
f 844//207 750//207 749//207 
f 848//207 846//207 845//207 
f 847//207 877//207 878//207 
f 877//207 879//207 880//207 
f 673//207 813//207 208//207 
f 597//207 678//207 219//207 
f 450//207 815//207 236//207 
f 759//207 758//207 276//207 
f 690//207 549//207 615//207 
f 553//207 849//207 552//207 
f 471//207 293//207 294//207 
f 695//207 768//207 334//207 
f 631//207 339//207 340//207 
f 851//207 359//207 360//207 
f 575//207 365//207 366//207 
f 775//207 774//207 394//207 
f 715//207 714//207 779//207 
f 787//207 663//207 662//207 
f 853//207 409//207 410//207 
f 776//207 409//207 853//207 
f 793//207 733//207 732//207 
f 822//207 821//207 855//207 
f 672//207 739//207 670//207 
f 831//207 829//207 828//207 
f 494//207 721//207 818//207 
f 881//207 882//207 883//207 
f 884//207 883//207 835//207 
f 857//207 837//207 493//207 
f 493//207 885//207 858//207 
f 493//207 886//207 887//207 
f 493//207 447//207 888//207 
f 870//207 862//207 861//207 
f 864//207 889//207 863//207 
f 866//207 890//207 765//207 
f 805//207 867//207 765//207 
f 870//207 875//207 765//207 
f 808//207 745//207 874//207 
f 842//207 875//207 841//207 
f 891//207 892//207 893//207 
f 892//207 811//207 894//207 
f 846//207 844//207 843//207 
f 880//207 878//207 877//207 
f 675//207 753//207 213//207 
f 603//207 757//207 262//207 
f 850//207 895//207 849//207 
f 817//207 768//207 695//207 
f 701//207 358//207 359//207 
f 643//207 378//207 379//207 
f 648//207 785//207 647//207 
f 776//207 408//207 409//207 
f 736//207 820//207 734//207 
f 827//207 803//207 802//207 
f 494//207 493//207 721//207 
f 835//207 834//207 884//207 
f 859//207 856//207 493//207 
f 493//207 896//207 897//207 
f 888//207 886//207 493//207 
f 862//207 864//207 860//207 
f 898//207 863//207 889//207 
f 868//207 865//207 765//207 
f 870//207 876//207 875//207 
f 899//207 900//207 872//207 
f 743//207 810//207 744//207 
f 901//207 891//207 902//207 
f 869//207 903//207 904//207 
f 894//207 893//207 892//207 
f 878//207 848//207 847//207 
f 814//207 683//207 234//207 
f 690//207 288//207 289//207 
f 703//207 360//207 361//207 
f 777//207 853//207 411//207 
f 825//207 855//207 823//207 
f 818//207 905//207 494//207 
f 836//207 838//207 834//207 
f 887//207 896//207 493//207 
f 870//207 906//207 907//207 
f 889//207 908//207 898//207 
f 765//207 909//207 869//207 
f 873//207 874//207 871//207 
f 904//207 901//207 869//207 
f 812//207 894//207 811//207 
f 879//207 910//207 911//207 
f 762//207 615//207 549//207 
f 852//207 853//207 777//207 
f 905//207 912//207 494//207 
f 897//207 885//207 493//207 
f 861//207 906//207 870//207 
f 872//207 871//207 899//207 
f 869//207 909//207 903//207 
f 911//207 880//207 879//207 
f 629//207 335//207 336//207 
f 883//207 884//207 881//207 
f 890//207 909//207 765//207 
f 893//207 902//207 891//207 
f 593//207 664//207 447//207 
f 902//207 869//207 901//207 
f 907//207 876//207 870//207 
f 813//207 819//207 207//207 
o mesh3
f 913//208 914//209 629//209 
f 915//210 913//208 628//211 
f 916//212 915//210 698//213 
f 917//214 916//212 770//215 
f 918//216 917//214 631//217 
f 919//218 918//216 630//219 
f 632//218 633//220 920//221 
f 633//220 921//220 920//221 
f 922//222 921//220 633//220 
f 923//223 922//222 574//222 
f 924//224 923//223 573//223 
f 925//225 924//224 485//224 
f 926//226 925//225 484//225 
f 927//227 926//226 486//226 
f 928//228 927//227 516//227 
f 929//229 928//228 488//228 
f 487//229 489//230 930//231 
f 489//230 931//230 930//231 
f 634//232 932//232 933//233 
f 933//233 489//230 634//232 
f 934//234 932//232 634//232 
f 935//235 934//234 635//234 
f 936//236 935//235 636//235 
f 937//237 936//236 637//236 
f 938//238 937//237 699//237 
f 939//239 938//238 700//238 
f 940//240 939//239 701//239 
f 941//241 940//240 851//240 
f 942//242 941//241 703//241 
f 943//243 942//242 702//242 
f 944//244 943//243 704//243 
f 945//245 944//244 771//244 
f 946//246 945//245 772//245 
f 947//247 946//246 575//246 
f 948//248 947//247 518//247 
f 949//249 948//248 517//248 
f 950//250 949//249 519//249 
f 638//250 639//251 951//252 
f 639//251 952//251 951//252 
f 953//253 952//251 639//251 
f 954//254 953//253 640//253 
f 705//254 706//255 955//256 
f 706//255 956//255 955//256 
f 957//257 956//255 706//255 
f 958//258 957//257 707//257 
f 959//259 958//258 708//258 
f 960//260 959//259 642//259 
f 961//261 960//260 641//260 
f 962//262 961//261 643//261 
f 963//263 962//262 645//262 
f 964//264 963//263 644//263 
f 965//265 964//264 520//264 
f 966//266 965//265 521//265 
f 967//267 966//266 576//266 
f 968//268 967//267 577//267 
f 969//269 968//268 522//268 
f 970//270 969//269 523//269 
f 971//271 970//270 578//270 
f 972//272 971//271 524//271 
f 579//273 973//274 974//275 
f 974//275 525//276 579//273 
f 579//273 975//277 973//274 
f 976//278 975//277 579//273 
f 977//279 976//278 580//278 
f 978//280 977//279 773//279 
f 979//281 978//280 774//280 
f 980//282 979//281 775//281 
f 981//283 980//282 709//282 
f 581//284 982//284 983//285 
f 983//285 710//286 581//284 
f 984//287 982//284 581//284 
f 985//288 984//287 582//287 
f 986//289 985//288 490//288 
f 987//290 986//289 491//289 
f 988//291 987//290 526//290 
f 989//292 988//291 527//291 
f 990//293 989//292 528//292 
f 991//294 990//293 646//293 
f 992//295 991//294 583//294 
f 993//296 992//295 584//295 
f 584//295 776//296 993//296 
f 583//294 584//295 992//295 
f 646//293 583//294 991//294 
f 528//292 646//293 990//293 
f 527//291 528//292 989//292 
f 526//290 527//291 988//291 
f 491//289 526//290 987//290 
f 490//288 491//289 986//289 
f 582//287 490//288 985//288 
f 581//284 582//287 984//287 
f 983//285 981//283 710//286 
f 709//282 710//286 981//283 
f 775//281 709//282 980//282 
f 774//280 775//281 979//281 
f 773//279 774//280 978//280 
f 580//278 773//279 977//279 
f 579//273 580//278 976//278 
f 974//275 972//272 525//276 
f 524//271 525//276 972//272 
f 578//270 524//271 971//271 
f 523//269 578//270 970//270 
f 522//268 523//269 969//269 
f 577//267 522//268 968//268 
f 576//266 577//267 967//267 
f 521//265 576//266 966//266 
f 520//264 521//265 965//265 
f 644//263 520//264 964//264 
f 645//262 644//263 963//263 
f 643//261 645//262 962//262 
f 641//260 643//261 961//261 
f 642//259 641//260 960//260 
f 708//258 642//259 959//259 
f 707//257 708//258 958//258 
f 706//255 707//257 957//257 
f 955//256 954//254 705//254 
f 640//253 705//254 954//254 
f 639//251 640//253 953//253 
f 951//252 950//250 638//250 
f 519//249 638//250 950//250 
f 517//248 519//249 949//249 
f 518//247 517//248 948//248 
f 575//246 518//247 947//247 
f 772//245 575//246 946//246 
f 771//244 772//245 945//245 
f 704//243 771//244 944//244 
f 702//242 704//243 943//243 
f 703//241 702//242 942//242 
f 851//240 703//241 941//241 
f 701//239 851//240 940//240 
f 700//238 701//239 939//239 
f 699//237 700//238 938//238 
f 637//236 699//237 937//237 
f 636//235 637//236 936//236 
f 635//234 636//235 935//235 
f 634//232 635//234 934//234 
f 933//233 931//230 489//230 
f 930//231 929//229 487//229 
f 488//228 487//229 929//229 
f 516//227 488//228 928//228 
f 486//226 516//227 927//227 
f 484//225 486//226 926//226 
f 485//224 484//225 925//225 
f 573//223 485//224 924//224 
f 574//222 573//223 923//223 
f 633//220 574//222 922//222 
f 920//221 919//218 632//218 
f 630//219 632//218 919//218 
f 631//217 630//219 918//216 
f 770//215 631//217 917//214 
f 698//213 770//215 916//212 
f 628//211 698//213 915//210 
f 629//209 628//211 913//208 
o mesh4
f 994//297 995//298 819//298 
f 996//299 994//297 813//300 
f 997//301 996//299 673//302 
f 674//301 751//303 998//304 
f 751//303 999//303 998//304 
f 752//305 1000//305 1001//306 
f 1001//306 751//303 752//305 
f 1002//307 1000//305 752//305 
f 1003//308 1002//307 753//307 
f 1004//309 1003//308 675//308 
f 1005//310 1004//309 676//309 
f 1006//311 1005//310 754//310 
f 1007//312 1006//311 755//311 
f 1008//313 1007//312 677//312 
f 1009//314 1008//313 678//313 
f 597//314 598//315 1010//316 
f 598//315 1011//315 1010//316 
f 1012//317 1011//315 598//315 
f 1013//318 1012//317 599//317 
f 1014//319 1013//318 531//318 
f 1015//320 1014//319 532//319 
f 1016//321 1015//320 679//320 
f 1017//322 1016//321 680//321 
f 1018//323 1017//322 681//322 
f 495//323 496//324 1019//325 
f 496//324 1020//324 1019//325 
f 1021//326 1020//324 496//324 
f 1022//327 1021//326 533//326 
f 1023//328 1022//327 534//327 
f 1024//329 1023//328 535//328 
f 1025//330 1024//329 682//329 
f 1026//331 1025//330 683//330 
f 1027//332 1026//331 814//331 
f 1028//333 1027//332 815//332 
f 1029//334 1028//333 450//333 
f 1030//335 1029//334 451//334 
f 1031//336 1030//335 497//335 
f 1032//337 1031//336 498//336 
f 1033//338 1032//337 499//337 
f 1034//339 1033//338 536//338 
f 1035//340 1034//339 537//339 
f 1036//341 1035//340 420//340 
f 1037//342 1036//341 421//341 
f 422//343 1038//343 1039//344 
f 1039//344 452//345 422//343 
f 1040//346 1038//343 422//343 
f 1041//347 1040//346 423//346 
f 1042//348 1041//347 453//347 
f 1043//349 1042//348 500//348 
f 1044//350 1043//349 424//349 
f 1045//351 1044//350 425//350 
f 1046//352 1045//351 454//351 
f 1047//353 1046//352 538//352 
f 1048//354 1047//353 539//353 
f 1049//355 1048//354 600//354 
f 1050//356 1049//355 601//355 
f 1051//357 1050//356 540//356 
f 1052//358 1051//357 541//357 
f 1053//359 1052//358 602//358 
f 1054//360 1053//359 756//359 
f 1055//361 1054//360 757//360 
f 1056//362 1055//361 603//361 
f 1057//363 1056//362 542//362 
f 1058//364 1057//363 543//363 
f 1059//365 1058//364 604//364 
f 545//366 1060//366 1061//367 
f 1061//367 544//368 545//366 
f 1062//369 1060//366 545//366 
f 1063//370 1062//369 605//369 
f 1064//371 1063//370 606//370 
f 1065//372 1064//371 546//371 
f 1066//373 1065//372 547//372 
f 1067//374 1066//373 607//373 
f 1068//375 1067//374 684//374 
f 1069//376 1068//375 685//375 
f 1070//377 1069//376 758//376 
f 760//378 1071//378 1072//379 
f 1072//379 759//380 760//378 
f 1073//381 1071//378 760//378 
f 1074//382 1073//381 686//381 
f 1075//383 1074//382 608//382 
f 1076//384 1075//383 609//383 
f 1077//385 1076//384 687//384 
f 1078//386 1077//385 610//385 
f 610//385 548//386 1078//386 
f 687//384 610//385 1077//385 
f 609//383 687//384 1076//384 
f 608//382 609//383 1075//383 
f 686//381 608//382 1074//382 
f 760//378 686//381 1073//381 
f 1072//379 1070//377 759//380 
f 758//376 759//380 1070//377 
f 685//375 758//376 1069//376 
f 684//374 685//375 1068//375 
f 607//373 684//374 1067//374 
f 547//372 607//373 1066//373 
f 546//371 547//372 1065//372 
f 606//370 546//371 1064//371 
f 605//369 606//370 1063//370 
f 545//366 605//369 1062//369 
f 1061//367 1059//365 544//368 
f 604//364 544//368 1059//365 
f 543//363 604//364 1058//364 
f 542//362 543//363 1057//363 
f 603//361 542//362 1056//362 
f 757//360 603//361 1055//361 
f 756//359 757//360 1054//360 
f 602//358 756//359 1053//359 
f 541//357 602//358 1052//358 
f 540//356 541//357 1051//357 
f 601//355 540//356 1050//356 
f 600//354 601//355 1049//355 
f 539//353 600//354 1048//354 
f 538//352 539//353 1047//353 
f 454//351 538//352 1046//352 
f 425//350 454//351 1045//351 
f 424//349 425//350 1044//350 
f 500//348 424//349 1043//349 
f 453//347 500//348 1042//348 
f 423//346 453//347 1041//347 
f 422//343 423//346 1040//346 
f 1039//344 1037//342 452//345 
f 421//341 452//345 1037//342 
f 420//340 421//341 1036//341 
f 537//339 420//340 1035//340 
f 536//338 537//339 1034//339 
f 499//337 536//338 1033//338 
f 498//336 499//337 1032//337 
f 497//335 498//336 1031//336 
f 451//334 497//335 1030//335 
f 450//333 451//334 1029//334 
f 815//332 450//333 1028//333 
f 814//331 815//332 1027//332 
f 683//330 814//331 1026//331 
f 682//329 683//330 1025//330 
f 535//328 682//329 1024//329 
f 534//327 535//328 1023//328 
f 533//326 534//327 1022//327 
f 496//324 533//326 1021//326 
f 1019//325 1018//323 495//323 
f 681//322 495//323 1018//323 
f 680//321 681//322 1017//322 
f 679//320 680//321 1016//321 
f 532//319 679//320 1015//320 
f 531//318 532//319 1014//319 
f 599//317 531//318 1013//318 
f 598//315 599//317 1012//317 
f 1010//316 1009//314 597//314 
f 678//313 597//314 1009//314 
f 677//312 678//313 1008//313 
f 755//311 677//312 1007//312 
f 754//310 755//311 1006//311 
f 676//309 754//310 1005//310 
f 675//308 676//309 1004//309 
f 753//307 675//308 1003//308 
f 752//305 753//307 1002//307 
f 1001//306 999//303 751//303 
f 998//304 997//301 674//301 
f 673//302 674//301 997//301 
f 813//300 673//302 996//299 
f 819//298 813//300 994//297 
o mesh5
f 1079//387 1080//388 690//388 
f 1081//389 1079//387 689//390 
f 1082//391 1081//389 766//392 
f 1083//393 1082//391 692//394 
f 1084//395 1083//393 691//396 
f 1085//397 1084//395 471//398 
f 1086//399 1085//397 470//400 
f 472//399 507//401 1087//402 
f 507//401 1088//401 1087//402 
f 1089//403 1088//401 507//401 
f 1090//404 1089//403 508//403 
f 1091//405 1090//404 474//404 
f 1092//406 1091//405 473//405 
f 1093//407 1092//406 475//406 
f 1094//408 1093//407 509//407 
f 1095//409 1094//408 418//408 
f 1096//410 1095//409 417//409 
f 1097//411 1096//410 419//410 
f 476//412 1098//413 1099//414 
f 1099//414 444//415 476//412 
f 476//412 1100//416 1098//413 
f 1101//417 1100//416 476//412 
f 1102//418 1101//417 477//417 
f 1103//419 1102//418 478//418 
f 1104//420 1103//419 479//419 
f 1105//421 1104//420 480//420 
f 1106//422 1105//421 510//421 
f 1107//423 1106//422 558//422 
f 1108//424 1107//423 559//423 
f 1109//425 1108//424 560//424 
f 1110//426 1109//425 561//425 
f 1111//427 1110//426 562//426 
f 1112//428 1111//427 563//427 
f 1113//429 1112//428 564//428 
f 1114//430 1113//429 565//429 
f 1115//431 1114//430 481//430 
f 1116//432 1115//431 482//431 
f 1117//433 1116//432 511//432 
f 1118//434 1117//433 512//433 
f 445//434 446//435 1119//436 
f 446//435 1120//435 1119//436 
f 1121//437 1120//435 446//435 
f 1122//438 1121//437 483//437 
f 1123//439 1122//438 619//438 
f 1124//440 1123//439 620//439 
f 1125//441 1124//440 621//440 
f 1126//442 1125//441 622//441 
f 622//441 693//442 1126//442 
f 621//440 622//441 1125//441 
f 620//439 621//440 1124//440 
f 619//438 620//439 1123//439 
f 483//437 619//438 1122//438 
f 446//435 483//437 1121//437 
f 1119//436 1118//434 445//434 
f 512//433 445//434 1118//434 
f 511//432 512//433 1117//433 
f 482//431 511//432 1116//432 
f 481//430 482//431 1115//431 
f 565//429 481//430 1114//430 
f 564//428 565//429 1113//429 
f 563//427 564//428 1112//428 
f 562//426 563//427 1111//427 
f 561//425 562//426 1110//426 
f 560//424 561//425 1109//425 
f 559//423 560//424 1108//424 
f 558//422 559//423 1107//423 
f 510//421 558//422 1106//422 
f 480//420 510//421 1105//421 
f 479//419 480//420 1104//420 
f 478//418 479//419 1103//419 
f 477//417 478//418 1102//418 
f 476//412 477//417 1101//417 
f 1099//414 1097//411 444//415 
f 419//410 444//415 1097//411 
f 417//409 419//410 1096//410 
f 418//408 417//409 1095//409 
f 509//407 418//408 1094//408 
f 475//406 509//407 1093//407 
f 473//405 475//406 1092//406 
f 474//404 473//405 1091//405 
f 508//403 474//404 1090//404 
f 507//401 508//403 1089//403 
f 1087//402 1086//399 472//399 
f 470//400 472//399 1086//399 
f 471//398 470//400 1085//397 
f 691//396 471//398 1084//395 
f 692//394 691//396 1083//393 
f 766//392 692//394 1082//391 
f 689//390 766//392 1081//389 
f 690//388 689//390 1079//387 
o mesh6
f 1127//443 912//443 905//444 
f 1128//444 905//444 818//445 
f 1129//445 818//445 723//446 
f 1130//446 723//446 722//447 
f 1131//447 722//447 724//448 
f 1132//448 724//448 788//449 
f 1133//449 788//449 786//450 
f 1134//450 786//450 662//451 
f 1135//451 662//451 660//452 
f 1136//452 660//452 658//453 
f 1137//453 658//453 656//454 
f 655//455 1138//455 1139//456 
f 1139//456 656//454 655//455 
f 1138//455 655//455 718//457 
f 1140//457 718//457 717//458 
f 590//459 1141//459 1142//460 
f 1142//460 717//458 590//459 
f 1141//459 590//459 654//461 
f 1143//461 654//461 652//462 
f 1144//462 652//462 649//463 
f 1145//463 649//463 716//464 
f 1146//464 716//464 588//465 
f 1147//465 588//465 585//466 
f 1148//466 585//466 647//467 
f 1149//467 647//467 785//468 
f 1150//468 785//468 783//469 
f 783//469 781//470 1151//471 
f 781//470 1152//470 1151//471 
f 779//472 1153//472 1154//473 
f 1154//473 781//470 779//472 
f 1153//472 779//472 714//474 
f 1155//474 714//474 711//475 
f 1156//475 711//475 777//476 
f 777//476 1157//476 1156//475 
f 711//475 1156//475 1155//474 
f 714//474 1155//474 1153//472 
f 1154//473 1152//470 781//470 
f 1151//471 1158//477 783//469 
f 783//469 1158//477 1150//468 
f 785//468 1150//468 1149//467 
f 647//467 1149//467 1148//466 
f 585//466 1148//466 1147//465 
f 588//465 1147//465 1146//464 
f 716//464 1146//464 1145//463 
f 649//463 1145//463 1144//462 
f 652//462 1144//462 1143//461 
f 654//461 1143//461 1141//459 
f 1142//460 1159//478 717//458 
f 717//458 1159//478 1140//457 
f 718//457 1140//457 1138//455 
f 1139//456 1160//479 656//454 
f 656//454 1160//479 1137//453 
f 658//453 1137//453 1136//452 
f 660//452 1136//452 1135//451 
f 662//451 1135//451 1134//450 
f 786//450 1134//450 1133//449 
f 788//449 1133//449 1132//448 
f 724//448 1132//448 1131//447 
f 722//447 1131//447 1130//446 
f 723//446 1130//446 1129//445 
f 818//445 1129//445 1128//444 
f 905//444 1128//444 1127//443 
o mesh7
f 1161//480 627//480 572//481 
f 1162//481 572//481 570//482 
f 1163//482 570//482 568//483 
f 1164//483 568//483 515//484 
f 566//485 1165//485 1166//486 
f 1166//486 515//484 566//485 
f 1165//485 566//485 625//487 
f 1167//487 625//487 624//488 
f 1168//488 624//488 696//489 
f 1169//489 696//489 695//490 
f 695//490 1170//490 1169//489 
f 696//489 1169//489 1168//488 
f 624//488 1168//488 1167//487 
f 625//487 1167//487 1165//485 
f 1166//486 1171//491 515//484 
f 515//484 1171//491 1164//483 
f 568//483 1164//483 1163//482 
f 570//482 1163//482 1162//481 
f 572//481 1162//481 1161//480 
o mesh8
f 1172//492 910//492 879//493 
f 1173//493 879//493 877//494 
f 1174//494 877//494 847//495 
f 1175//495 847//495 845//496 
f 1176//496 845//496 843//497 
f 1177//497 843//497 749//498 
f 1178//498 749//498 747//499 
f 746//500 1179//500 1180//501 
f 1180//501 747//499 746//500 
f 746//500 811//502 1181//503 
f 811//502 1182//502 1181//503 
f 1182//502 811//502 892//504 
f 1183//504 892//504 891//505 
f 1184//505 891//505 901//506 
f 1185//506 901//506 904//507 
f 1186//507 904//507 903//508 
f 1187//508 903//508 909//509 
f 1188//509 909//509 890//510 
f 1189//510 890//510 866//511 
f 1190//511 866//511 865//512 
f 1191//512 865//512 868//513 
f 867//514 1192//514 1193//515 
f 1193//515 868//513 867//514 
f 1192//514 867//514 805//516 
f 1194//516 805//516 804//517 
f 1195//517 804//517 807//518 
f 1196//518 807//518 806//519 
f 1197//519 806//519 549//520 
f 549//520 1198//520 1197//519 
f 806//519 1197//519 1196//518 
f 807//518 1196//518 1195//517 
f 804//517 1195//517 1194//516 
f 805//516 1194//516 1192//514 
f 1193//515 1199//521 868//513 
f 868//513 1199//521 1191//512 
f 865//512 1191//512 1190//511 
f 866//511 1190//511 1189//510 
f 890//510 1189//510 1188//509 
f 909//509 1188//509 1187//508 
f 903//508 1187//508 1186//507 
f 904//507 1186//507 1185//506 
f 901//506 1185//506 1184//505 
f 891//505 1184//505 1183//504 
f 892//504 1183//504 1182//502 
f 1181//503 1179//500 746//500 
f 1180//501 1200//522 747//499 
f 747//499 1200//522 1178//498 
f 749//498 1178//498 1177//497 
f 843//497 1177//497 1176//496 
f 845//496 1176//496 1175//495 
f 847//495 1175//495 1174//494 
f 877//494 1174//494 1173//493 
f 879//493 1173//493 1172//492 
o mesh9
f 1201//523 493//523 836//524 
f 1202//524 836//524 835//525 
f 1203//525 835//525 883//526 
f 1204//526 883//526 882//527 
f 882//527 1205//527 1204//526 
f 883//526 1204//526 1203//525 
f 835//525 1203//525 1202//524 
f 836//524 1202//524 1201//523 
o mesh10
f 1206//528 875//528 842//529 
f 1207//529 842//529 839//530 
f 1208//530 839//530 810//531 
f 1209//531 810//531 743//532 
f 1210//532 743//532 808//533 
f 1211//533 808//533 873//534 
f 872//535 1212//535 1213//536 
f 1213//536 873//534 872//535 
f 1212//535 872//535 900//537 
f 900//537 1214//537 1212//535 
f 1213//536 1215//538 873//534 
f 873//534 1215//538 1211//533 
f 808//533 1211//533 1210//532 
f 743//532 1210//532 1209//531 
f 810//531 1209//531 1208//530 
f 839//530 1208//530 1207//529 
f 842//529 1207//529 1206//528 
o mesh11
f 1216//539 1217//540 854//540 
f 1218//541 1216//539 853//542 
f 1219//543 1218//541 852//544 
f 1220//545 1219//543 778//546 
f 1221//547 1220//545 713//548 
f 1222//549 1221//547 712//550 
f 1223//551 1222//549 715//552 
f 780//551 782//553 1224//554 
f 782//553 1225//553 1224//554 
f 782//553 784//555 1226//556 
f 784//555 1227//555 1226//556 
f 1228//557 1227//555 784//555 
f 1229//558 1228//557 648//557 
f 1230//559 1229//558 587//558 
f 1231//560 1230//559 586//559 
f 1232//561 1231//560 589//560 
f 1233//562 1232//561 651//561 
f 650//562 653//563 1234//564 
f 653//563 1235//563 1234//564 
f 1236//565 1235//563 653//563 
f 1237//566 1236//565 592//565 
f 1238//567 1237//566 591//566 
f 720//568 1239//568 1240//569 
f 1240//569 719//570 720//568 
f 1241//571 1239//568 720//568 
f 1242//572 1241//571 657//571 
f 1243//573 1242//572 659//572 
f 1244//574 1243//573 661//573 
f 1245//575 1244//574 663//574 
f 1246//576 1245//575 787//575 
f 1247//577 1246//576 789//576 
f 1248//578 1247//577 790//577 
f 790//577 721//578 1248//578 
f 789//576 790//577 1247//577 
f 787//575 789//576 1246//576 
f 663//574 787//575 1245//575 
f 661//573 663//574 1244//574 
f 659//572 661//573 1243//573 
f 657//571 659//572 1242//572 
f 720//568 657//571 1241//571 
f 1240//569 1238//567 719//570 
f 591//566 719//570 1238//567 
f 592//565 591//566 1237//566 
f 653//563 592//565 1236//565 
f 1234//564 1233//562 650//562 
f 651//561 650//562 1233//562 
f 589//560 651//561 1232//561 
f 586//559 589//560 1231//560 
f 587//558 586//559 1230//559 
f 648//557 587//558 1229//558 
f 784//555 648//557 1228//557 
f 1226//556 1225//553 782//553 
f 1224//554 1223//551 780//551 
f 715//552 780//551 1223//551 
f 712//550 715//552 1222//549 
f 713//548 712//550 1221//547 
f 778//546 713//548 1220//545 
f 852//544 778//546 1219//543 
f 853//542 852//544 1218//541 
f 854//540 853//542 1216//539 
o mesh12
f 1249//579 1250//580 850//580 
f 1251//581 1249//579 553//582 
f 1252//583 1251//581 456//584 
f 1253//585 1252//583 428//586 
f 1254//587 1253//585 427//588 
f 1255//589 1254//587 430//590 
f 1256//591 1255//589 458//592 
f 1257//593 1256//591 460//594 
f 1258//595 1257//593 462//596 
f 1259//597 1258//595 433//598 
f 1260//599 1259//597 501//600 
f 1261//601 1260//599 435//602 
f 1262//603 1261//601 414//604 
f 416//603 463//605 1263//606 
f 463//605 1264//605 1263//606 
f 1265//607 1264//605 463//605 
f 1266//608 1265//607 438//607 
f 1267//609 1266//608 440//608 
f 1268//610 1267//609 465//609 
f 1269//611 1268//610 613//610 
f 1270//612 1269//611 556//611 
f 1271//613 1270//612 555//612 
f 1272//614 1271//613 504//613 
f 1273//615 1272//614 503//614 
f 1274//616 1273//615 506//615 
f 466//616 443//617 1275//618 
f 443//617 1276//617 1275//618 
f 1277//619 1276//617 443//617 
f 1278//620 1277//619 469//619 
f 1279//621 1278//620 616//620 
f 1280//622 1279//621 618//621 
f 1281//623 1280//622 617//622 
f 1282//624 1281//623 762//623 
f 1283//625 1282//624 761//624 
f 1284//626 1283//625 816//625 
f 1285//627 1284//626 764//626 
f 1286//628 1285//627 763//627 
f 551//628 550//629 1287//630 
f 550//629 1288//629 1287//630 
f 1289//631 1288//629 550//629 
f 1290//632 1289//631 611//631 
f 1291//633 1290//632 688//632 
f 688//632 765//633 1291//633 
f 611//631 688//632 1290//632 
f 550//629 611//631 1289//631 
f 1287//630 1286//628 551//628 
f 763//627 551//628 1286//628 
f 764//626 763//627 1285//627 
f 816//625 764//626 1284//626 
f 761//624 816//625 1283//625 
f 762//623 761//624 1282//624 
f 617//622 762//623 1281//623 
f 618//621 617//622 1280//622 
f 616//620 618//621 1279//621 
f 469//619 616//620 1278//620 
f 443//617 469//619 1277//619 
f 1275//618 1274//616 466//616 
f 506//615 466//616 1274//616 
f 503//614 506//615 1273//615 
f 504//613 503//614 1272//614 
f 555//612 504//613 1271//613 
f 556//611 555//612 1270//612 
f 613//610 556//611 1269//611 
f 465//609 613//610 1268//610 
f 440//608 465//609 1267//609 
f 438//607 440//608 1266//608 
f 463//605 438//607 1265//607 
f 1263//606 1262//603 416//603 
f 414//604 416//603 1262//603 
f 435//602 414//604 1261//601 
f 501//600 435//602 1260//599 
f 433//598 501//600 1259//597 
f 462//596 433//598 1258//595 
f 460//594 462//596 1257//593 
f 458//592 460//594 1256//591 
f 430//590 458//592 1255//589 
f 427//588 430//590 1254//587 
f 428//586 427//588 1253//585 
f 456//584 428//586 1252//583 
f 553//582 456//584 1251//581 
f 850//580 553//582 1249//579 
o mesh13
f 832//634 1292//634 1293//634 
f 1293//634 833//634 832//634 
o mesh14
f 884//635 1294//635 1295//636 
f 1295//636 881//637 884//635 
f 1296//638 1294//635 884//635 
f 1297//639 1296//638 834//638 
f 1298//640 1297//639 838//639 
f 1299//641 1298//640 837//640 
f 1300//642 1299//641 857//641 
f 1301//643 1300//642 856//642 
f 1302//644 1301//643 859//643 
f 858//644 885//645 1303//646 
f 885//645 1304//645 1303//646 
f 1305//647 1304//645 885//645 
f 1306//648 1305//647 897//647 
f 1307//649 1306//648 896//648 
f 1308//650 1307//649 887//649 
f 1309//651 1308//650 886//650 
f 1310//652 1309//651 888//651 
f 1311//653 1310//652 447//652 
f 1312//654 1311//653 596//653 
f 1313//655 1312//654 727//654 
f 1314//656 1313//655 728//655 
f 1315//657 1314//656 667//656 
f 1316//658 1315//657 669//657 
f 1317//659 1316//658 791//658 
f 1318//660 1317//659 731//659 
f 1319//661 1318//660 733//660 
f 1320//662 1319//661 793//661 
f 1321//663 1320//662 795//662 
f 1322//664 1321//663 736//663 
f 1323//665 1322//664 735//664 
f 1324//666 1323//665 738//665 
f 1325//667 1324//666 797//666 
f 1326//668 1325//667 822//667 
f 1327//669 1326//668 825//668 
f 1328//670 1327//669 824//669 
f 1329//671 1328//670 739//670 
f 1330//672 1329//671 672//671 
f 742//672 799//673 1331//674 
f 799//673 1332//673 1331//674 
f 1333//675 1332//673 799//673 
f 1334//676 1333//675 801//675 
f 1335//677 1334//676 803//676 
f 1336//678 1335//677 827//677 
f 1337//679 1336//678 829//678 
f 1293//680 1337//679 831//679 
f 831//679 833//680 1293//680 
f 829//678 831//679 1337//679 
f 827//677 829//678 1336//678 
f 803//676 827//677 1335//677 
f 801//675 803//676 1334//676 
f 799//673 801//675 1333//675 
f 1331//674 1330//672 742//672 
f 672//671 742//672 1330//672 
f 739//670 672//671 1329//671 
f 824//669 739//670 1328//670 
f 825//668 824//669 1327//669 
f 822//667 825//668 1326//668 
f 797//666 822//667 1325//667 
f 738//665 797//666 1324//666 
f 735//664 738//665 1323//665 
f 736//663 735//664 1322//664 
f 795//662 736//663 1321//663 
f 793//661 795//662 1320//662 
f 733//660 793//661 1319//661 
f 731//659 733//660 1318//660 
f 791//658 731//659 1317//659 
f 669//657 791//658 1316//658 
f 667//656 669//657 1315//657 
f 728//655 667//656 1314//656 
f 727//654 728//655 1313//655 
f 596//653 727//654 1312//654 
f 447//652 596//653 1311//653 
f 888//651 447//652 1310//652 
f 886//650 888//651 1309//651 
f 887//649 886//650 1308//650 
f 896//648 887//649 1307//649 
f 897//647 896//648 1306//648 
f 885//645 897//647 1305//647 
f 1303//646 1302//644 858//644 
f 859//643 858//644 1302//644 
f 856//642 859//643 1301//643 
f 857//641 856//642 1300//642 
f 837//640 857//641 1299//641 
f 838//639 837//640 1298//640 
f 834//638 838//639 1297//639 
f 884//635 834//638 1296//638 
f 1295//636 1338//681 881//637 
o mesh15
f 882//680 881//680 1339//680 
f 881//680 1338//680 1339//680 
f 1339//680 1205//680 882//680 
o mesh16
f 1292//682 832//682 830//683 
f 1340//683 830//683 828//684 
f 1341//684 828//684 826//685 
f 1342//685 826//685 802//686 
f 1343//686 802//686 800//687 
f 1344//687 800//687 798//688 
f 1345//688 798//688 741//689 
f 741//689 671//690 1346//691 
f 671//690 1347//690 1346//691 
f 1347//690 671//690 670//692 
f 1348//692 670//692 740//693 
f 1349//693 740//693 823//694 
f 1350//694 823//694 855//695 
f 1351//695 855//695 821//696 
f 1352//696 821//696 796//697 
f 1353//697 796//697 737//698 
f 1354//698 737//698 734//699 
f 1355//699 734//699 820//700 
f 1356//700 820//700 794//701 
f 1357//701 794//701 792//702 
f 1358//702 792//702 732//703 
f 1359//703 732//703 730//704 
f 1360//704 730//704 729//705 
f 1361//705 729//705 668//706 
f 1362//706 668//706 666//707 
f 1363//707 666//707 665//708 
f 1364//708 665//708 726//709 
f 1365//709 726//709 725//710 
f 1366//710 725//710 595//711 
f 1367//711 595//711 664//712 
f 1368//712 664//712 593//713 
f 1369//713 593//713 529//714 
f 1370//714 529//714 449//715 
f 1371//715 449//715 448//716 
f 492//717 1372//717 1373//718 
f 1373//718 448//716 492//717 
f 1372//717 492//717 594//719 
f 1374//719 594//719 530//720 
f 1375//720 530//720 494//721 
f 494//721 1376//721 1375//720 
f 530//720 1375//720 1374//719 
f 594//719 1374//719 1372//717 
f 1373//718 1377//722 448//716 
f 448//716 1377//722 1371//715 
f 449//715 1371//715 1370//714 
f 529//714 1370//714 1369//713 
f 593//713 1369//713 1368//712 
f 664//712 1368//712 1367//711 
f 595//711 1367//711 1366//710 
f 725//710 1366//710 1365//709 
f 726//709 1365//709 1364//708 
f 665//708 1364//708 1363//707 
f 666//707 1363//707 1362//706 
f 668//706 1362//706 1361//705 
f 729//705 1361//705 1360//704 
f 730//704 1360//704 1359//703 
f 732//703 1359//703 1358//702 
f 792//702 1358//702 1357//701 
f 794//701 1357//701 1356//700 
f 820//700 1356//700 1355//699 
f 734//699 1355//699 1354//698 
f 737//698 1354//698 1353//697 
f 796//697 1353//697 1352//696 
f 821//696 1352//696 1351//695 
f 855//695 1351//695 1350//694 
f 823//694 1350//694 1349//693 
f 740//693 1349//693 1348//692 
f 670//692 1348//692 1347//690 
f 1346//691 1378//723 741//689 
f 741//689 1378//723 1345//688 
f 798//688 1345//688 1344//687 
f 800//687 1344//687 1343//686 
f 802//686 1343//686 1342//685 
f 826//685 1342//685 1341//684 
f 828//684 1341//684 1340//683 
f 830//683 1340//683 1292//682 
o mesh17
f 908//724 1379//724 1380//724 
f 1380//724 898//724 908//724 
o mesh18
f 1381//725 1382//726 899//726 
f 871//725 874//727 1383//728 
f 874//727 1384//727 1383//728 
f 1385//729 1384//727 874//727 
f 1386//730 1385//729 745//729 
f 1387//731 1386//730 744//730 
f 1388//732 1387//731 809//731 
f 1389//733 1388//732 840//732 
f 1390//734 1389//733 841//733 
f 1391//735 1390//734 876//734 
f 1392//736 1391//735 907//735 
f 1393//737 1392//736 906//736 
f 1394//738 1393//737 861//737 
f 863//739 1395//739 1396//740 
f 1396//740 860//741 863//739 
f 898//742 1380//742 1397//743 
f 1397//743 863//739 898//742 
f 1397//743 1395//739 863//739 
f 1396//740 1394//738 860//741 
f 861//737 860//741 1394//738 
f 906//736 861//737 1393//737 
f 907//735 906//736 1392//736 
f 876//734 907//735 1391//735 
f 841//733 876//734 1390//734 
f 840//732 841//733 1389//733 
f 809//731 840//732 1388//732 
f 744//730 809//731 1387//731 
f 745//729 744//730 1386//730 
f 874//727 745//729 1385//729 
f 1383//728 1381//725 871//725 
f 899//726 871//725 1381//725 
o mesh19
f 899//744 1398//744 1399//744 
f 1399//744 900//744 899//744 
f 899//744 1382//744 1398//744 
f 1399//744 1214//744 900//744 
o mesh20
f 908//745 889//746 1400//747 
f 889//746 1401//746 1400//747 
f 864//748 1402//748 1403//749 
f 1403//749 889//746 864//748 
f 1402//748 864//748 862//750 
f 1404//750 862//750 870//751 
f 870//751 1405//751 1404//750 
f 862//750 1404//750 1402//748 
f 1403//749 1401//746 889//746 
f 1400//747 1379//752 908//745 
o mesh21
f 1127//753 1376//753 494//753 
f 494//753 912//753 1127//753 
o mesh22
f 1217//754 993//754 776//754 
f 776//754 854//754 1217//754 
o mesh23
f 627//755 1161//755 1406//755 
f 1406//755 571//755 627//755 
o mesh24
f 1407//756 1126//756 693//756 
f 693//756 769//756 1407//756 
o mesh25
f 1408//757 1407//758 769//758 
f 1409//759 1408//757 768//760 
f 1410//761 1409//759 817//762 
f 1411//763 1410//761 767//764 
f 1412//765 1411//763 694//766 
f 623//767 1413//767 1414//768 
f 1414//768 697//769 623//767 
f 626//770 1415//770 1416//771 
f 1416//771 623//767 626//770 
f 1417//772 1415//770 626//770 
f 1418//773 1417//772 514//772 
f 1419//774 1418//773 513//773 
f 1420//775 1419//774 567//774 
f 1406//776 1420//775 569//775 
f 569//775 571//776 1406//776 
f 567//774 569//775 1420//775 
f 513//773 567//774 1419//774 
f 514//772 513//773 1418//773 
f 626//770 514//772 1417//772 
f 1416//771 1413//767 623//767 
f 1414//768 1412//765 697//769 
f 694//766 697//769 1412//765 
f 767//764 694//766 1411//763 
f 817//762 767//764 1410//761 
f 768//760 817//762 1409//759 
f 769//758 768//760 1408//757 
o mesh26
f 910//777 1172//777 1421//777 
f 1421//777 911//777 910//777 
o mesh27
f 1422//778 615//778 468//779 
f 1423//779 468//779 442//780 
f 1424//780 442//780 441//781 
f 1425//781 441//781 467//782 
f 505//783 1426//783 1427//784 
f 1427//784 467//782 505//783 
f 1426//783 505//783 502//785 
f 1428//785 502//785 557//786 
f 1429//786 557//786 554//787 
f 1430//787 554//787 614//788 
f 1431//788 614//788 612//789 
f 1432//789 612//789 464//790 
f 1433//790 464//790 439//791 
f 1434//791 439//791 437//792 
f 1435//792 437//792 436//793 
f 1436//793 436//793 415//794 
f 413//795 1437//795 1438//796 
f 1438//796 415//794 413//795 
f 1437//795 413//795 412//797 
f 1439//797 412//797 434//798 
f 1440//798 434//798 432//799 
f 1441//799 432//799 431//800 
f 1442//800 431//800 461//801 
f 1443//801 461//801 459//802 
f 1444//802 459//802 457//803 
f 1445//803 457//803 429//804 
f 1446//804 429//804 426//805 
f 1447//805 426//805 455//806 
f 1448//806 455//806 552//807 
f 1449//807 552//807 849//808 
f 1450//808 849//808 895//809 
f 895//809 1451//809 1450//808 
f 849//808 1450//808 1449//807 
f 552//807 1449//807 1448//806 
f 455//806 1448//806 1447//805 
f 426//805 1447//805 1446//804 
f 429//804 1446//804 1445//803 
f 457//803 1445//803 1444//802 
f 459//802 1444//802 1443//801 
f 461//801 1443//801 1442//800 
f 431//800 1442//800 1441//799 
f 432//799 1441//799 1440//798 
f 434//798 1440//798 1439//797 
f 412//797 1439//797 1437//795 
f 1438//796 1452//810 415//794 
f 415//794 1452//810 1436//793 
f 436//793 1436//793 1435//792 
f 437//792 1435//792 1434//791 
f 439//791 1434//791 1433//790 
f 464//790 1433//790 1432//789 
f 612//789 1432//789 1431//788 
f 614//788 1431//788 1430//787 
f 554//787 1430//787 1429//786 
f 557//786 1429//786 1428//785 
f 502//785 1428//785 1426//783 
f 1427//784 1453//811 467//782 
f 467//782 1453//811 1425//781 
f 441//781 1425//781 1424//780 
f 442//780 1424//780 1423//779 
f 468//779 1423//779 1422//778 
o mesh28
f 1250//812 1451//812 895//812 
f 895//812 850//812 1250//812 
o mesh29
f 1454//813 1455//814 869//814 
f 1456//815 1454//813 902//816 
f 1457//817 1456//815 893//818 
f 812//819 1458//819 1459//820 
f 1459//820 894//821 812//819 
f 748//822 1460//822 1461//823 
f 1461//823 812//819 748//822 
f 1462//824 1460//822 748//822 
f 1463//825 1462//824 750//824 
f 1464//826 1463//825 844//825 
f 1465//827 1464//826 846//826 
f 1466//828 1465//827 848//827 
f 1467//829 1466//828 878//828 
f 1421//830 1467//829 880//829 
f 880//829 911//830 1421//830 
f 878//828 880//829 1467//829 
f 848//827 878//828 1466//828 
f 846//826 848//827 1465//827 
f 844//825 846//826 1464//826 
f 750//824 844//825 1463//825 
f 748//822 750//824 1462//824 
f 1461//823 1458//819 812//819 
f 1459//820 1457//817 894//821 
f 893//818 894//821 1457//817 
f 902//816 893//818 1456//815 
f 869//814 902//816 1454//813 
o mesh30
f 870//831 869//831 1455//831 
f 1455//831 1405//831 870//831 
o mesh31
f 1291//832 765//832 875//832 
f 875//832 1206//832 1291//832 
o mesh32
f 1248//833 721//833 493//833 
f 493//833 1201//833 1248//833 
o mesh33
f 1170//833 695//833 629//833 
f 629//833 914//833 1170//833 
o mesh34
f 549//834 690//834 1080//834 
f 1080//834 1198//834 549//834 
o mesh35
f 615//835 1422//835 1078//835 
f 1078//835 548//835 615//835 
o mesh36
f 1157//836 777//836 819//836 
f 819//836 995//836 1157//836 
o mesh37
f 2375//837 930//837 931//837 
f 945//837 949//837 950//837 
f 945//837 948//837 949//837 
f 945//837 946//837 947//837 
f 951//837 943//837 944//837 
f 951//837 938//837 939//837 
f 951//837 936//837 937//837 
f 2375//837 932//837 934//837 
f 947//837 948//837 945//837 
f 951//837 942//837 943//837 
f 937//837 938//837 951//837 
f 934//837 951//837 2375//837 
f 944//837 945//837 951//837 
f 951//837 940//837 941//837 
f 951//837 935//837 936//837 
f 2375//837 933//837 932//837 
f 941//837 942//837 951//837 
f 934//837 935//837 951//837 
f 939//837 940//837 951//837 
f 2376//837 1225//837 1226//837 
f 2376//837 1224//837 1225//837 
f 2377//837 1231//837 1232//837 
f 2377//837 1230//837 1231//837 
f 2377//837 1227//837 1228//837 
f 1232//837 1233//837 2377//837 
f 1228//837 1229//837 2377//837 
f 1229//837 1230//837 2377//837 
f 2377//837 1226//837 1227//837 
f 1245//837 1204//837 1205//837 
f 1205//837 1241//837 1242//837 
f 1205//837 1243//837 1244//837 
f 1205//837 1239//837 1241//837 
f 1242//837 1243//837 1205//837 
f 1245//837 1246//837 1203//837 
f 1203//837 1204//837 1245//837 
f 1246//837 1247//837 1202//837 
f 1202//837 1203//837 1246//837 
f 1248//837 1201//837 1202//837 
f 1240//837 1239//837 1205//837 
f 1202//837 1247//837 1248//837 
f 1205//837 1244//837 1245//837 
f 2378//837 1299//837 1300//837 
f 2378//837 1297//837 1298//837 
f 1298//837 1299//837 2378//837 
f 2378//837 1294//837 1296//837 
f 2378//837 1301//837 1302//837 
f 1296//837 1297//837 2378//837 
f 1300//837 1301//837 2378//837 
f 2378//837 1295//837 1294//837 
f 996//837 1155//837 1156//837 
f 997//837 1153//837 1155//837 
f 994//837 1156//837 1157//837 
f 1155//837 996//837 997//837 
f 1156//837 994//837 996//837 
f 1153//837 997//837 998//837 
f 998//837 1154//837 1153//837 
f 999//837 1001//837 1152//837 
f 1154//837 998//837 999//837 
f 1001//837 1151//837 1152//837 
f 1009//837 1143//837 1144//837 
f 1005//837 1147//837 1148//837 
f 1006//837 1146//837 1147//837 
f 1144//837 1008//837 1009//837 
f 1010//837 1142//837 1141//837 
f 1000//837 1158//837 1151//837 
f 1002//837 1150//837 1158//837 
f 1003//837 1149//837 1150//837 
f 1004//837 1148//837 1149//837 
f 1147//837 1005//837 1006//837 
f 1007//837 1145//837 1146//837 
f 1008//837 1144//837 1145//837 
f 1141//837 1143//837 1010//837 
f 1158//837 1000//837 1002//837 
f 1149//837 1003//837 1004//837 
f 1146//837 1006//837 1007//837 
f 1009//837 1010//837 1143//837 
f 1150//837 1002//837 1003//837 
f 1145//837 1007//837 1008//837 
f 1148//837 1004//837 1005//837 
f 1013//837 1014//837 1140//837 
f 1015//837 1016//837 1139//837 
f 1012//837 1159//837 1142//837 
f 1159//837 1012//837 1013//837 
f 1014//837 1015//837 1138//837 
f 1139//837 1138//837 1015//837 
f 1142//837 1010//837 1011//837 
f 1138//837 1140//837 1014//837 
f 1016//837 1017//837 1139//837 
f 1140//837 1159//837 1013//837 
f 1017//837 1018//837 1139//837 
f 1018//837 1019//837 1139//837 
f 1127//837 1029//837 1030//837 
f 1020//837 1021//837 1134//837 
f 1022//837 1023//837 1132//837 
f 1023//837 1024//837 1131//837 
f 1025//837 1026//837 1129//837 
f 1026//837 1027//837 1128//837 
f 1127//837 1028//837 1029//837 
f 1027//837 1028//837 1127//837 
f 1373//837 1035//837 1036//837 
f 1373//837 1033//837 1034//837 
f 1032//837 1373//837 1372//837 
f 1135//837 1019//837 1020//837 
f 1131//837 1132//837 1023//837 
f 1024//837 1025//837 1130//837 
f 1128//837 1129//837 1026//837 
f 1127//837 1128//837 1027//837 
f 1034//837 1035//837 1373//837 
f 1372//837 1031//837 1032//837 
f 1134//837 1135//837 1020//837 
f 1021//837 1022//837 1133//837 
f 1130//837 1131//837 1024//837 
f 1030//837 1031//837 1127//837 
f 1032//837 1033//837 1373//837 
f 1019//837 1137//837 1160//837 
f 1133//837 1134//837 1021//837 
f 1129//837 1130//837 1025//837 
f 1374//837 1375//837 1127//837 
f 1036//837 1037//837 1373//837 
f 1019//837 1136//837 1137//837 
f 1132//837 1133//837 1022//837 
f 1127//837 1031//837 1374//837 
f 1037//837 1039//837 1373//837 
f 1135//837 1136//837 1019//837 
f 1372//837 1374//837 1031//837 
f 1375//837 1376//837 1127//837 
f 1074//837 1453//837 1427//837 
f 1427//837 1072//837 1071//837 
f 1071//837 1073//837 1427//837 
f 1074//837 1075//837 1425//837 
f 1425//837 1453//837 1074//837 
f 1075//837 1076//837 1424//837 
f 1076//837 1077//837 1423//837 
f 1077//837 1078//837 1422//837 
f 1424//837 1425//837 1075//837 
f 1422//837 1423//837 1077//837 
f 1423//837 1424//837 1076//837 
f 1060//837 1062//837 1452//837 
f 1063//837 1064//837 1435//837 
f 1064//837 1065//837 1434//837 
f 1065//837 1066//837 1433//837 
f 1066//837 1067//837 1432//837 
f 1438//837 1061//837 1060//837 
f 1062//837 1063//837 1436//837 
f 1434//837 1435//837 1064//837 
f 1432//837 1433//837 1066//837 
f 1067//837 1068//837 1431//837 
f 1068//837 1069//837 1430//837 
f 1436//837 1452//837 1062//837 
f 1433//837 1434//837 1065//837 
f 1430//837 1431//837 1068//837 
f 1069//837 1070//837 1429//837 
f 1429//837 1070//837 1072//837 
f 1435//837 1436//837 1063//837 
f 1429//837 1430//837 1069//837 
f 1072//837 1426//837 1428//837 
f 1431//837 1432//837 1067//837 
f 1072//837 1427//837 1426//837 
f 1072//837 1428//837 1429//837 
f 1255//837 1256//837 1355//837 
f 1252//837 1358//837 1359//837 
f 1253//837 1357//837 1358//837 
f 1254//837 1356//837 1357//837 
f 1356//837 1254//837 1255//837 
f 1358//837 1252//837 1253//837 
f 1355//837 1356//837 1255//837 
f 1256//837 1257//837 1354//837 
f 1257//837 1258//837 1353//837 
f 1250//837 1042//837 1043//837 
f 1357//837 1253//837 1254//837 
f 1353//837 1354//837 1257//837 
f 1043//837 1451//837 1250//837 
f 1367//837 1040//837 1041//837 
f 1048//837 1449//837 1450//837 
f 1049//837 1448//837 1449//837 
f 1050//837 1447//837 1448//837 
f 1051//837 1446//837 1447//837 
f 1052//837 1445//837 1446//837 
f 1053//837 1444//837 1445//837 
f 1354//837 1355//837 1256//837 
f 1258//837 1259//837 1352//837 
f 1259//837 1260//837 1351//837 
f 1260//837 1261//837 1350//837 
f 1041//837 1042//837 1367//837 
f 1449//837 1048//837 1049//837 
f 1447//837 1050//837 1051//837 
f 1445//837 1052//837 1053//837 
f 1054//837 1443//837 1444//837 
f 1055//837 1442//837 1443//837 
f 1056//837 1441//837 1442//837 
f 1250//837 1363//837 1364//837 
f 1249//837 1360//837 1361//837 
f 1251//837 1359//837 1360//837 
f 1352//837 1353//837 1258//837 
f 1350//837 1351//837 1260//837 
f 1261//837 1262//837 1349//837 
f 1349//837 1262//837 1263//837 
f 1367//837 1038//837 1040//837 
f 1038//837 1367//837 1368//837 
f 1047//837 1450//837 1451//837 
f 1451//837 1044//837 1045//837 
f 1448//837 1049//837 1050//837 
f 1444//837 1053//837 1054//837 
f 1442//837 1055//837 1056//837 
f 1057//837 1440//837 1441//837 
f 1250//837 1365//837 1366//837 
f 1250//837 1362//837 1363//837 
f 1360//837 1249//837 1251//837 
f 1351//837 1352//837 1259//837 
f 1263//837 1348//837 1349//837 
f 1039//837 1368//837 1369//837 
f 1368//837 1039//837 1038//837 
f 1045//837 1046//837 1451//837 
f 1446//837 1051//837 1052//837 
f 1441//837 1056//837 1057//837 
f 1059//837 1437//837 1439//837 
f 1364//837 1365//837 1250//837 
f 1361//837 1250//837 1249//837 
f 1349//837 1350//837 1261//837 
f 1263//837 1346//837 1347//837 
f 1250//837 1367//837 1042//837 
f 1451//837 1043//837 1044//837 
f 1443//837 1054//837 1055//837 
f 1058//837 1439//837 1440//837 
f 1439//837 1058//837 1059//837 
f 1361//837 1362//837 1250//837 
f 1347//837 1348//837 1263//837 
f 1039//837 1371//837 1377//837 
f 1369//837 1370//837 1039//837 
f 1450//837 1047//837 1048//837 
f 1059//837 1061//837 1437//837 
f 1359//837 1251//837 1252//837 
f 1370//837 1371//837 1039//837 
f 1440//837 1057//837 1058//837 
f 1377//837 1373//837 1039//837 
f 1061//837 1438//837 1437//837 
f 1451//837 1046//837 1047//837 
f 1287//837 1211//837 1215//837 
f 1287//837 1210//837 1211//837 
f 1209//837 1210//837 1287//837 
f 1287//837 1288//837 1209//837 
f 1289//837 1208//837 1209//837 
f 1290//837 1207//837 1208//837 
f 1291//837 1206//837 1207//837 
f 1209//837 1288//837 1289//837 
f 1207//837 1290//837 1291//837 
f 1208//837 1289//837 1290//837 
f 1283//837 1212//837 1214//837 
f 1214//837 1281//837 1282//837 
f 1214//837 1279//837 1280//837 
f 1213//837 1284//837 1285//837 
f 1284//837 1213//837 1212//837 
f 1277//837 1278//837 1214//837 
f 1280//837 1281//837 1214//837 
f 1212//837 1283//837 1284//837 
f 1399//837 1276//837 1277//837 
f 1214//837 1278//837 1279//837 
f 1285//837 1286//837 1213//837 
f 1399//837 1275//837 1276//837 
f 1286//837 1287//837 1213//837 
f 1214//837 1282//837 1283//837 
f 2379//837 1391//837 1392//837 
f 1392//837 1393//837 2379//837 
f 2379//837 1389//837 1390//837 
f 2379//837 1387//837 1388//837 
f 1390//837 1391//837 2379//837 
f 2379//837 1386//837 1387//837 
f 2379//837 1384//837 1385//837 
f 1388//837 1389//837 2379//837 
f 2379//837 1383//837 1384//837 
f 1385//837 1386//837 2379//837 
f 1393//837 1394//837 2379//837 
f 2380//837 2379//837 1396//837 
f 1396//837 1395//837 2380//837 
f 1454//837 1404//837 1405//837 
f 1456//837 1402//837 1404//837 
f 1456//837 1457//837 1403//837 
f 1404//837 1454//837 1456//837 
f 1403//837 1402//837 1456//837 
f 1457//837 1459//837 1403//837 
f 1459//837 1458//837 1400//837 
f 1400//837 1401//837 1459//837 
f 1458//837 1461//837 1400//837 
f 1082//837 1195//837 1196//837 
f 1083//837 1194//837 1195//837 
f 1193//837 1085//837 1086//837 
f 1085//837 1193//837 1192//837 
f 1081//837 1196//837 1197//837 
f 1195//837 1082//837 1083//837 
f 1084//837 1192//837 1194//837 
f 1192//837 1084//837 1085//837 
f 1196//837 1081//837 1082//837 
f 1086//837 1087//837 1193//837 
f 1079//837 1197//837 1198//837 
f 1194//837 1083//837 1084//837 
f 1197//837 1079//837 1081//837 
f 1089//837 1189//837 1190//837 
f 1090//837 1188//837 1189//837 
f 1091//837 1187//837 1188//837 
f 1092//837 1186//837 1187//837 
f 1094//837 1184//837 1185//837 
f 1095//837 1183//837 1184//837 
f 1096//837 1182//837 1183//837 
f 1087//837 1191//837 1199//837 
f 1190//837 1191//837 1087//837 
f 1189//837 1089//837 1090//837 
f 1187//837 1091//837 1092//837 
f 1093//837 1185//837 1186//837 
f 1184//837 1094//837 1095//837 
f 1183//837 1095//837 1096//837 
f 1181//837 1182//837 1097//837 
f 1087//837 1088//837 1190//837 
f 1188//837 1090//837 1091//837 
f 1185//837 1093//837 1094//837 
f 1097//837 1099//837 1181//837 
f 1190//837 1088//837 1089//837 
f 1096//837 1097//837 1182//837 
f 1186//837 1092//837 1093//837 
f 1098//837 1180//837 1179//837 
f 1179//837 1099//837 1098//837 
f 2381//837 1414//837 1413//837 
f 913//837 915//837 1168//837 
f 915//837 916//837 1167//837 
f 1167//837 1168//837 915//837 
f 916//837 917//837 1165//837 
f 1166//837 918//837 919//837 
f 917//837 918//837 1166//837 
f 1165//837 1167//837 916//837 
f 1166//837 1165//837 917//837 
f 914//837 913//837 1169//837 
f 919//837 920//837 1166//837 
f 1168//837 1169//837 913//837 
f 926//837 1406//837 1161//837 
f 1420//837 1468//837 1469//837 
f 1470//837 926//837 927//837 
f 926//837 1470//837 1406//837 
f 1469//837 1418//837 1419//837 
f 1469//837 1415//837 1417//837 
f 1406//837 1471//837 1468//837 
f 1406//837 1472//837 1473//837 
f 921//837 922//837 1162//837 
f 1161//837 923//837 924//837 
f 922//837 923//837 1161//837 
f 1161//837 925//837 926//837 
f 1417//837 1418//837 1469//837 
f 1469//837 2381//837 1416//837 
f 1473//837 1471//837 1406//837 
f 1406//837 1470//837 1474//837 
f 920//837 1164//837 1171//837 
f 1163//837 920//837 921//837 
f 1161//837 1162//837 922//837 
f 1470//837 929//837 930//837 
f 927//837 928//837 1470//837 
f 1416//837 1415//837 1469//837 
f 1474//837 1472//837 1406//837 
f 920//837 1163//837 1164//837 
f 924//837 925//837 1161//837 
f 928//837 929//837 1470//837 
f 1468//837 1420//837 1406//837 
f 1162//837 1163//837 921//837 
f 1469//837 1419//837 1420//837 
f 930//837 2375//837 1470//837 
f 2381//837 1475//837 1476//837 
f 2381//837 1477//837 1478//837 
f 2381//837 1479//837 1480//837 
f 1478//837 1475//837 2381//837 
f 2381//837 1469//837 1479//837 
f 2381//837 1481//837 1482//837 
f 1480//837 1477//837 2381//837 
f 1476//837 1481//837 2381//837 
f 1409//837 1483//837 1484//837 
f 1483//837 1410//837 1411//837 
f 1484//837 1408//837 1409//837 
f 1407//837 1124//837 1125//837 
f 1407//837 1122//837 1123//837 
f 1407//837 1120//837 1121//837 
f 1408//837 1484//837 1485//837 
f 1483//837 1412//837 1414//837 
f 1409//837 1410//837 1483//837 
f 1123//837 1124//837 1407//837 
f 1407//837 1119//837 1120//837 
f 1485//837 1407//837 1408//837 
f 1411//837 1412//837 1483//837 
f 1121//837 1122//837 1407//837 
f 1414//837 2381//837 1483//837 
f 1125//837 1126//837 1407//837 
f 1407//837 1486//837 1119//837 
f 1421//837 1172//837 1111//837 
f 1118//837 1487//837 1488//837 
f 1487//837 1118//837 1119//837 
f 1172//837 1108//837 1109//837 
f 1107//837 1108//837 1172//837 
f 1489//837 1112//837 1113//837 
f 1112//837 1489//837 1421//837 
f 1115//837 1116//837 1490//837 
f 1117//837 1488//837 1490//837 
f 1119//837 1491//837 1487//837 
f 1100//837 1101//837 1200//837 
f 1103//837 1104//837 1176//837 
f 1104//837 1105//837 1175//837 
f 1172//837 1173//837 1107//837 
f 1114//837 1115//837 1492//837 
f 1111//837 1112//837 1421//837 
f 1490//837 1116//837 1117//837 
f 1119//837 1493//837 1491//837 
f 1421//837 1494//837 1495//837 
f 1421//837 1489//837 1496//837 
f 1180//837 1098//837 1100//837 
f 1101//837 1102//837 1178//837 
f 1102//837 1103//837 1177//837 
f 1175//837 1176//837 1104//837 
f 1106//837 1107//837 1173//837 
f 1109//837 1110//837 1172//837 
f 1113//837 1114//837 1489//837 
f 1488//837 1117//837 1118//837 
f 1119//837 1497//837 1498//837 
f 1119//837 1486//837 1499//837 
f 1495//837 1466//837 1467//837 
f 1495//837 1464//837 1465//837 
f 1496//837 1500//837 1421//837 
f 1379//837 1462//837 1463//837 
f 1495//837 1380//837 1379//837 
f 1178//837 1200//837 1101//837 
f 1176//837 1177//837 1103//837 
f 1105//837 1106//837 1174//837 
f 1110//837 1111//837 1172//837 
f 1490//837 1492//837 1115//837 
f 1499//837 1497//837 1119//837 
f 1465//837 1466//837 1495//837 
f 1500//837 1501//837 1421//837 
f 1379//837 1460//837 1462//837 
f 1461//837 1460//837 1379//837 
f 1379//837 1464//837 1495//837 
f 2380//837 1397//837 1380//837 
f 1177//837 1178//837 1102//837 
f 1173//837 1174//837 1106//837 
f 1498//837 1493//837 1119//837 
f 1501//837 1494//837 1421//837 
f 1379//837 1400//837 1461//837 
f 1380//837 1502//837 2380//837 
f 1174//837 1175//837 1105//837 
f 1495//837 1467//837 1421//837 
f 1495//837 1502//837 1380//837 
f 1492//837 1489//837 1114//837 
f 1200//837 1180//837 1100//837 
f 2380//837 1502//837 1503//837 
f 1503//837 1504//837 2380//837 
f 1502//837 1505//837 1506//837 
f 2380//837 1507//837 1508//837 
f 1506//837 1503//837 1502//837 
f 1504//837 1507//837 2380//837 
f 1508//837 1509//837 2380//837 
f 1502//837 1510//837 1505//837 
f 2379//837 2380//837 1511//837 
f 2380//837 1512//837 1511//837 
f 1382//837 1381//837 1513//837 
f 1514//837 1513//837 1381//837 
f 1382//837 1515//837 1516//837 
f 1382//837 1517//837 1518//837 
f 1381//837 1383//837 1514//837 
f 1383//837 1519//837 1520//837 
f 1383//837 1521//837 1522//837 
f 1518//837 1515//837 1382//837 
f 1513//837 1523//837 1382//837 
f 1383//837 1524//837 1519//837 
f 1522//837 1525//837 1383//837 
f 1523//837 1517//837 1382//837 
f 1525//837 1524//837 1383//837 
f 1520//837 1514//837 1383//837 
f 2379//837 1526//837 1521//837 
f 1521//837 1383//837 2379//837 
f 2379//837 1527//837 1526//837 
f 2379//837 1528//837 1527//837 
f 1529//837 1398//837 1382//837 
f 1335//837 1336//837 1530//837 
f 1531//837 1333//837 1334//837 
f 1334//837 1335//837 1531//837 
f 1273//837 1292//837 1340//837 
f 1531//837 1332//837 1333//837 
f 1266//837 1378//837 1346//837 
f 1267//837 1345//837 1378//837 
f 1268//837 1344//837 1345//837 
f 1269//837 1343//837 1344//837 
f 1270//837 1342//837 1343//837 
f 1340//837 1272//837 1273//837 
f 1531//837 1331//837 1332//837 
f 1336//837 1337//837 1532//837 
f 1346//837 1264//837 1265//837 
f 1345//837 1267//837 1268//837 
f 1343//837 1269//837 1270//837 
f 1272//837 1340//837 1341//837 
f 1273//837 1274//837 1292//837 
f 1532//837 1530//837 1336//837 
f 1337//837 1293//837 1533//837 
f 1346//837 1263//837 1264//837 
f 1344//837 1268//837 1269//837 
f 1271//837 1341//837 1342//837 
f 1274//837 1275//837 1292//837 
f 1399//837 1293//837 1292//837 
f 1293//837 1399//837 1398//837 
f 1533//837 1532//837 1337//837 
f 1293//837 1529//837 1534//837 
f 1378//837 1266//837 1267//837 
f 1341//837 1271//837 1272//837 
f 1398//837 1529//837 1293//837 
f 1534//837 1533//837 1293//837 
f 1342//837 1270//837 1271//837 
f 1530//837 1531//837 1335//837 
f 1292//837 1275//837 1399//837 
f 1535//837 1536//837 1537//837 
f 1535//837 1538//837 1539//837 
f 1539//837 1536//837 1535//837 
f 1535//837 1540//837 1541//837 
f 1541//837 1538//837 1535//837 
f 1542//837 988//837 989//837 
f 2376//837 1219//837 1220//837 
f 2376//837 1216//837 1218//837 
f 989//837 1217//837 1542//837 
f 984//837 985//837 1543//837 
f 2376//837 1221//837 1222//837 
f 1218//837 1219//837 2376//837 
f 2376//837 1542//837 1217//837 
f 989//837 990//837 1217//837 
f 988//837 1542//837 1543//837 
f 983//837 1544//837 1545//837 
f 1544//837 983//837 982//837 
f 1543//837 985//837 986//837 
f 1546//837 982//837 984//837 
f 1222//837 1223//837 2376//837 
f 1217//837 1216//837 2376//837 
f 1217//837 991//837 992//837 
f 1543//837 987//837 988//837 
f 982//837 1546//837 1544//837 
f 1543//837 1546//837 984//837 
f 1220//837 1221//837 2376//837 
f 990//837 991//837 1217//837 
f 986//837 987//837 1543//837 
f 992//837 993//837 1217//837 
f 1223//837 1224//837 2376//837 
f 979//837 1547//837 1548//837 
f 1548//837 975//837 976//837 
f 1548//837 977//837 978//837 
f 1548//837 973//837 975//837 
f 1549//837 980//837 981//837 
f 980//837 1549//837 1547//837 
f 976//837 977//837 1548//837 
f 1547//837 979//837 980//837 
f 981//837 983//837 1549//837 
f 974//837 1550//837 1551//837 
f 1550//837 974//837 973//837 
f 973//837 1552//837 1550//837 
f 973//837 1553//837 1554//837 
f 1554//837 1552//837 973//837 
f 973//837 1548//837 1555//837 
f 1555//837 1553//837 973//837 
f 1551//837 1556//837 974//837 
f 957//837 958//837 1557//837 
f 1558//837 955//837 956//837 
f 961//837 962//837 1559//837 
f 962//837 963//837 1560//837 
f 963//837 964//837 1561//837 
f 964//837 965//837 1562//837 
f 956//837 957//837 1558//837 
f 958//837 959//837 1563//837 
f 1560//837 1559//837 962//837 
f 1562//837 1561//837 964//837 
f 1563//837 1557//837 958//837 
f 959//837 960//837 1564//837 
f 960//837 961//837 1565//837 
f 1561//837 1560//837 963//837 
f 970//837 1566//837 1567//837 
f 1564//837 1563//837 959//837 
f 1559//837 1565//837 961//837 
f 965//837 966//837 1568//837 
f 967//837 1569//837 1568//837 
f 968//837 1570//837 1569//837 
f 969//837 1567//837 1570//837 
f 1566//837 971//837 972//837 
f 1567//837 969//837 970//837 
f 1565//837 1564//837 960//837 
f 1568//837 966//837 967//837 
f 1570//837 968//837 969//837 
f 970//837 971//837 1566//837 
f 1568//837 1562//837 965//837 
f 972//837 974//837 1566//837 
f 1569//837 967//837 968//837 
f 951//837 1571//837 1572//837 
f 951//837 1573//837 1574//837 
f 951//837 1575//837 1576//837 
f 951//837 1577//837 1578//837 
f 1574//837 1571//837 951//837 
f 2375//837 1576//837 1579//837 
f 951//837 1580//837 1575//837 
f 1572//837 1577//837 951//837 
f 952//837 953//837 1581//837 
f 2375//837 1582//837 1583//837 
f 1576//837 2375//837 951//837 
f 1578//837 1584//837 951//837 
f 1573//837 951//837 952//837 
f 953//837 954//837 1585//837 
f 1586//837 1585//837 954//837 
f 2375//837 1587//837 1588//837 
f 1583//837 1589//837 2375//837 
f 1584//837 1580//837 951//837 
f 1585//837 1581//837 953//837 
f 955//837 1590//837 1586//837 
f 2375//837 1591//837 1592//837 
f 1588//837 1593//837 2375//837 
f 1579//837 1582//837 2375//837 
f 954//837 955//837 1586//837 
f 1592//837 1594//837 2375//837 
f 1591//837 2375//837 1595//837 
f 1589//837 1587//837 2375//837 
f 955//837 1558//837 1590//837 
f 1595//837 1596//837 1591//837 
f 1581//837 1573//837 952//837 
f 1593//837 1595//837 2375//837 
f 2377//837 1597//837 1598//837 
f 2377//837 1599//837 1597//837 
f 1600//837 1601//837 1602//837 
f 1603//837 1604//837 1600//837 
f 1601//837 1605//837 1606//837 
f 1604//837 1603//837 1607//837 
f 1606//837 1602//837 1601//837 
f 2376//837 1608//837 1609//837 
f 1610//837 1611//837 1612//837 
f 1613//837 1607//837 1611//837 
f 1602//837 1603//837 1600//837 
f 1605//837 1614//837 1615//837 
f 2376//837 1616//837 1608//837 
f 1611//837 1610//837 1613//837 
f 1615//837 1606//837 1605//837 
f 1605//837 1617//837 1618//837 
f 1605//837 1619//837 1620//837 
f 1542//837 1621//837 1619//837 
f 1542//837 1609//837 1622//837 
f 2376//837 1623//837 1616//837 
f 2376//837 1624//837 1625//837 
f 1607//837 1613//837 1604//837 
f 1620//837 1617//837 1605//837 
f 1622//837 1621//837 1542//837 
f 1625//837 1623//837 2376//837 
f 1618//837 1614//837 1605//837 
f 1609//837 1542//837 2376//837 
f 2376//837 1598//837 1626//837 
f 1612//837 1627//837 1610//837 
f 1626//837 1624//837 2376//837 
f 1627//837 1628//837 1610//837 
f 1628//837 1629//837 1610//837 
f 1630//837 1631//837 1632//837 
f 1629//837 1633//837 1634//837 
f 1630//837 1635//837 1636//837 
f 1632//837 1637//837 1630//837 
f 1638//837 1639//837 1640//837 
f 1634//837 1641//837 1629//837 
f 1642//837 1633//837 1629//837 
f 1637//837 1635//837 1630//837 
f 1643//837 1644//837 1630//837 
f 1643//837 1645//837 1638//837 
f 1639//837 1646//837 1647//837 
f 1646//837 1642//837 1648//837 
f 1629//837 1648//837 1642//837 
f 1630//837 1644//837 1631//837 
f 1640//837 1643//837 1638//837 
f 1648//837 1647//837 1646//837 
f 1641//837 1649//837 1629//837 
f 1630//837 1645//837 1643//837 
f 1649//837 1610//837 1629//837 
f 1647//837 1640//837 1639//837 
f 1650//837 1651//837 1652//837 
f 1650//837 1653//837 1651//837 
f 1650//837 1654//837 1655//837 
f 1656//837 1657//837 1650//837 
f 1655//837 1653//837 1650//837 
f 1650//837 1658//837 1656//837 
f 1657//837 1654//837 1650//837 
f 1658//837 1659//837 1656//837 
f 1658//837 1660//837 1661//837 
f 1661//837 1659//837 1658//837 
f 1662//837 1663//837 1664//837 
f 1664//837 1665//837 1662//837 
f 1666//837 1667//837 1668//837 
f 1666//837 1669//837 1670//837 
f 1671//837 1672//837 1669//837 
f 1662//837 1673//837 1663//837 
f 1662//837 1674//837 1675//837 
f 1676//837 1677//837 1666//837 
f 1670//837 1667//837 1666//837 
f 1678//837 1679//837 1680//837 
f 1669//837 1666//837 1671//837 
f 1662//837 1681//837 1682//837 
f 1675//837 1673//837 1662//837 
f 1668//837 1683//837 1666//837 
f 1684//837 1685//837 1677//837 
f 1680//837 1686//837 1678//837 
f 1671//837 1687//837 1672//837 
f 1671//837 1688//837 1689//837 
f 1665//837 1681//837 1662//837 
f 1662//837 1690//837 1691//837 
f 1677//837 1676//837 1684//837 
f 1692//837 1693//837 1685//837 
f 1686//837 1680//837 1693//837 
f 1660//837 1694//837 1679//837 
f 1690//837 1695//837 1696//837 
f 1689//837 1687//837 1671//837 
f 1691//837 1674//837 1662//837 
f 1685//837 1684//837 1692//837 
f 1678//837 1660//837 1679//837 
f 1690//837 1662//837 1695//837 
f 1682//837 1671//837 1662//837 
f 1693//837 1692//837 1686//837 
f 1660//837 1658//837 1697//837 
f 1666//837 1662//837 1671//837 
f 1697//837 1694//837 1660//837 
f 1666//837 1683//837 1676//837 
f 2382//837 1698//837 1699//837 
f 2382//837 1700//837 1701//837 
f 2382//837 1702//837 1703//837 
f 1699//837 1704//837 2382//837 
f 1701//837 1705//837 2382//837 
f 1704//837 1702//837 2382//837 
f 1703//837 1700//837 2382//837 
f 2383//837 2384//837 1706//837 
f 1707//837 1708//837 1709//837 
f 1707//837 1710//837 1711//837 
f 1707//837 1712//837 1708//837 
f 1709//837 1710//837 1707//837 
f 1318//837 1713//837 1714//837 
f 1715//837 1325//837 1326//837 
f 1714//837 1317//837 1318//837 
f 1319//837 1320//837 1716//837 
f 1715//837 1324//837 1325//837 
f 1716//837 1713//837 1319//837 
f 1320//837 1321//837 1717//837 
f 1715//837 1323//837 1324//837 
f 1322//837 1323//837 1715//837 
f 1718//837 1719//837 1720//837 
f 1721//837 1722//837 1723//837 
f 1309//837 1310//837 1724//837 
f 1311//837 1312//837 1725//837 
f 1312//837 1313//837 1726//837 
f 1315//837 1727//837 1728//837 
f 1316//837 1729//837 1727//837 
f 1717//837 1716//837 1320//837 
f 1321//837 1322//837 1730//837 
f 1715//837 1730//837 1322//837 
f 1720//837 1731//837 1718//837 
f 1718//837 1732//837 1733//837 
f 1721//837 1734//837 1735//837 
f 1721//837 1736//837 1722//837 
f 1303//837 1737//837 1738//837 
f 1305//837 1739//837 1740//837 
f 1306//837 1741//837 1739//837 
f 1307//837 1742//837 1741//837 
f 1308//837 1743//837 1742//837 
f 1743//837 1308//837 1309//837 
f 1310//837 1311//837 1744//837 
f 1726//837 1725//837 1312//837 
f 1314//837 1728//837 1726//837 
f 1727//837 1315//837 1316//837 
f 1317//837 1714//837 1729//837 
f 1730//837 1717//837 1321//837 
f 1326//837 1327//837 1715//837 
f 1745//837 1715//837 1328//837 
f 1732//837 1718//837 1746//837 
f 1733//837 1719//837 1718//837 
f 1735//837 1747//837 1721//837 
f 1721//837 1748//837 1736//837 
f 1303//837 1749//837 1737//837 
f 1740//837 1749//837 1303//837 
f 1739//837 1305//837 1306//837 
f 1742//837 1307//837 1308//837 
f 1744//837 1724//837 1310//837 
f 1726//837 1313//837 1314//837 
f 1729//837 1316//837 1317//837 
f 1327//837 1328//837 1715//837 
f 1745//837 1750//837 1715//837 
f 1731//837 1751//837 1718//837 
f 1723//837 1734//837 1721//837 
f 1303//837 1304//837 1740//837 
f 1741//837 1306//837 1307//837 
f 1725//837 1744//837 1311//837 
f 1318//837 1319//837 1713//837 
f 1328//837 1329//837 1745//837 
f 1748//837 1721//837 1750//837 
f 1747//837 1732//837 1721//837 
f 1740//837 1304//837 1305//837 
f 1728//837 1314//837 1315//837 
f 1745//837 1752//837 1750//837 
f 1746//837 1721//837 1732//837 
f 1724//837 1743//837 1309//837 
f 1750//837 1753//837 1748//837 
f 1331//837 1531//837 1745//837 
f 1752//837 1753//837 1750//837 
f 1745//837 1329//837 1330//837 
f 1745//837 1330//837 1331//837 
f 2378//837 1754//837 1755//837 
f 2378//837 1738//837 1754//837 
f 1234//837 1756//837 1757//837 
f 1295//837 2378//837 1758//837 
f 1759//837 1760//837 1761//837 
f 1762//837 1763//837 1764//837 
f 1765//837 1766//837 1761//837 
f 1767//837 1768//837 1766//837 
f 1769//837 1770//837 1771//837 
f 1234//837 1772//837 1756//837 
f 1773//837 1774//837 1234//837 
f 1775//837 1338//837 1295//837 
f 1758//837 1776//837 1295//837 
f 1764//837 1759//837 1762//837 
f 1766//837 1765//837 1767//837 
f 1769//837 1777//837 1768//837 
f 1769//837 1778//837 1770//837 
f 1234//837 1774//837 1772//837 
f 1773//837 1236//837 1237//837 
f 1234//837 1235//837 1773//837 
f 1775//837 1769//837 1338//837 
f 1776//837 1779//837 1295//837 
f 1339//837 1769//837 1773//837 
f 1761//837 1760//837 1765//837 
f 1769//837 1780//837 1777//837 
f 1769//837 1781//837 1778//837 
f 1757//837 2377//837 1234//837 
f 1235//837 1236//837 1773//837 
f 1779//837 1782//837 1295//837 
f 1773//837 1240//837 1339//837 
f 1768//837 1767//837 1769//837 
f 1769//837 1775//837 1781//837 
f 1757//837 1783//837 2377//837 
f 1237//837 1238//837 1773//837 
f 1339//837 1338//837 1769//837 
f 1771//837 1780//837 1769//837 
f 1238//837 1240//837 1773//837 
f 1761//837 1762//837 1759//837 
f 1295//837 1782//837 1775//837 
f 1784//837 1785//837 1763//837 
f 1784//837 1786//837 1785//837 
f 1763//837 1762//837 1787//837 
f 1788//837 1789//837 1790//837 
f 1791//837 1792//837 1793//837 
f 1794//837 1795//837 1796//837 
f 1795//837 1797//837 1798//837 
f 1799//837 1790//837 1800//837 
f 1790//837 1799//837 1788//837 
f 1801//837 1802//837 1803//837 
f 1804//837 1805//837 1802//837 
f 1805//837 1804//837 1791//837 
f 1792//837 1794//837 1806//837 
f 1798//837 1796//837 1795//837 
f 1807//837 1800//837 1798//837 
f 1788//837 1786//837 1789//837 
f 1786//837 1784//837 1808//837 
f 1802//837 1801//837 1804//837 
f 1806//837 1793//837 1792//837 
f 1798//837 1797//837 1807//837 
f 1808//837 1789//837 1786//837 
f 1793//837 1805//837 1791//837 
f 1800//837 1807//837 1799//837 
f 1809//837 1803//837 1810//837 
f 1796//837 1806//837 1794//837 
f 1803//837 1809//837 1801//837 
f 2383//837 1811//837 1812//837 
f 1813//837 1814//837 1815//837 
f 1813//837 2384//837 1814//837 
f 1815//837 1816//837 1813//837 
f 2384//837 2383//837 1817//837 
f 1817//837 1814//837 2384//837 
f 1818//837 1819//837 1820//837 
f 1820//837 1821//837 1822//837 
f 1820//837 1823//837 1824//837 
f 1820//837 1825//837 1826//837 
f 1827//837 1828//837 1829//837 
f 1824//837 1821//837 1820//837 
f 1820//837 1830//837 1825//837 
f 1831//837 1832//837 1819//837 
f 1833//837 1834//837 1832//837 
f 1828//837 1835//837 1836//837 
f 1829//837 1837//837 1827//837 
f 1826//837 1823//837 1820//837 
f 1832//837 1831//837 1833//837 
f 1838//837 1839//837 1840//837 
f 1841//837 1842//837 1839//837 
f 1837//837 1829//837 1842//837 
f 1827//837 1835//837 1828//837 
f 1819//837 1818//837 1831//837 
f 1843//837 1840//837 1834//837 
f 1839//837 1838//837 1841//837 
f 1836//837 1816//837 1828//837 
f 1834//837 1833//837 1843//837 
f 1842//837 1841//837 1837//837 
f 1840//837 1843//837 1838//837 
f 1816//837 1815//837 1828//837 
f 1844//837 1845//837 1846//837 
f 1847//837 1848//837 1849//837 
f 1846//837 1850//837 1844//837 
f 1851//837 1847//837 1852//837 
f 1847//837 1851//837 1848//837 
f 1853//837 1854//837 1855//837 
f 1844//837 1856//837 1845//837 
f 1844//837 1857//837 1858//837 
f 1849//837 1859//837 1847//837 
f 1857//837 1844//837 1860//837 
f 1855//837 1861//837 1862//837 
f 1855//837 1863//837 1864//837 
f 1865//837 1866//837 1867//837 
f 1748//837 1868//837 1869//837 
f 1748//837 1870//837 1871//837 
f 1753//837 1872//837 1873//837 
f 1858//837 1856//837 1844//837 
f 1860//837 1851//837 1857//837 
f 1864//837 1861//837 1855//837 
f 1867//837 1874//837 1875//837 
f 1748//837 1876//837 1868//837 
f 1748//837 1877//837 1870//837 
f 1873//837 1748//837 1753//837 
f 1878//837 1879//837 1880//837 
f 1852//837 1857//837 1851//837 
f 1881//837 1882//837 1883//837 
f 1855//837 1884//837 1863//837 
f 1867//837 1885//837 1874//837 
f 1867//837 1886//837 1887//837 
f 1871//837 1876//837 1748//837 
f 1753//837 1888//837 1872//837 
f 1753//837 1889//837 1890//837 
f 1753//837 1891//837 1892//837 
f 1753//837 1893//837 1894//837 
f 1895//837 1896//837 1897//837 
f 1830//837 1898//837 1896//837 
f 1878//837 1899//837 1879//837 
f 1883//837 1844//837 1881//837 
f 1853//837 1900//837 1854//837 
f 1853//837 1901//837 1902//837 
f 1853//837 1903//837 1904//837 
f 1853//837 1905//837 1906//837 
f 1887//837 1885//837 1867//837 
f 1748//837 1907//837 1908//837 
f 1873//837 1877//837 1748//837 
f 1892//837 1889//837 1753//837 
f 1753//837 1909//837 1910//837 
f 1894//837 1911//837 1753//837 
f 1896//837 1895//837 1830//837 
f 1830//837 1820//837 1912//837 
f 1878//837 1913//837 1899//837 
f 1914//837 1915//837 1811//837 
f 1914//837 1916//837 1917//837 
f 1914//837 1918//837 1919//837 
f 1920//837 1914//837 1878//837 
f 1881//837 1921//837 1882//837 
f 1853//837 1922//837 1900//837 
f 1902//837 1923//837 1853//837 
f 1906//837 1903//837 1853//837 
f 1853//837 1924//837 1925//837 
f 1853//837 1926//837 1927//837 
f 1853//837 1878//837 1928//837 
f 1867//837 1929//837 1886//837 
f 1930//837 1931//837 1866//837 
f 1932//837 1933//837 1931//837 
f 1908//837 1934//837 1748//837 
f 1748//837 1935//837 1936//837 
f 1890//837 1888//837 1753//837 
f 1911//837 1909//837 1753//837 
f 1830//837 1937//837 1898//837 
f 1912//837 1938//837 1830//837 
f 1878//837 1939//837 1940//837 
f 1878//837 1941//837 1942//837 
f 1878//837 1943//837 1944//837 
f 1878//837 1945//837 1946//837 
f 1878//837 1947//837 1913//837 
f 1878//837 1948//837 1949//837 
f 1878//837 1950//837 1951//837 
f 1914//837 1952//837 1915//837 
f 1919//837 1916//837 1914//837 
f 1914//837 1953//837 1954//837 
f 1878//837 1955//837 1920//837 
f 1850//837 1881//837 1844//837 
f 1923//837 1922//837 1853//837 
f 1925//837 1905//837 1853//837 
f 1853//837 1956//837 1926//837 
f 1928//837 1957//837 1853//837 
f 1866//837 1865//837 1930//837 
f 1931//837 1930//837 1932//837 
f 1936//837 1907//837 1748//837 
f 1910//837 1891//837 1753//837 
f 1830//837 1958//837 1937//837 
f 1938//837 1959//837 1830//837 
f 1878//837 1960//837 1961//837 
f 1940//837 1962//837 1878//837 
f 1878//837 1963//837 1941//837 
f 1878//837 1964//837 1965//837 
f 1946//837 1943//837 1878//837 
f 1949//837 1947//837 1878//837 
f 1878//837 1966//837 1950//837 
f 1878//837 1853//837 1967//837 
f 1917//837 1952//837 1914//837 
f 1920//837 1953//837 1914//837 
f 1914//837 1968//837 1921//837 
f 1904//837 1901//837 1853//837 
f 1957//837 1956//837 1853//837 
f 1932//837 1748//837 1933//837 
f 1869//837 1935//837 1748//837 
f 1753//837 1897//837 1969//837 
f 1959//837 1958//837 1830//837 
f 1962//837 1960//837 1878//837 
f 1965//837 1963//837 1878//837 
f 1880//837 1945//837 1878//837 
f 1967//837 1966//837 1878//837 
f 1954//837 1918//837 1914//837 
f 1881//837 1914//837 1921//837 
f 1968//837 1929//837 1855//837 
f 1927//837 1924//837 1853//837 
f 1929//837 1867//837 1884//837 
f 1934//837 1933//837 1748//837 
f 1897//837 1753//837 1895//837 
f 1942//837 1939//837 1878//837 
f 1951//837 1948//837 1878//837 
f 1914//837 2383//837 1968//837 
f 1855//837 1921//837 1968//837 
f 1884//837 1855//837 1929//837 
f 1969//837 1893//837 1753//837 
f 1944//837 1964//837 1878//837 
f 1968//837 1707//837 1929//837 
f 1867//837 1875//837 1865//837 
f 1811//837 2383//837 1914//837 
f 1961//837 1955//837 1878//837 
f 1970//837 1971//837 1972//837 
f 1970//837 1973//837 1971//837 
f 1974//837 1975//837 1976//837 
f 1976//837 1970//837 1974//837 
f 1974//837 1977//837 1978//837 
f 1979//837 1974//837 1980//837 
f 1974//837 1981//837 1975//837 
f 1974//837 1982//837 1977//837 
f 1974//837 1983//837 1984//837 
f 1980//837 1985//837 1979//837 
f 1978//837 1981//837 1974//837 
f 1974//837 1979//837 1983//837 
f 1985//837 1986//837 1979//837 
f 1984//837 1982//837 1974//837 
f 1972//837 1974//837 1970//837 
f 1987//837 1988//837 1979//837 
f 1989//837 1990//837 1991//837 
f 1989//837 1992//837 1993//837 
f 1994//837 1995//837 1996//837 
f 1988//837 1997//837 1995//837 
f 1998//837 1999//837 1991//837 
f 1993//837 1990//837 1989//837 
f 1995//837 1994//837 1988//837 
f 2000//837 2001//837 2002//837 
f 2000//837 2003//837 2004//837 
f 2005//837 2006//837 2007//837 
f 2005//837 2008//837 2009//837 
f 2005//837 2010//837 2011//837 
f 2012//837 2013//837 2014//837 
f 2015//837 2016//837 2013//837 
f 1991//837 1999//837 1989//837 
f 1992//837 2017//837 1996//837 
f 1988//837 2018//837 1997//837 
f 1988//837 2019//837 2020//837 
f 1988//837 2021//837 2022//837 
f 2023//837 2024//837 2025//837 
f 2000//837 2026//837 2027//837 
f 2000//837 2028//837 2001//837 
f 2000//837 2029//837 2003//837 
f 2030//837 2031//837 2032//837 
f 2033//837 2000//837 2034//837 
f 2005//837 2035//837 2006//837 
f 2005//837 2036//837 2008//837 
f 2005//837 2037//837 2038//837 
f 2005//837 2039//837 2040//837 
f 2005//837 2041//837 2010//837 
f 2005//837 2042//837 2043//837 
f 2044//837 2014//837 2045//837 
f 2013//837 2012//837 2015//837 
f 2046//837 2047//837 2048//837 
f 1996//837 1993//837 1992//837 
f 2020//837 2018//837 1988//837 
f 1988//837 2049//837 2021//837 
f 2023//837 2050//837 2051//837 
f 2023//837 2052//837 2053//837 
f 2023//837 2054//837 2055//837 
f 2025//837 2056//837 2023//837 
f 2000//837 2057//837 2026//837 
f 2004//837 2028//837 2000//837 
f 2033//837 2058//837 2030//837 
f 2000//837 2059//837 2034//837 
f 2000//837 2060//837 2061//837 
f 2005//837 2062//837 2035//837 
f 2038//837 2036//837 2005//837 
f 2040//837 2063//837 2005//837 
f 2011//837 2064//837 2005//837 
f 2043//837 2065//837 2005//837 
f 2014//837 2044//837 2012//837 
f 2066//837 2067//837 2016//837 
f 2068//837 2069//837 2070//837 
f 2071//837 2072//837 2069//837 
f 2073//837 2074//837 2072//837 
f 2075//837 2076//837 2074//837 
f 2046//837 2077//837 2047//837 
f 2046//837 2078//837 2079//837 
f 2384//837 2080//837 2081//837 
f 2082//837 2083//837 2084//837 
f 2082//837 2085//837 2086//837 
f 1996//837 2017//837 1994//837 
f 2022//837 2087//837 1988//837 
f 1988//837 1987//837 2088//837 
f 2023//837 2089//837 2050//837 
f 2023//837 2090//837 2091//837 
f 2023//837 2092//837 2093//837 
f 2055//837 2052//837 2023//837 
f 2056//837 2094//837 2023//837 
f 2002//837 2057//837 2000//837 
f 2000//837 2095//837 2096//837 
f 2000//837 2097//837 2098//837 
f 2034//837 2058//837 2033//837 
f 2061//837 2099//837 2000//837 
f 2100//837 2101//837 2000//837 
f 2009//837 2062//837 2005//837 
f 2063//837 2102//837 2005//837 
f 2065//837 2041//837 2005//837 
f 2103//837 2104//837 2105//837 
f 2016//837 2015//837 2066//837 
f 2106//837 2070//837 2067//837 
f 2069//837 2068//837 2071//837 
f 2074//837 2073//837 2075//837 
f 2107//837 2108//837 2076//837 
f 2109//837 2110//837 2108//837 
f 2111//837 2112//837 2110//837 
f 2113//837 2114//837 2112//837 
f 2115//837 2116//837 2117//837 
f 2118//837 2119//837 2116//837 
f 2120//837 2121//837 2119//837 
f 2122//837 2123//837 2121//837 
f 2124//837 2125//837 2123//837 
f 2126//837 2127//837 2125//837 
f 2079//837 2077//837 2046//837 
f 2046//837 2128//837 2129//837 
f 2046//837 2130//837 2131//837 
f 2081//837 2132//837 2384//837 
f 2384//837 2082//837 2133//837 
f 2086//837 2083//837 2082//837 
f 2082//837 2134//837 2135//837 
f 2087//837 2019//837 1988//837 
f 1987//837 2136//837 2088//837 
f 2091//837 2089//837 2023//837 
f 2053//837 2092//837 2023//837 
f 2094//837 2137//837 2023//837 
f 2000//837 2138//837 2139//837 
f 2000//837 2140//837 2141//837 
f 2096//837 2029//837 2000//837 
f 2000//837 2033//837 2097//837 
f 2099//837 2059//837 2000//837 
f 2000//837 2142//837 2143//837 
f 2000//837 2144//837 2145//837 
f 2146//837 2147//837 2148//837 
f 2149//837 2100//837 2150//837 
f 2100//837 2149//837 2101//837 
f 2102//837 2037//837 2005//837 
f 2005//837 2146//837 2042//837 
f 2103//837 2151//837 2152//837 
f 2103//837 2153//837 2154//837 
f 2103//837 2155//837 2156//837 
f 2105//837 2157//837 2103//837 
f 2158//837 2159//837 2160//837 
f 2161//837 2045//837 2159//837 
f 2067//837 2066//837 2106//837 
f 2072//837 2071//837 2073//837 
f 2108//837 2107//837 2109//837 
f 2112//837 2111//837 2113//837 
f 2162//837 2117//837 2114//837 
f 2116//837 2115//837 2118//837 
f 2121//837 2120//837 2122//837 
f 2125//837 2124//837 2126//837 
f 2129//837 2078//837 2046//837 
f 2131//837 2163//837 2046//837 
f 2384//837 2164//837 2080//837 
f 2082//837 2165//837 2133//837 
f 2082//837 2166//837 2085//837 
f 2082//837 2167//837 2134//837 
f 2082//837 2168//837 2169//837 
f 2082//837 2170//837 2171//837 
f 2082//837 2172//837 2173//837 
f 2088//837 2049//837 1988//837 
f 1987//837 2174//837 2175//837 
f 1987//837 2176//837 2177//837 
f 2051//837 2178//837 2023//837 
f 2137//837 2054//837 2023//837 
f 2141//837 2138//837 2000//837 
f 2098//837 2095//837 2000//837 
f 2143//837 2060//837 2000//837 
f 2000//837 2179//837 2144//837 
f 2148//837 2103//837 2146//837 
f 2000//837 2180//837 2100//837 
f 2064//837 2039//837 2005//837 
f 2103//837 2181//837 2182//837 
f 2154//837 2151//837 2103//837 
f 2103//837 2183//837 2155//837 
f 2103//837 2184//837 2104//837 
f 2185//837 2160//837 2032//837 
f 2032//837 2186//837 2187//837 
f 2032//837 2188//837 2189//837 
f 2159//837 2158//837 2161//837 
f 2070//837 2106//837 2068//837 
f 2110//837 2109//837 2111//837 
f 2117//837 2162//837 2115//837 
f 2123//837 2122//837 2124//837 
f 2190//837 2048//837 2127//837 
f 2163//837 2128//837 2046//837 
f 2384//837 2191//837 2164//837 
f 2384//837 2192//837 2193//837 
f 2384//837 2194//837 2195//837 
f 2133//837 2196//837 2384//837 
f 2135//837 2166//837 2082//837 
f 2082//837 2197//837 2168//837 
f 2173//837 2170//837 2082//837 
f 1987//837 2198//837 2136//837 
f 1987//837 2199//837 2174//837 
f 2177//837 2200//837 1987//837 
f 2201//837 2202//837 2203//837 
f 2204//837 2205//837 2202//837 
f 2206//837 2207//837 2208//837 
f 2209//837 2210//837 2207//837 
f 1706//837 2211//837 2024//837 
f 2093//837 2090//837 2023//837 
f 2027//837 2140//837 2000//837 
f 2145//837 2142//837 2000//837 
f 2146//837 2005//837 2147//837 
f 2007//837 2149//837 2005//837 
f 2103//837 2212//837 2213//837 
f 2182//837 2214//837 2103//837 
f 2156//837 2153//837 2103//837 
f 2103//837 2148//837 2184//837 
f 2187//837 2215//837 2032//837 
f 2189//837 2216//837 2032//837 
f 2045//837 2161//837 2044//837 
f 2114//837 2113//837 2162//837 
f 2127//837 2126//837 2190//837 
f 2046//837 2217//837 2130//837 
f 2384//837 2218//837 2219//837 
f 2193//837 2191//837 2384//837 
f 2384//837 2220//837 2221//837 
f 2196//837 2194//837 2384//837 
f 2169//837 2167//837 2082//837 
f 2082//837 2222//837 2172//837 
f 1991//837 2223//837 1998//837 
f 2200//837 2199//837 1987//837 
f 1987//837 2224//837 2225//837 
f 2226//837 2203//837 2225//837 
f 2202//837 2201//837 2204//837 
f 2227//837 2228//837 2205//837 
f 2229//837 2208//837 2228//837 
f 2207//837 2206//837 2209//837 
f 1706//837 2384//837 2211//837 
f 2024//837 2211//837 2025//837 
f 2032//837 2033//837 2030//837 
f 2150//837 2005//837 2149//837 
f 2214//837 2212//837 2103//837 
f 2157//837 2183//837 2103//837 
f 2216//837 2186//837 2032//837 
f 2076//837 2075//837 2107//837 
f 2048//837 2190//837 2046//837 
f 2132//837 2218//837 2384//837 
f 2195//837 2220//837 2384//837 
f 2171//837 2197//837 2082//837 
f 2175//837 2198//837 1987//837 
f 2225//837 2224//837 2226//837 
f 2205//837 2204//837 2227//837 
f 2208//837 2229//837 2206//837 
f 2230//837 2231//837 2232//837 
f 2230//837 2233//837 2234//837 
f 2230//837 2235//837 2236//837 
f 2230//837 2237//837 2238//837 
f 2178//837 2146//837 2023//837 
f 2103//837 2023//837 2146//837 
f 2152//837 2181//837 2103//837 
f 2032//837 2031//837 2188//837 
f 2119//837 2118//837 2120//837 
f 2219//837 2239//837 2384//837 
f 2084//837 2165//837 2082//837 
f 2240//837 2241//837 2242//837 
f 2225//837 2176//837 1987//837 
f 2228//837 2227//837 2229//837 
f 2243//837 2244//837 2210//837 
f 2230//837 2245//837 2244//837 
f 2230//837 2246//837 2231//837 
f 2236//837 2233//837 2230//837 
f 2230//837 2242//837 2237//837 
f 2139//837 2180//837 2000//837 
f 2213//837 2247//837 2103//837 
f 2248//837 2217//837 2046//837 
f 2160//837 2185//837 2158//837 
f 2221//837 2192//837 2384//837 
f 2240//837 2249//837 2241//837 
f 2240//837 2250//837 2251//837 
f 2203//837 2226//837 2201//837 
f 2244//837 2243//837 2230//837 
f 2230//837 2252//837 2246//837 
f 2238//837 2235//837 2230//837 
f 2213//837 1706//837 2247//837 
f 2032//837 2215//837 2185//837 
f 2239//837 2253//837 2384//837 
f 2251//837 2249//837 2240//837 
f 2210//837 2209//837 2243//837 
f 2234//837 2252//837 2230//837 
f 2046//837 2250//837 2248//837 
f 2384//837 1998//837 2082//837 
f 2240//837 2248//837 2250//837 
f 2232//837 2245//837 2230//837 
f 2253//837 2211//837 2384//837 
f 2223//837 2082//837 1998//837 
f 2242//837 2230//837 2240//837 
f 2248//837 2254//837 2255//837 
f 2248//837 2256//837 2257//837 
f 2257//837 2254//837 2248//837 
f 2248//837 2258//837 2259//837 
f 2259//837 2256//837 2248//837 
f 2248//837 2260//837 2261//837 
f 2248//837 2262//837 2263//837 
f 2248//837 2264//837 2258//837 
f 2261//837 2265//837 2248//837 
f 2263//837 2266//837 2248//837 
f 2267//837 2268//837 2269//837 
f 2267//837 2270//837 2271//837 
f 2265//837 2264//837 2248//837 
f 2248//837 2267//837 2262//837 
f 2269//837 2272//837 2267//837 
f 2267//837 2240//837 2270//837 
f 2273//837 2274//837 2275//837 
f 2266//837 2260//837 2248//837 
f 2271//837 2268//837 2267//837 
f 2270//837 2276//837 2277//837 
f 2278//837 2276//837 2270//837 
f 2255//837 2273//837 2248//837 
f 2272//837 2279//837 2267//837 
f 2277//837 2280//837 2270//837 
f 2270//837 2281//837 2278//837 
f 2248//837 2240//837 2267//837 
f 2279//837 2282//837 2267//837 
f 2281//837 2382//837 2278//837 
f 2282//837 2283//837 2267//837 
f 2275//837 2248//837 2273//837 
f 2382//837 2281//837 2284//837 
f 2382//837 2285//837 2286//837 
f 2284//837 2287//837 2382//837 
f 2287//837 2285//837 2382//837 
f 1690//837 2288//837 2289//837 
f 2290//837 2291//837 2292//837 
f 1690//837 2293//837 2288//837 
f 1690//837 2294//837 2295//837 
f 2296//837 2292//837 2297//837 
f 2292//837 2296//837 2290//837 
f 2295//837 2293//837 1690//837 
f 2294//837 2298//837 2299//837 
f 2300//837 2297//837 2301//837 
f 2290//837 2302//837 2291//837 
f 2303//837 2304//837 2305//837 
f 2304//837 2303//837 1690//837 
f 2299//837 2295//837 2294//837 
f 2306//837 2307//837 2294//837 
f 2308//837 2301//837 2306//837 
f 2297//837 2300//837 2296//837 
f 2302//837 1698//837 2309//837 
f 2305//837 2310//837 2311//837 
f 1690//837 2312//837 2304//837 
f 2289//837 2313//837 1690//837 
f 2294//837 2314//837 2315//837 
f 2294//837 2316//837 2317//837 
f 2306//837 2318//837 2308//837 
f 2309//837 2291//837 2302//837 
f 1698//837 2382//837 2319//837 
f 2311//837 2320//837 2305//837 
f 1690//837 2321//837 2312//837 
f 1690//837 2322//837 2323//837 
f 2315//837 2298//837 2294//837 
f 2294//837 2324//837 2316//837 
f 2294//837 2318//837 2306//837 
f 2319//837 2309//837 1698//837 
f 2310//837 2325//837 2311//837 
f 2323//837 2321//837 1690//837 
f 2317//837 2314//837 2294//837 
f 2301//837 2308//837 2300//837 
f 2305//837 2320//837 2303//837 
f 2307//837 2324//837 2294//837 
f 2313//837 2322//837 1690//837 
f 2326//837 2327//837 2328//837 
f 2328//837 2329//837 2330//837 
f 2328//837 2331//837 2332//837 
f 2330//837 2333//837 2328//837 
f 2334//837 2335//837 2336//837 
f 2337//837 2335//837 2334//837 
f 2333//837 2331//837 2328//837 
f 2328//837 2338//837 2339//837 
f 2326//837 2337//837 2340//837 
f 2334//837 2340//837 2337//837 
f 2339//837 2329//837 2328//837 
f 2336//837 2311//837 2334//837 
f 2340//837 2327//837 2326//837 
f 2384//837 2341//837 2342//837 
f 2343//837 2344//837 2345//837 
f 2342//837 2346//837 2384//837 
f 2345//837 2347//837 2343//837 
f 2343//837 2384//837 2348//837 
f 2349//837 2350//837 2351//837 
f 2352//837 2353//837 2354//837 
f 2384//837 2355//837 2356//837 
f 2384//837 2343//837 2341//837 
f 2343//837 2357//837 2344//837 
f 2384//837 2358//837 2348//837 
f 2384//837 2359//837 2360//837 
f 2349//837 2361//837 2362//837 
f 2351//837 2363//837 2349//837 
f 2350//837 1535//837 2352//837 
f 2346//837 2355//837 2384//837 
f 2347//837 2364//837 2343//837 
f 2360//837 2358//837 2384//837 
f 2354//837 2365//837 2366//837 
f 2338//837 2367//837 2368//837 
f 2363//837 2361//837 2349//837 
f 2354//837 2350//837 2352//837 
f 2356//837 2349//837 2384//837 
f 2348//837 2357//837 2343//837 
f 2354//837 2369//837 2338//837 
f 2354//837 2353//837 2365//837 
f 2368//837 2370//837 2338//837 
f 2350//837 2349//837 1535//837 
f 2364//837 2371//837 2343//837 
f 2366//837 2369//837 2354//837 
f 2338//837 2328//837 2367//837 
f 2349//837 1998//837 2384//837 
f 2370//837 2372//837 2338//837 
f 2338//837 2372//837 2354//837 
f 2362//837 1998//837 2349//837 
f 2328//837 2332//837 2326//837 
f 2325//837 2334//837 2311//837 
f 2286//837 2319//837 2382//837 
f 2280//837 2271//837 2270//837 
f 2024//837 2247//837 1706//837 
f 1986//837 1987//837 1979//837 
f 1855//837 1862//837 1853//837 
f 1820//837 1822//837 1818//837 
f 1813//837 2359//837 2384//837 
f 1812//837 1817//837 2383//837 
f 1810//837 2373//837 1809//837 
f 1763//837 1787//837 1784//837 
f 1783//837 1599//837 2377//837 
f 1755//837 1758//837 2378//837 
f 1738//837 2378//837 1303//837 
f 1711//837 1929//837 1707//837 
f 1706//837 1968//837 2383//837 
f 2275//837 2274//837 2374//837 
f 1705//837 2278//837 2382//837 
f 1696//837 2294//837 1690//837 
f 1652//837 1630//837 1650//837 
f 1636//837 1650//837 1630//837 
f 1619//837 1605//837 1542//837 
f 1598//837 2376//837 2377//837 
f 1594//837 1470//837 2375//837 
f 1557//837 1558//837 957//837 
f 1556//837 1566//837 974//837 
f 1548//837 978//837 979//837 
f 1545//837 1549//837 983//837 
f 1537//837 2352//837 1535//837 
f 1346//837 1265//837 1266//837 
f 1516//837 1529//837 1382//837 
f 1511//837 1528//837 2379//837 
f 1509//837 1512//837 2380//837 
f 1463//837 1464//837 1379//837 
f 1485//837 1486//837 1407//837 
f 1482//837 1483//837 2381//837 
f 1171//837 1166//837 920//837 
f 1169//837 1170//837 914//837 
f 1413//837 1416//837 2381//837 
f 1179//837 1181//837 1099//837 
f 1199//837 1193//837 1087//837 
f 1198//837 1080//837 1079//837 
f 1401//837 1403//837 1459//837 
f 1405//837 1455//837 1454//837 
f 1395//837 1397//837 2380//837 
f 1394//837 1396//837 2379//837 
f 1214//837 1399//837 1277//837 
f 1215//837 1213//837 1287//837 
f 1366//837 1367//837 1250//837 
f 1452//837 1438//837 1060//837 
f 1427//837 1073//837 1074//837 
f 1160//837 1139//837 1019//837 
f 1142//837 1011//837 1012//837 
f 1151//837 1001//837 1000//837 
f 1152//837 1154//837 999//837 
f 1157//837 995//837 994//837 
f 1302//837 1303//837 2378//837 
f 1205//837 1339//837 1240//837 
f 1233//837 1234//837 2377//837 
f 1226//837 2377//837 2376//837 
f 950//837 951//837 945//837 
f 931//837 933//837 2375//837 
o mesh38
f 1596//838 2385//838 2386//839 
f 1591//839 2386//839 2387//840 
f 1592//840 2387//840 2388//841 
f 2389//842 1474//842 1470//843 
f 1470//843 2388//841 2389//842 
f 1474//842 2389//842 2390//844 
f 1472//844 2390//844 2391//845 
f 1473//845 2391//845 2392//846 
f 1471//846 2392//846 2393//847 
f 2394//848 1479//848 1469//849 
f 1469//849 2393//847 2394//848 
f 1479//848 2394//848 2395//850 
f 1480//850 2395//850 2396//851 
f 1477//851 2396//851 2397//852 
f 1478//852 2397//852 2398//853 
f 1475//853 2398//853 2399//854 
f 1476//854 2399//854 2400//855 
f 1481//855 2400//855 2401//856 
f 2401//856 2402//857 1483//858 
f 2402//857 1484//857 1483//858 
f 1484//857 2402//857 2403//859 
f 2404//860 1499//860 1486//861 
f 1486//861 2403//859 2404//860 
f 1499//860 2404//860 2405//862 
f 1497//862 2405//862 2406//863 
f 1498//863 2406//863 2407//864 
f 1493//864 2407//864 2408//865 
f 1491//865 2408//865 2409//866 
f 1487//866 2409//866 2410//867 
f 1488//867 2410//867 2411//868 
f 1490//868 2411//868 2412//869 
f 1492//869 2412//869 2413//870 
f 1489//870 2413//870 2414//871 
f 1496//871 2414//871 2415//872 
f 1500//872 2415//872 2416//873 
f 1501//873 2416//873 2417//874 
f 1494//874 2417//874 2418//875 
f 2418//875 1495//875 1494//874 
f 2417//874 1494//874 1501//873 
f 2416//873 1501//873 1500//872 
f 2415//872 1500//872 1496//871 
f 2414//871 1496//871 1489//870 
f 2413//870 1489//870 1492//869 
f 2412//869 1492//869 1490//868 
f 2411//868 1490//868 1488//867 
f 2410//867 1488//867 1487//866 
f 2409//866 1487//866 1491//865 
f 2408//865 1491//865 1493//864 
f 2407//864 1493//864 1498//863 
f 2406//863 1498//863 1497//862 
f 2405//862 1497//862 1499//860 
f 1486//861 1485//876 2403//859 
f 2403//859 1485//876 1484//857 
f 1483//858 1482//877 2401//856 
f 2401//856 1482//877 1481//855 
f 2400//855 1481//855 1476//854 
f 2399//854 1476//854 1475//853 
f 2398//853 1475//853 1478//852 
f 2397//852 1478//852 1477//851 
f 2396//851 1477//851 1480//850 
f 2395//850 1480//850 1479//848 
f 1469//849 1468//878 2393//847 
f 2393//847 1468//878 1471//846 
f 2392//846 1471//846 1473//845 
f 2391//845 1473//845 1472//844 
f 2390//844 1472//844 1474//842 
f 1470//843 1594//879 2388//841 
f 2388//841 1594//879 1592//840 
f 2387//840 1592//840 1591//839 
f 2386//839 1591//839 1596//838 
o mesh39
f 2396//880 2419//880 2420//880 
f 2395//880 2421//880 2419//880 
f 2419//880 2396//880 2395//880 
f 2394//880 2422//880 2421//880 
f 2391//880 2390//880 2423//880 
f 2424//880 2425//880 2426//880 
f 2427//880 2428//880 2425//880 
f 2429//880 2430//880 2431//880 
f 2432//880 2433//880 2434//880 
f 2433//880 2435//880 2436//880 
f 2421//880 2395//880 2394//880 
f 2393//880 2437//880 2422//880 
f 2392//880 2438//880 2437//880 
f 2438//880 2392//880 2391//880 
f 2439//880 2440//880 2441//880 
f 2442//880 2443//880 2440//880 
f 2444//880 2445//880 2443//880 
f 2446//880 2447//880 2445//880 
f 2448//880 2449//880 2450//880 
f 2451//880 2452//880 2449//880 
f 2453//880 2426//880 2452//880 
f 2425//880 2424//880 2427//880 
f 2454//880 2455//880 2429//880 
f 2430//880 2456//880 2457//880 
f 2436//880 2434//880 2433//880 
f 2435//880 2458//880 2459//880 
f 2458//880 2460//880 2461//880 
f 2460//880 2462//880 2463//880 
f 2397//880 2420//880 2464//880 
f 2422//880 2394//880 2393//880 
f 2423//880 2438//880 2391//880 
f 2390//880 2389//880 2465//880 
f 2440//880 2439//880 2442//880 
f 2445//880 2444//880 2446//880 
f 2466//880 2467//880 2447//880 
f 2468//880 2469//880 2467//880 
f 2470//880 2471//880 2472//880 
f 2473//880 2474//880 2471//880 
f 2475//880 2476//880 2477//880 
f 2476//880 2478//880 2479//880 
f 2480//880 2481//880 2482//880 
f 2481//880 2483//880 2484//880 
f 2449//880 2448//880 2451//880 
f 2426//880 2453//880 2424//880 
f 2455//880 2454//880 2428//880 
f 2457//880 2431//880 2430//880 
f 2456//880 2485//880 2486//880 
f 2485//880 2487//880 2488//880 
f 2487//880 2432//880 2489//880 
f 2459//880 2436//880 2435//880 
f 2463//880 2461//880 2460//880 
f 2462//880 2490//880 2491//880 
f 2490//880 2492//880 2493//880 
f 2492//880 2494//880 2495//880 
f 2409//880 2496//880 2497//880 
f 2408//880 2498//880 2496//880 
f 2402//880 2401//880 2499//880 
f 2401//880 2400//880 2500//880 
f 2399//880 2501//880 2500//880 
f 2398//880 2464//880 2501//880 
f 2420//880 2397//880 2396//880 
f 2465//880 2423//880 2390//880 
f 2389//880 2388//880 2502//880 
f 2388//880 2387//880 2503//880 
f 2504//880 2505//880 2506//880 
f 2443//880 2442//880 2444//880 
f 2467//880 2466//880 2468//880 
f 2507//880 2472//880 2469//880 
f 2471//880 2470//880 2473//880 
f 2508//880 2509//880 2510//880 
f 2511//880 2512//880 2513//880 
f 2512//880 2514//880 2515//880 
f 2479//880 2477//880 2476//880 
f 2478//880 2516//880 2517//880 
f 2516//880 2480//880 2518//880 
f 2484//880 2482//880 2481//880 
f 2483//880 2519//880 2520//880 
f 2519//880 2521//880 2522//880 
f 2523//880 2417//880 2416//880 
f 2452//880 2451//880 2453//880 
f 2431//880 2454//880 2429//880 
f 2488//880 2486//880 2485//880 
f 2434//880 2489//880 2432//880 
f 2491//880 2463//880 2462//880 
f 2495//880 2493//880 2492//880 
f 2497//880 2410//880 2409//880 
f 2496//880 2409//880 2408//880 
f 2407//880 2406//880 2524//880 
f 2406//880 2405//880 2525//880 
f 2404//880 2403//880 2526//880 
f 2403//880 2402//880 2527//880 
f 2500//880 2499//880 2401//880 
f 2501//880 2399//880 2398//880 
f 2437//880 2393//880 2392//880 
f 2503//880 2502//880 2388//880 
f 2387//880 2386//880 2528//880 
f 2386//880 2385//880 2529//880 
f 2385//880 2530//880 2531//880 
f 2506//880 2532//880 2533//880 
f 2534//880 2535//880 2505//880 
f 2536//880 2441//880 2535//880 
f 2447//880 2446//880 2466//880 
f 2472//880 2507//880 2470//880 
f 2537//880 2538//880 2474//880 
f 2539//880 2540//880 2538//880 
f 2540//880 2539//880 2508//880 
f 2509//880 2541//880 2542//880 
f 2543//880 2544//880 2545//880 
f 2544//880 2511//880 2546//880 
f 2515//880 2513//880 2512//880 
f 2514//880 2547//880 2548//880 
f 2549//880 2475//880 2550//880 
f 2517//880 2479//880 2478//880 
f 2482//880 2518//880 2480//880 
f 2522//880 2520//880 2519//880 
f 2521//880 2551//880 2552//880 
f 2551//880 2553//880 2554//880 
f 2416//880 2415//880 2523//880 
f 2555//880 2556//880 2557//880 
f 2558//880 2559//880 2556//880 
f 2560//880 2561//880 2559//880 
f 2562//880 2450//880 2561//880 
f 2428//880 2427//880 2455//880 
f 2489//880 2488//880 2487//880 
f 2493//880 2491//880 2490//880 
f 2494//880 2523//880 2563//880 
f 2564//880 2565//880 2563//880 
f 2566//880 2567//880 2568//880 
f 2569//880 2570//880 2571//880 
f 2572//880 2573//880 2574//880 
f 2573//880 2572//880 2385//880 
f 2570//880 2575//880 2576//880 
f 2408//880 2407//880 2498//880 
f 2525//880 2524//880 2406//880 
f 2405//880 2404//880 2577//880 
f 2527//880 2526//880 2403//880 
f 2500//880 2400//880 2399//880 
f 2502//880 2465//880 2389//880 
f 2529//880 2528//880 2386//880 
f 2385//880 2572//880 2530//880 
f 2506//880 2575//880 2532//880 
f 2535//880 2534//880 2536//880 
f 2469//880 2468//880 2507//880 
f 2538//880 2537//880 2539//880 
f 2542//880 2510//880 2509//880 
f 2541//880 2543//880 2578//880 
f 2546//880 2545//880 2544//880 
f 2548//880 2515//880 2514//880 
f 2579//880 2549//880 2580//880 
f 2477//880 2550//880 2475//880 
f 2520//880 2484//880 2483//880 
f 2554//880 2552//880 2551//880 
f 2523//880 2413//880 2412//880 
f 2415//880 2414//880 2523//880 
f 2556//880 2555//880 2558//880 
f 2561//880 2560//880 2562//880 
f 2486//880 2457//880 2456//880 
f 2563//880 2495//880 2494//880 
f 2568//880 2564//880 2566//880 
f 2574//880 2569//880 2572//880 
f 2385//880 2581//880 2582//880 
f 2575//880 2583//880 2576//880 
f 2583//880 2575//880 2506//880 
f 2524//880 2498//880 2407//880 
f 2526//880 2577//880 2404//880 
f 2464//880 2398//880 2397//880 
f 2531//880 2529//880 2385//880 
f 2505//880 2504//880 2534//880 
f 2474//880 2473//880 2537//880 
f 2578//880 2542//880 2541//880 
f 2513//880 2546//880 2511//880 
f 2547//880 2584//880 2585//880 
f 2584//880 2579//880 2586//880 
f 2550//880 2580//880 2549//880 
f 2552//880 2522//880 2521//880 
f 2414//880 2413//880 2523//880 
f 2587//880 2588//880 2589//880 
f 2590//880 2557//880 2588//880 
f 2559//880 2558//880 2560//880 
f 2461//880 2459//880 2458//880 
f 2566//880 2591//880 2567//880 
f 2385//880 2582//880 2573//880 
f 2506//880 2592//880 2583//880 
f 2577//880 2525//880 2405//880 
f 2528//880 2503//880 2387//880 
f 2441//880 2536//880 2439//880 
f 2545//880 2578//880 2543//880 
f 2586//880 2585//880 2584//880 
f 2518//880 2517//880 2516//880 
f 2412//880 2411//880 2523//880 
f 2588//880 2587//880 2590//880 
f 2450//880 2562//880 2448//880 
f 2563//880 2566//880 2564//880 
f 2576//880 2571//880 2570//880 
f 2499//880 2527//880 2402//880 
f 2510//880 2540//880 2508//880 
f 2580//880 2586//880 2579//880 
f 2523//880 2418//880 2417//880 
f 2593//880 2589//880 2594//880 
f 2557//880 2590//880 2555//880 
f 2565//880 2595//880 2563//880 
f 2497//880 2566//880 2410//880 
f 2585//880 2548//880 2547//880 
f 2410//880 2563//880 2523//880 
f 2589//880 2593//880 2587//880 
f 2563//880 2410//880 2566//880 
f 2506//880 2533//880 2504//880 
f 2594//880 2596//880 2593//880 
f 2571//880 2572//880 2569//880 
f 2595//880 2597//880 2563//880 
f 2411//880 2410//880 2523//880 
o mesh40
f 2591//881 2566//881 1535//881 
f 2566//881 1540//881 1535//881 
f 1535//881 2349//881 2591//881 
o mesh41
f 2589//882 1895//882 1753//883 
f 1753//883 2594//884 2589//882 
f 2589//882 2588//885 1830//886 
f 2588//885 1825//885 1830//886 
f 1826//887 1825//885 2588//885 
f 1823//888 1826//887 2557//887 
f 1824//889 1823//888 2556//888 
f 1821//890 1824//889 2559//889 
f 1822//891 1821//890 2561//890 
f 1818//892 1822//891 2450//891 
f 1831//893 1818//892 2449//892 
f 1833//894 1831//893 2452//893 
f 1843//895 1833//894 2426//894 
f 1838//896 1843//895 2425//895 
f 1841//897 1838//896 2428//896 
f 1837//898 1841//897 2454//897 
f 1827//899 1837//898 2431//898 
f 1835//900 1827//899 2457//899 
f 1836//901 1835//900 2486//900 
f 2488//901 2489//902 1816//903 
f 2489//902 1813//902 1816//903 
f 2489//902 2434//904 2359//905 
f 2434//904 2360//904 2359//905 
f 2358//906 2360//904 2434//904 
f 2348//907 2358//906 2436//906 
f 2357//908 2348//907 2459//907 
f 2344//909 2357//908 2461//908 
f 2345//910 2344//909 2463//909 
f 2347//911 2345//910 2491//910 
f 2364//912 2347//911 2493//911 
f 2371//913 2364//912 2495//912 
f 2495//912 2563//913 2371//913 
f 2493//911 2495//912 2364//912 
f 2491//910 2493//911 2347//911 
f 2463//909 2491//910 2345//910 
f 2461//908 2463//909 2344//909 
f 2459//907 2461//908 2357//908 
f 2436//906 2459//907 2348//907 
f 2434//904 2436//906 2358//906 
f 2359//905 1813//902 2489//902 
f 1816//903 1836//901 2488//901 
f 2486//900 2488//901 1836//901 
f 2457//899 2486//900 1835//900 
f 2431//898 2457//899 1827//899 
f 2454//897 2431//898 1837//898 
f 2428//896 2454//897 1841//897 
f 2425//895 2428//896 1838//896 
f 2426//894 2425//895 1843//895 
f 2452//893 2426//894 1833//894 
f 2449//892 2452//893 1831//893 
f 2450//891 2449//892 1818//892 
f 2561//890 2450//891 1822//891 
f 2559//889 2561//890 1821//890 
f 2556//888 2559//889 1824//889 
f 2557//887 2556//888 1823//888 
f 2588//885 2557//887 1826//887 
f 1830//886 1895//882 2589//882 
f 1753//883 1752//914 2594//884 
o mesh42
f 1510//915 2523//915 2494//916 
f 1505//916 2494//916 2492//917 
f 1506//917 2492//917 2490//918 
f 1503//918 2490//918 2462//919 
f 1504//919 2462//919 2460//920 
f 1507//920 2460//920 2458//921 
f 1508//921 2458//921 2435//922 
f 2435//922 2433//923 1512//924 
f 2433//923 1511//923 1512//924 
f 2433//923 2432//925 1528//926 
f 2432//925 1527//925 1528//926 
f 1527//925 2432//925 2487//927 
f 1526//927 2487//927 2485//928 
f 1521//928 2485//928 2456//929 
f 1522//929 2456//929 2430//930 
f 1525//930 2430//930 2429//931 
f 1524//931 2429//931 2455//932 
f 1519//932 2455//932 2427//933 
f 1520//933 2427//933 2424//934 
f 1514//934 2424//934 2453//935 
f 1513//935 2453//935 2451//936 
f 1523//936 2451//936 2448//937 
f 1517//937 2448//937 2562//938 
f 1518//938 2562//938 2560//939 
f 1515//939 2560//939 2558//940 
f 2558//940 2555//941 1529//942 
f 2555//941 1534//941 1529//942 
f 1534//941 2555//941 2590//943 
f 1533//943 2590//943 2587//944 
f 1532//944 2587//944 2593//945 
f 2593//945 2596//946 1531//947 
f 2596//946 1745//946 1531//947 
f 1531//947 1530//948 2593//945 
f 2593//945 1530//948 1532//944 
f 2587//944 1532//944 1533//943 
f 2590//943 1533//943 1534//941 
f 1529//942 1516//949 2558//940 
f 2558//940 1516//949 1515//939 
f 2560//939 1515//939 1518//938 
f 2562//938 1518//938 1517//937 
f 2448//937 1517//937 1523//936 
f 2451//936 1523//936 1513//935 
f 2453//935 1513//935 1514//934 
f 2424//934 1514//934 1520//933 
f 2427//933 1520//933 1519//932 
f 2455//932 1519//932 1524//931 
f 2429//931 1524//931 1525//930 
f 2430//930 1525//930 1522//929 
f 2456//929 1522//929 1521//928 
f 2485//928 1521//928 1526//927 
f 2487//927 1526//927 1527//925 
f 1528//926 1511//923 2433//923 
f 1512//924 1509//950 2435//922 
f 2435//922 1509//950 1508//921 
f 2458//921 1508//921 1507//920 
f 2460//920 1507//920 1504//919 
f 2462//919 1504//919 1503//918 
f 2490//918 1503//918 1506//917 
f 2492//917 1506//917 1505//916 
f 2494//916 1505//916 1510//915 
o mesh43
f 2594//951 1752//951 1745//951 
f 1745//951 2596//951 2594//951 
o mesh44
f 2418//952 2523//952 1502//952 
f 2523//952 1510//952 1502//952 
f 1502//952 1495//952 2418//952 
o mesh45
f 2597//952 2343//952 2371//952 
f 2371//952 2563//952 2597//952 
o mesh46
f 2341//953 2343//954 2597//954 
f 2342//955 2341//953 2595//956 
f 2346//957 2342//955 2565//958 
f 2355//959 2346//957 2564//960 
f 2356//961 2355//959 2568//962 
f 2349//963 2356//961 2567//964 
f 2567//964 2591//963 2349//963 
f 2568//962 2567//964 2356//961 
f 2564//960 2568//962 2355//959 
f 2565//958 2564//960 2346//957 
f 2595//956 2565//958 2342//955 
f 2597//954 2595//956 2341//953 
o mesh47
f 1541//965 1540//966 2566//966 
f 1538//967 1541//965 2497//968 
f 1539//969 1538//967 2496//970 
f 1536//971 1539//969 2498//972 
f 1537//973 1536//971 2524//974 
f 2577//975 2353//975 2352//976 
f 2352//976 2525//977 2577//975 
f 2365//978 2353//975 2577//975 
f 2366//979 2365//978 2526//978 
f 2369//980 2366//979 2527//979 
f 2500//981 2339//981 2338//982 
f 2338//982 2499//983 2500//981 
f 2329//984 2339//981 2500//981 
f 2330//985 2329//984 2501//984 
f 2333//986 2330//985 2464//985 
f 2331//987 2333//986 2420//986 
f 2332//988 2331//987 2419//987 
f 2326//989 2332//988 2421//988 
f 2337//990 2326//989 2422//989 
f 2335//991 2337//990 2437//990 
f 2336//992 2335//991 2438//991 
f 2423//992 2465//993 2311//994 
f 2465//993 2320//993 2311//994 
f 2303//995 2320//993 2465//993 
f 2502//995 2503//996 1690//997 
f 2503//996 1691//996 1690//997 
f 1674//998 1691//996 2503//996 
f 1675//999 1674//998 2528//998 
f 1673//1000 1675//999 2529//999 
f 1663//1001 1673//1000 2531//1000 
f 1664//1002 1663//1001 2530//1001 
f 1665//1003 1664//1002 2572//1002 
f 1681//1004 1665//1003 2571//1003 
f 1682//1005 1681//1004 2576//1004 
f 1671//1006 1682//1005 2583//1005 
f 2583//1005 2592//1006 1671//1006 
f 2576//1004 2583//1005 1682//1005 
f 2571//1003 2576//1004 1681//1004 
f 2572//1002 2571//1003 1665//1003 
f 2530//1001 2572//1002 1664//1002 
f 2531//1000 2530//1001 1663//1001 
f 2529//999 2531//1000 1673//1000 
f 2528//998 2529//999 1675//999 
f 2503//996 2528//998 1674//998 
f 1690//997 2303//995 2502//995 
f 2465//993 2502//995 2303//995 
f 2311//994 2336//992 2423//992 
f 2438//991 2423//992 2336//992 
f 2437//990 2438//991 2335//991 
f 2422//989 2437//990 2337//990 
f 2421//988 2422//989 2326//989 
f 2419//987 2421//988 2332//988 
f 2420//986 2419//987 2331//987 
f 2464//985 2420//986 2333//986 
f 2501//984 2464//985 2330//985 
f 2500//981 2501//984 2329//984 
f 2338//982 2369//980 2499//983 
f 2527//979 2499//983 2369//980 
f 2526//978 2527//979 2366//979 
f 2577//975 2526//978 2365//978 
f 2352//976 1537//973 2525//977 
f 2524//974 2525//977 1537//973 
f 2498//972 2524//974 1536//971 
f 2496//970 2498//972 1539//969 
f 2497//968 2496//970 1538//967 
f 2566//966 2497//968 1541//965 
o mesh48
f 1688//1007 1671//1007 2592//1007 
f 2592//1007 2506//1007 1688//1007 
o mesh49
f 2553//1008 1543//1008 1542//1008 
f 1542//1008 2554//1008 2553//1008 
f 1542//1008 1605//1008 2554//1008 
o mesh50
f 1543//1009 2553//1009 2551//1010 
f 1546//1010 2551//1010 2521//1011 
f 1544//1011 2521//1011 2519//1012 
f 2519//1012 2483//1013 1549//1014 
f 2483//1013 1547//1013 1549//1014 
f 2483//1013 2481//1015 1548//1016 
f 2481//1015 1555//1015 1548//1016 
f 1555//1015 2481//1015 2480//1017 
f 1553//1017 2480//1017 2516//1018 
f 1554//1018 2516//1018 2478//1019 
f 1552//1019 2478//1019 2476//1020 
f 1550//1020 2476//1020 2475//1021 
f 1551//1021 2475//1021 2549//1022 
f 2579//1023 1567//1023 1566//1024 
f 1566//1024 2549//1022 2579//1023 
f 1567//1023 2579//1023 2584//1025 
f 1570//1025 2584//1025 2547//1026 
f 1569//1026 2547//1026 2514//1027 
f 1568//1027 2514//1027 2512//1028 
f 1562//1028 2512//1028 2511//1029 
f 1561//1029 2511//1029 2544//1030 
f 1560//1030 2544//1030 2543//1031 
f 1559//1031 2543//1031 2541//1032 
f 1565//1032 2541//1032 2509//1033 
f 1564//1033 2509//1033 2508//1034 
f 1563//1034 2508//1034 2539//1035 
f 2539//1035 2537//1036 1558//1037 
f 2537//1036 1590//1036 1558//1037 
f 1590//1036 2537//1036 2473//1038 
f 1586//1038 2473//1038 2470//1039 
f 1585//1039 2470//1039 2507//1040 
f 1581//1040 2507//1040 2468//1041 
f 1573//1041 2468//1041 2466//1042 
f 1574//1042 2466//1042 2446//1043 
f 1571//1043 2446//1043 2444//1044 
f 1572//1044 2444//1044 2442//1045 
f 1577//1045 2442//1045 2439//1046 
f 1578//1046 2439//1046 2536//1047 
f 1584//1047 2536//1047 2534//1048 
f 1580//1048 2534//1048 2504//1049 
f 1575//1049 2504//1049 2533//1050 
f 1576//1050 2533//1050 2532//1051 
f 1579//1051 2532//1051 2575//1052 
f 1582//1052 2575//1052 2570//1053 
f 1583//1053 2570//1053 2569//1054 
f 1589//1054 2569//1054 2574//1055 
f 1587//1055 2574//1055 2573//1056 
f 1588//1056 2573//1056 2582//1057 
f 1593//1057 2582//1057 2581//1058 
f 2581//1058 1595//1058 1593//1057 
f 2582//1057 1593//1057 1588//1056 
f 2573//1056 1588//1056 1587//1055 
f 2574//1055 1587//1055 1589//1054 
f 2569//1054 1589//1054 1583//1053 
f 2570//1053 1583//1053 1582//1052 
f 2575//1052 1582//1052 1579//1051 
f 2532//1051 1579//1051 1576//1050 
f 2533//1050 1576//1050 1575//1049 
f 2504//1049 1575//1049 1580//1048 
f 2534//1048 1580//1048 1584//1047 
f 2536//1047 1584//1047 1578//1046 
f 2439//1046 1578//1046 1577//1045 
f 2442//1045 1577//1045 1572//1044 
f 2444//1044 1572//1044 1571//1043 
f 2446//1043 1571//1043 1574//1042 
f 2466//1042 1574//1042 1573//1041 
f 2468//1041 1573//1041 1581//1040 
f 2507//1040 1581//1040 1585//1039 
f 2470//1039 1585//1039 1586//1038 
f 2473//1038 1586//1038 1590//1036 
f 1558//1037 1557//1059 2539//1035 
f 2539//1035 1557//1059 1563//1034 
f 2508//1034 1563//1034 1564//1033 
f 2509//1033 1564//1033 1565//1032 
f 2541//1032 1565//1032 1559//1031 
f 2543//1031 1559//1031 1560//1030 
f 2544//1030 1560//1030 1561//1029 
f 2511//1029 1561//1029 1562//1028 
f 2512//1028 1562//1028 1568//1027 
f 2514//1027 1568//1027 1569//1026 
f 2547//1026 1569//1026 1570//1025 
f 2584//1025 1570//1025 1567//1023 
f 1566//1024 1556//1060 2549//1022 
f 2549//1022 1556//1060 1551//1021 
f 2475//1021 1551//1021 1550//1020 
f 2476//1020 1550//1020 1552//1019 
f 2478//1019 1552//1019 1554//1018 
f 2516//1018 1554//1018 1553//1017 
f 2480//1017 1553//1017 1555//1015 
f 1548//1016 1547//1013 2483//1013 
f 1549//1014 1545//1061 2519//1012 
f 2519//1012 1545//1061 1544//1011 
f 2521//1011 1544//1011 1546//1010 
f 2551//1010 1546//1010 1543//1009 
o mesh51
f 1596//1062 1595//1062 2581//1062 
f 2581//1062 2385//1062 1596//1062 
o mesh52
f 1689//1063 1688//1064 2506//1064 
f 1687//1065 1689//1063 2505//1066 
f 1672//1067 1687//1065 2535//1068 
f 1669//1069 1672//1067 2441//1070 
f 1670//1071 1669//1069 2440//1072 
f 1667//1073 1670//1071 2443//1074 
f 1668//1075 1667//1073 2445//1076 
f 1683//1077 1668//1075 2447//1078 
f 1676//1079 1683//1077 2467//1080 
f 1684//1081 1676//1079 2469//1082 
f 1692//1083 1684//1081 2472//1084 
f 1686//1085 1692//1083 2471//1086 
f 1678//1087 1686//1085 2474//1088 
f 2538//1087 2540//1089 1660//1090 
f 2540//1089 1661//1089 1660//1090 
f 1659//1091 1661//1089 2540//1089 
f 1656//1092 1659//1091 2510//1091 
f 1657//1093 1656//1092 2542//1092 
f 1654//1094 1657//1093 2578//1093 
f 1655//1095 1654//1094 2545//1094 
f 1653//1096 1655//1095 2546//1095 
f 1651//1097 1653//1096 2513//1096 
f 1652//1098 1651//1097 2515//1097 
f 2548//1098 2585//1099 1630//1100 
f 2585//1099 1645//1099 1630//1100 
f 1638//1101 1645//1099 2585//1099 
f 1639//1102 1638//1101 2586//1101 
f 1646//1103 1639//1102 2580//1102 
f 1642//1104 1646//1103 2550//1103 
f 1633//1105 1642//1104 2477//1104 
f 1634//1106 1633//1105 2479//1105 
f 1641//1107 1634//1106 2517//1106 
f 1649//1108 1641//1107 2518//1107 
f 2484//1109 1613//1109 1610//1110 
f 1610//1110 2482//1111 2484//1109 
f 1604//1112 1613//1109 2484//1109 
f 1600//1113 1604//1112 2520//1112 
f 1601//1114 1600//1113 2522//1113 
f 1605//1115 1601//1114 2552//1114 
f 2552//1114 2554//1115 1605//1115 
f 2522//1113 2552//1114 1601//1114 
f 2520//1112 2522//1113 1600//1113 
f 2484//1109 2520//1112 1604//1112 
f 1610//1110 1649//1108 2482//1111 
f 2518//1107 2482//1111 1649//1108 
f 2517//1106 2518//1107 1641//1107 
f 2479//1105 2517//1106 1634//1106 
f 2477//1104 2479//1105 1633//1105 
f 2550//1103 2477//1104 1642//1104 
f 2580//1102 2550//1103 1646//1103 
f 2586//1101 2580//1102 1639//1102 
f 2585//1099 2586//1101 1638//1101 
f 1630//1100 1652//1098 2548//1098 
f 2515//1097 2548//1098 1652//1098 
f 2513//1096 2515//1097 1651//1097 
f 2546//1095 2513//1096 1653//1096 
f 2545//1094 2546//1095 1655//1095 
f 2578//1093 2545//1094 1654//1094 
f 2542//1092 2578//1093 1657//1093 
f 2510//1091 2542//1092 1656//1092 
f 2540//1089 2510//1091 1659//1091 
f 1660//1090 1678//1087 2538//1087 
f 2474//1088 2538//1087 1678//1087 
f 2471//1086 2474//1088 1686//1085 
f 2472//1084 2471//1086 1692//1083 
f 2469//1082 2472//1084 1684//1081 
f 2467//1080 2469//1082 1676//1079 
f 2447//1078 2467//1080 1683//1077 
f 2445//1076 2447//1078 1668//1075 
f 2443//1074 2445//1076 1667//1073 
f 2440//1072 2443//1074 1670//1071 
f 2441//1070 2440//1072 1669//1069 
f 2535//1068 2441//1070 1672//1067 
f 2505//1066 2535//1068 1687//1065 
f 2506//1064 2505//1066 1689//1063 
o mesh53
f 2598//1116 2599//1116 2267//1116 
f 2267//1116 2283//1116 2598//1116 
o mesh54
f 2600//1117 2601//1117 2602//1117 
f 2601//1117 2603//1117 2604//1117 
f 2604//1117 2602//1117 2601//1117 
f 2603//1117 2605//1117 2606//1117 
f 2607//1117 2608//1117 2609//1117 
f 2610//1117 2611//1117 2608//1117 
f 2612//1117 2613//1117 2614//1117 
f 2615//1117 2616//1117 2613//1117 
f 2617//1117 2618//1117 2619//1117 
f 2606//1117 2604//1117 2603//1117 
f 2605//1117 2620//1117 2621//1117 
f 2622//1117 2623//1117 2624//1117 
f 2625//1117 2626//1117 2623//1117 
f 2627//1117 2628//1117 2626//1117 
f 2629//1117 2609//1117 2628//1117 
f 2608//1117 2607//1117 2610//1117 
f 2630//1117 2614//1117 2611//1117 
f 2613//1117 2612//1117 2615//1117 
f 2631//1117 2632//1117 2616//1117 
f 2633//1117 2634//1117 2635//1117 
f 2634//1117 2636//1117 2637//1117 
f 2638//1117 2639//1117 2640//1117 
f 2641//1117 2642//1117 2639//1117 
f 2643//1117 2644//1117 2617//1117 
f 2621//1117 2606//1117 2605//1117 
f 2620//1117 2645//1117 2646//1117 
f 2645//1117 2647//1117 2648//1117 
f 2647//1117 2649//1117 2650//1117 
f 2623//1117 2622//1117 2625//1117 
f 2628//1117 2627//1117 2629//1117 
f 2611//1117 2610//1117 2630//1117 
f 2616//1117 2615//1117 2631//1117 
f 2651//1117 2652//1117 2632//1117 
f 2653//1117 2654//1117 2652//1117 
f 2655//1117 2656//1117 2657//1117 
f 2656//1117 2658//1117 2659//1117 
f 2637//1117 2635//1117 2634//1117 
f 2636//1117 2660//1117 2661//1117 
f 2660//1117 2662//1117 2663//1117 
f 2662//1117 2664//1117 2665//1117 
f 2639//1117 2638//1117 2641//1117 
f 2666//1117 2667//1117 2642//1117 
f 2619//1117 2643//1117 2617//1117 
f 2668//1117 2669//1117 2670//1117 
f 2669//1117 2600//1117 2671//1117 
f 2646//1117 2621//1117 2620//1117 
f 2650//1117 2648//1117 2647//1117 
f 2626//1117 2625//1117 2627//1117 
f 2614//1117 2630//1117 2612//1117 
f 2652//1117 2651//1117 2653//1117 
f 2672//1117 2673//1117 2654//1117 
f 2659//1117 2657//1117 2656//1117 
f 2658//1117 2674//1117 2675//1117 
f 2661//1117 2637//1117 2636//1117 
f 2665//1117 2663//1117 2662//1117 
f 2664//1117 2676//1117 2677//1117 
f 2678//1117 2679//1117 2680//1117 
f 2679//1117 2681//1117 2682//1117 
f 2683//1117 2684//1117 2685//1117 
f 2684//1117 2686//1117 2687//1117 
f 2686//1117 2688//1117 2689//1117 
f 2688//1117 2690//1117 2691//1117 
f 2692//1117 2693//1117 2694//1117 
f 2695//1117 2696//1117 2693//1117 
f 2697//1117 2698//1117 2696//1117 
f 2699//1117 2700//1117 2698//1117 
f 2701//1117 2702//1117 2700//1117 
f 2703//1117 2704//1117 2702//1117 
f 2705//1117 2706//1117 2704//1117 
f 2707//1117 2708//1117 2706//1117 
f 2709//1117 2598//1117 2710//1117 
f 2711//1117 2712//1117 2713//1117 
f 2714//1117 2715//1117 2712//1117 
f 2716//1117 2640//1117 2715//1117 
f 2642//1117 2641//1117 2666//1117 
f 2717//1117 2718//1117 2667//1117 
f 2719//1117 2720//1117 2718//1117 
f 2721//1117 2722//1117 2720//1117 
f 2723//1117 2724//1117 2722//1117 
f 2644//1117 2643//1117 2724//1117 
f 2618//1117 2725//1117 2619//1117 
f 2671//1117 2670//1117 2669//1117 
f 2648//1117 2646//1117 2645//1117 
f 2649//1117 2726//1117 2727//1117 
f 2726//1117 2728//1117 2729//1117 
f 2609//1117 2629//1117 2607//1117 
f 2654//1117 2653//1117 2672//1117 
f 2730//1117 2731//1117 2673//1117 
f 2732//1117 2733//1117 2731//1117 
f 2734//1117 2735//1117 2736//1117 
f 2737//1117 2738//1117 2739//1117 
f 2738//1117 2655//1117 2740//1117 
f 2675//1117 2659//1117 2658//1117 
f 2674//1117 2741//1117 2742//1117 
f 2741//1117 2633//1117 2743//1117 
f 2663//1117 2661//1117 2660//1117 
f 2676//1117 2744//1117 2677//1117 
f 2676//1117 2745//1117 2746//1117 
f 2747//1117 2748//1117 2749//1117 
f 2748//1117 2750//1117 2751//1117 
f 2750//1117 2752//1117 2753//1117 
f 2752//1117 2678//1117 2754//1117 
f 2682//1117 2680//1117 2679//1117 
f 2681//1117 2755//1117 2756//1117 
f 2755//1117 2683//1117 2757//1117 
f 2687//1117 2685//1117 2684//1117 
f 2691//1117 2689//1117 2688//1117 
f 2690//1117 2758//1117 2759//1117 
f 2758//1117 2760//1117 2761//1117 
f 2760//1117 2762//1117 2763//1117 
f 2693//1117 2692//1117 2695//1117 
f 2698//1117 2697//1117 2699//1117 
f 2702//1117 2701//1117 2703//1117 
f 2706//1117 2705//1117 2707//1117 
f 2764//1117 2765//1117 2766//1117 
f 2767//1117 2768//1117 2765//1117 
f 2769//1117 2770//1117 2768//1117 
f 2771//1117 2772//1117 2770//1117 
f 2773//1117 2774//1117 2775//1117 
f 2776//1117 2777//1117 2774//1117 
f 2778//1117 2779//1117 2780//1117 
f 2781//1117 2782//1117 2779//1117 
f 2783//1117 2784//1117 2785//1117 
f 2786//1117 2710//1117 2784//1117 
f 2598//1117 2787//1117 2788//1117 
f 2710//1117 2786//1117 2709//1117 
f 2712//1117 2711//1117 2714//1117 
f 2640//1117 2716//1117 2638//1117 
f 2718//1117 2717//1117 2719//1117 
f 2722//1117 2721//1117 2723//1117 
f 2725//1117 2789//1117 2619//1117 
f 2790//1117 2791//1117 2792//1117 
f 2791//1117 2668//1117 2793//1117 
f 2602//1117 2671//1117 2600//1117 
f 2729//1117 2727//1117 2726//1117 
f 2728//1117 2794//1117 2795//1117 
f 2794//1117 2796//1117 2797//1117 
f 2632//1117 2631//1117 2651//1117 
f 2731//1117 2730//1117 2732//1117 
f 2798//1117 2799//1117 2733//1117 
f 2799//1117 2798//1117 2734//1117 
f 2800//1117 2801//1117 2802//1117 
f 2801//1117 2737//1117 2803//1117 
f 2740//1117 2739//1117 2738//1117 
f 2742//1117 2675//1117 2674//1117 
f 2635//1117 2743//1117 2633//1117 
f 2746//1117 2744//1117 2676//1117 
f 2804//1117 2805//1117 2806//1117 
f 2751//1117 2749//1117 2748//1117 
f 2754//1117 2753//1117 2752//1117 
f 2756//1117 2682//1117 2681//1117 
f 2685//1117 2757//1117 2683//1117 
f 2759//1117 2691//1117 2690//1117 
f 2763//1117 2761//1117 2760//1117 
f 2807//1117 2808//1117 2809//1117 
f 2808//1117 2810//1117 2811//1117 
f 2696//1117 2695//1117 2697//1117 
f 2704//1117 2703//1117 2705//1117 
f 2812//1117 2813//1117 2708//1117 
f 2814//1117 2766//1117 2813//1117 
f 2765//1117 2764//1117 2767//1117 
f 2770//1117 2769//1117 2771//1117 
f 2815//1117 2775//1117 2772//1117 
f 2774//1117 2773//1117 2776//1117 
f 2779//1117 2778//1117 2781//1117 
f 2816//1117 2817//1117 2782//1117 
f 2784//1117 2783//1117 2786//1117 
f 2709//1117 2787//1117 2598//1117 
f 2818//1117 2819//1117 2820//1117 
f 2713//1117 2818//1117 2711//1117 
f 2667//1117 2666//1117 2717//1117 
f 2724//1117 2723//1117 2644//1117 
f 2821//1117 2822//1117 2823//1117 
f 2793//1117 2792//1117 2791//1117 
f 2727//1117 2650//1117 2649//1117 
f 2797//1117 2795//1117 2794//1117 
f 2796//1117 2824//1117 2825//1117 
f 2673//1117 2672//1117 2730//1117 
f 2736//1117 2799//1117 2734//1117 
f 2735//1117 2800//1117 2826//1117 
f 2803//1117 2802//1117 2801//1117 
f 2657//1117 2740//1117 2655//1117 
f 2677//1117 2665//1117 2664//1117 
f 2676//1117 2827//1117 2828//1117 
f 2829//1117 2830//1117 2804//1117 
f 2829//1117 2831//1117 2832//1117 
f 2805//1117 2747//1117 2833//1117 
f 2753//1117 2751//1117 2750//1117 
f 2757//1117 2756//1117 2755//1117 
f 2761//1117 2759//1117 2758//1117 
f 2762//1117 2807//1117 2834//1117 
f 2811//1117 2809//1117 2808//1117 
f 2810//1117 2835//1117 2836//1117 
f 2835//1117 2837//1117 2838//1117 
f 2837//1117 2839//1117 2840//1117 
f 2839//1117 2841//1117 2842//1117 
f 2841//1117 2843//1117 2844//1117 
f 2843//1117 2845//1117 2846//1117 
f 2845//1117 2847//1117 2848//1117 
f 2847//1117 2849//1117 2850//1117 
f 2700//1117 2699//1117 2701//1117 
f 2813//1117 2812//1117 2814//1117 
f 2768//1117 2767//1117 2769//1117 
f 2775//1117 2815//1117 2773//1117 
f 2851//1117 2780//1117 2777//1117 
f 2782//1117 2781//1117 2816//1117 
f 2852//1117 2785//1117 2817//1117 
f 2788//1117 2853//1117 2598//1117 
f 2713//1117 2819//1117 2818//1117 
f 2720//1117 2719//1117 2721//1117 
f 2598//1117 2854//1117 2818//1117 
f 2854//1117 2853//1117 2821//1117 
f 2822//1117 2790//1117 2855//1117 
f 2670//1117 2793//1117 2668//1117 
f 2825//1117 2797//1117 2796//1117 
f 2619//1117 2789//1117 2831//1117 
f 2733//1117 2732//1117 2798//1117 
f 2802//1117 2826//1117 2800//1117 
f 2743//1117 2742//1117 2741//1117 
f 2828//1117 2856//1117 2676//1117 
f 2832//1117 2830//1117 2829//1117 
f 2749//1117 2833//1117 2747//1117 
f 2689//1117 2687//1117 2686//1117 
f 2809//1117 2834//1117 2807//1117 
f 2838//1117 2836//1117 2835//1117 
f 2842//1117 2840//1117 2839//1117 
f 2846//1117 2844//1117 2843//1117 
f 2850//1117 2848//1117 2847//1117 
f 2708//1117 2707//1117 2812//1117 
f 2772//1117 2771//1117 2815//1117 
f 2780//1117 2851//1117 2778//1117 
f 2785//1117 2852//1117 2783//1117 
f 2715//1117 2714//1117 2716//1117 
f 2598//1117 2853//1117 2854//1117 
f 2855//1117 2823//1117 2822//1117 
f 2795//1117 2729//1117 2728//1117 
f 2829//1117 2676//1117 2619//1117 
f 2826//1117 2736//1117 2735//1117 
f 2856//1117 2745//1117 2676//1117 
f 2833//1117 2806//1117 2805//1117 
f 2834//1117 2763//1117 2762//1117 
f 2840//1117 2838//1117 2837//1117 
f 2848//1117 2846//1117 2845//1117 
f 2766//1117 2814//1117 2764//1117 
f 2817//1117 2816//1117 2852//1117 
f 2818//1117 2599//1117 2598//1117 
f 2792//1117 2855//1117 2790//1117 
f 2829//1117 2827//1117 2676//1117 
f 2739//1117 2803//1117 2737//1117 
f 2680//1117 2754//1117 2678//1117 
f 2844//1117 2842//1117 2841//1117 
f 2777//1117 2776//1117 2851//1117 
f 2823//1117 2854//1117 2821//1117 
f 2624//1117 2857//1117 2622//1117 
f 2836//1117 2811//1117 2810//1117 
f 2820//1117 2599//1117 2818//1117 
f 2806//1117 2829//1117 2804//1117 
f 2831//1117 2829//1117 2619//1117 
f 2694//1117 2858//1117 2692//1117 
o mesh55
f 1810//1118 2818//1118 2854//1118 
f 2854//1118 2373//1118 1810//1118 
o mesh56
f 2619//1119 2248//1119 2275//1119 
f 2676//1119 2217//1119 2248//1119 
f 2248//1119 2619//1119 2676//1119 
f 2275//1119 2374//1119 2619//1119 
o mesh57
f 2829//1120 1707//1120 1968//1120 
f 1968//1120 2827//1120 2829//1120 
f 1968//1120 1706//1120 2827//1120 
f 2829//1120 1712//1120 1707//1120 
f 1706//1120 2213//1120 2827//1120 
o mesh58
f 2097//1121 2033//1122 2624//1122 
f 2098//1123 2097//1121 2623//1124 
f 2095//1125 2098//1123 2626//1126 
f 2096//1127 2095//1125 2628//1128 
f 2029//1129 2096//1127 2609//1130 
f 2003//1131 2029//1129 2608//1132 
f 2004//1133 2003//1131 2611//1134 
f 2028//1135 2004//1133 2614//1136 
f 2001//1137 2028//1135 2613//1138 
f 2002//1139 2001//1137 2616//1140 
f 2057//1141 2002//1139 2632//1142 
f 2026//1143 2057//1141 2652//1144 
f 2027//1145 2026//1143 2654//1146 
f 2140//1147 2027//1145 2673//1148 
f 2141//1149 2140//1147 2731//1150 
f 2138//1151 2141//1149 2733//1152 
f 2139//1153 2138//1151 2799//1154 
f 2180//1155 2139//1153 2736//1156 
f 2100//1157 2180//1155 2826//1158 
f 2150//1159 2100//1157 2802//1160 
f 2005//1161 2150//1159 2803//1162 
f 2147//1163 2005//1161 2739//1164 
f 2148//1165 2147//1163 2740//1166 
f 2184//1167 2148//1165 2657//1168 
f 2104//1169 2184//1167 2659//1170 
f 2105//1171 2104//1169 2675//1172 
f 2157//1173 2105//1171 2742//1174 
f 2183//1175 2157//1173 2743//1176 
f 2155//1177 2183//1175 2635//1178 
f 2156//1179 2155//1177 2637//1180 
f 2153//1181 2156//1179 2661//1182 
f 2154//1183 2153//1181 2663//1184 
f 2151//1185 2154//1183 2665//1186 
f 2152//1187 2151//1185 2677//1188 
f 2181//1189 2152//1187 2744//1190 
f 2182//1191 2181//1189 2746//1192 
f 2214//1193 2182//1191 2745//1194 
f 2212//1195 2214//1193 2856//1196 
f 2213//1197 2212//1195 2828//1198 
f 2828//1198 2827//1197 2213//1197 
f 2856//1196 2828//1198 2212//1195 
f 2745//1194 2856//1196 2214//1193 
f 2746//1192 2745//1194 2182//1191 
f 2744//1190 2746//1192 2181//1189 
f 2677//1188 2744//1190 2152//1187 
f 2665//1186 2677//1188 2151//1185 
f 2663//1184 2665//1186 2154//1183 
f 2661//1182 2663//1184 2153//1181 
f 2637//1180 2661//1182 2156//1179 
f 2635//1178 2637//1180 2155//1177 
f 2743//1176 2635//1178 2183//1175 
f 2742//1174 2743//1176 2157//1173 
f 2675//1172 2742//1174 2105//1171 
f 2659//1170 2675//1172 2104//1169 
f 2657//1168 2659//1170 2184//1167 
f 2740//1166 2657//1168 2148//1165 
f 2739//1164 2740//1166 2147//1163 
f 2803//1162 2739//1164 2005//1161 
f 2802//1160 2803//1162 2150//1159 
f 2826//1158 2802//1160 2100//1157 
f 2736//1156 2826//1158 2180//1155 
f 2799//1154 2736//1156 2139//1153 
f 2733//1152 2799//1154 2138//1151 
f 2731//1150 2733//1152 2141//1149 
f 2673//1148 2731//1150 2140//1147 
f 2654//1146 2673//1148 2027//1145 
f 2652//1144 2654//1146 2026//1143 
f 2632//1142 2652//1144 2057//1141 
f 2616//1140 2632//1142 2002//1139 
f 2613//1138 2616//1140 2001//1137 
f 2614//1136 2613//1138 2028//1135 
f 2611//1134 2614//1136 2004//1133 
f 2608//1132 2611//1134 2003//1131 
f 2609//1130 2608//1132 2029//1129 
f 2628//1128 2609//1130 2096//1127 
f 2626//1126 2628//1128 2095//1125 
f 2623//1124 2626//1126 2098//1123 
f 2624//1122 2623//1124 2097//1121 
o mesh59
f 2033//1199 2032//1199 2857//1199 
f 2857//1199 2624//1199 2033//1199 
o mesh60
f 2217//1200 2676//1200 2664//1201 
f 2130//1201 2664//1201 2662//1202 
f 2131//1202 2662//1202 2660//1203 
f 2163//1203 2660//1203 2636//1204 
f 2128//1204 2636//1204 2634//1205 
f 2129//1205 2634//1205 2633//1206 
f 2078//1206 2633//1206 2741//1207 
f 2079//1207 2741//1207 2674//1208 
f 2077//1208 2674//1208 2658//1209 
f 2047//1209 2658//1209 2656//1210 
f 2048//1210 2656//1210 2655//1211 
f 2127//1211 2655//1211 2738//1212 
f 2125//1212 2738//1212 2737//1213 
f 2123//1213 2737//1213 2801//1214 
f 2121//1214 2801//1214 2800//1215 
f 2119//1215 2800//1215 2735//1216 
f 2116//1216 2735//1216 2734//1217 
f 2117//1217 2734//1217 2798//1218 
f 2114//1218 2798//1218 2732//1219 
f 2112//1219 2732//1219 2730//1220 
f 2110//1220 2730//1220 2672//1221 
f 2108//1221 2672//1221 2653//1222 
f 2076//1222 2653//1222 2651//1223 
f 2074//1223 2651//1223 2631//1224 
f 2072//1224 2631//1224 2615//1225 
f 2069//1225 2615//1225 2612//1226 
f 2070//1226 2612//1226 2630//1227 
f 2067//1227 2630//1227 2610//1228 
f 2016//1228 2610//1228 2607//1229 
f 2013//1229 2607//1229 2629//1230 
f 2014//1230 2629//1230 2627//1231 
f 2045//1231 2627//1231 2625//1232 
f 2159//1232 2625//1232 2622//1233 
f 2160//1233 2622//1233 2857//1234 
f 2857//1234 2032//1234 2160//1233 
f 2622//1233 2160//1233 2159//1232 
f 2625//1232 2159//1232 2045//1231 
f 2627//1231 2045//1231 2014//1230 
f 2629//1230 2014//1230 2013//1229 
f 2607//1229 2013//1229 2016//1228 
f 2610//1228 2016//1228 2067//1227 
f 2630//1227 2067//1227 2070//1226 
f 2612//1226 2070//1226 2069//1225 
f 2615//1225 2069//1225 2072//1224 
f 2631//1224 2072//1224 2074//1223 
f 2651//1223 2074//1223 2076//1222 
f 2653//1222 2076//1222 2108//1221 
f 2672//1221 2108//1221 2110//1220 
f 2730//1220 2110//1220 2112//1219 
f 2732//1219 2112//1219 2114//1218 
f 2798//1218 2114//1218 2117//1217 
f 2734//1217 2117//1217 2116//1216 
f 2735//1216 2116//1216 2119//1215 
f 2800//1215 2119//1215 2121//1214 
f 2801//1214 2121//1214 2123//1213 
f 2737//1213 2123//1213 2125//1212 
f 2738//1212 2125//1212 2127//1211 
f 2655//1211 2127//1211 2048//1210 
f 2656//1210 2048//1210 2047//1209 
f 2658//1209 2047//1209 2077//1208 
f 2674//1208 2077//1208 2079//1207 
f 2741//1207 2079//1207 2078//1206 
f 2633//1206 2078//1206 2129//1205 
f 2634//1205 2129//1205 2128//1204 
f 2636//1204 2128//1204 2163//1203 
f 2660//1203 2163//1203 2131//1202 
f 2662//1202 2131//1202 2130//1201 
f 2664//1201 2130//1201 2217//1200 
o mesh61
f 2262//1235 2267//1236 2599//1236 
f 2263//1237 2262//1235 2820//1238 
f 2266//1239 2263//1237 2819//1240 
f 2260//1241 2266//1239 2713//1242 
f 2261//1243 2260//1241 2712//1244 
f 2265//1245 2261//1243 2715//1246 
f 2264//1247 2265//1245 2640//1248 
f 2258//1249 2264//1247 2639//1250 
f 2259//1251 2258//1249 2642//1252 
f 2256//1253 2259//1251 2667//1254 
f 2257//1255 2256//1253 2718//1256 
f 2254//1257 2257//1255 2720//1258 
f 2255//1259 2254//1257 2722//1260 
f 2273//1261 2255//1259 2724//1262 
f 2619//1263 2374//1263 2274//1264 
f 2274//1264 2643//1265 2619//1263 
f 2274//1264 2273//1261 2643//1265 
f 2724//1262 2643//1265 2273//1261 
f 2722//1260 2724//1262 2255//1259 
f 2720//1258 2722//1260 2254//1257 
f 2718//1256 2720//1258 2257//1255 
f 2667//1254 2718//1256 2256//1253 
f 2642//1252 2667//1254 2259//1251 
f 2639//1250 2642//1252 2258//1249 
f 2640//1248 2639//1250 2264//1247 
f 2715//1246 2640//1248 2265//1245 
f 2712//1244 2715//1246 2261//1243 
f 2713//1242 2712//1244 2260//1241 
f 2819//1240 2713//1242 2266//1239 
f 2820//1238 2819//1240 2263//1237 
f 2599//1236 2820//1238 2262//1235 
o mesh62
f 1715//1266 1750//1266 2850//1266 
f 2850//1266 2849//1266 1715//1266 
o mesh63
f 1708//1267 1712//1268 2829//1268 
f 1709//1269 1708//1267 2806//1270 
f 1710//1271 1709//1269 2833//1272 
f 1711//1273 1710//1271 2749//1274 
f 2753//1275 1886//1275 1929//1276 
f 1929//1276 2751//1277 2753//1275 
f 1887//1278 1886//1275 2753//1275 
f 1885//1279 1887//1278 2754//1278 
f 1874//1280 1885//1279 2680//1279 
f 1875//1281 1874//1280 2682//1280 
f 1865//1282 1875//1281 2756//1281 
f 1930//1283 1865//1282 2757//1282 
f 1932//1284 1930//1283 2685//1283 
f 2689//1285 1736//1285 1748//1286 
f 1748//1286 2687//1287 2689//1285 
f 1722//1288 1736//1285 2689//1285 
f 1723//1289 1722//1288 2691//1288 
f 1734//1290 1723//1289 2759//1289 
f 1735//1291 1734//1290 2761//1290 
f 1747//1292 1735//1291 2763//1291 
f 1732//1293 1747//1292 2834//1292 
f 1733//1294 1732//1293 2809//1293 
f 1719//1295 1733//1294 2811//1294 
f 1720//1296 1719//1295 2836//1295 
f 1731//1297 1720//1296 2838//1296 
f 1751//1298 1731//1297 2840//1297 
f 1718//1299 1751//1298 2842//1298 
f 1746//1300 1718//1299 2844//1299 
f 1721//1301 1746//1300 2846//1300 
f 1750//1302 1721//1301 2848//1301 
f 2848//1301 2850//1302 1750//1302 
f 2846//1300 2848//1301 1721//1301 
f 2844//1299 2846//1300 1746//1300 
f 2842//1298 2844//1299 1718//1299 
f 2840//1297 2842//1298 1751//1298 
f 2838//1296 2840//1297 1731//1297 
f 2836//1295 2838//1296 1720//1296 
f 2811//1294 2836//1295 1719//1295 
f 2809//1293 2811//1294 1733//1294 
f 2834//1292 2809//1293 1732//1293 
f 2763//1291 2834//1292 1747//1292 
f 2761//1290 2763//1291 1735//1291 
f 2759//1289 2761//1290 1734//1290 
f 2691//1288 2759//1289 1723//1289 
f 2689//1285 2691//1288 1722//1288 
f 1748//1286 1932//1284 2687//1287 
f 2685//1283 2687//1287 1932//1284 
f 2757//1282 2685//1283 1930//1283 
f 2756//1281 2757//1282 1865//1282 
f 2682//1280 2756//1281 1875//1281 
f 2680//1279 2682//1280 1874//1280 
f 2754//1278 2680//1279 1885//1279 
f 2753//1275 2754//1278 1887//1278 
f 1929//1276 1711//1273 2751//1277 
f 2749//1274 2751//1277 1711//1273 
f 2833//1272 2749//1274 1710//1271 
f 2806//1270 2833//1272 1709//1269 
f 2829//1268 2806//1270 1708//1267 
o mesh64
f 1715//1303 2849//1303 2847//1304 
f 1730//1304 2847//1304 2845//1305 
f 1717//1305 2845//1305 2843//1306 
f 1716//1306 2843//1306 2841//1307 
f 1713//1307 2841//1307 2839//1308 
f 1714//1308 2839//1308 2837//1309 
f 1729//1309 2837//1309 2835//1310 
f 1727//1310 2835//1310 2810//1311 
f 1728//1311 2810//1311 2808//1312 
f 1726//1312 2808//1312 2807//1313 
f 1725//1313 2807//1313 2762//1314 
f 1744//1314 2762//1314 2760//1315 
f 1724//1315 2760//1315 2758//1316 
f 1743//1316 2758//1316 2690//1317 
f 1742//1317 2690//1317 2688//1318 
f 1741//1318 2688//1318 2686//1319 
f 1739//1319 2686//1319 2684//1320 
f 1740//1320 2684//1320 2683//1321 
f 1749//1321 2683//1321 2755//1322 
f 2755//1322 2681//1323 1738//1324 
f 2681//1323 1754//1323 1738//1324 
f 1754//1323 2681//1323 2679//1325 
f 2678//1326 1776//1326 1758//1327 
f 1758//1327 2679//1325 2678//1326 
f 1776//1326 2678//1326 2752//1328 
f 1779//1328 2752//1328 2750//1329 
f 1782//1329 2750//1329 2748//1330 
f 1775//1330 2748//1330 2747//1331 
f 1781//1331 2747//1331 2805//1332 
f 1778//1332 2805//1332 2804//1333 
f 1770//1333 2804//1333 2830//1334 
f 1771//1334 2830//1334 2832//1335 
f 1780//1335 2832//1335 2831//1336 
f 1777//1336 2831//1336 2789//1337 
f 1768//1337 2789//1337 2725//1338 
f 1766//1338 2725//1338 2618//1339 
f 2618//1339 2617//1340 1762//1341 
f 2617//1340 1787//1340 1762//1341 
f 2617//1340 2644//1342 1784//1343 
f 2644//1342 1808//1342 1784//1343 
f 1808//1342 2644//1342 2723//1344 
f 1789//1344 2723//1344 2721//1345 
f 1790//1345 2721//1345 2719//1346 
f 1800//1346 2719//1346 2717//1347 
f 1798//1347 2717//1347 2666//1348 
f 1796//1348 2666//1348 2641//1349 
f 1806//1349 2641//1349 2638//1350 
f 1793//1350 2638//1350 2716//1351 
f 1805//1351 2716//1351 2714//1352 
f 1802//1352 2714//1352 2711//1353 
f 1803//1353 2711//1353 2818//1354 
f 2818//1354 1810//1354 1803//1353 
f 2711//1353 1803//1353 1802//1352 
f 2714//1352 1802//1352 1805//1351 
f 2716//1351 1805//1351 1793//1350 
f 2638//1350 1793//1350 1806//1349 
f 2641//1349 1806//1349 1796//1348 
f 2666//1348 1796//1348 1798//1347 
f 2717//1347 1798//1347 1800//1346 
f 2719//1346 1800//1346 1790//1345 
f 2721//1345 1790//1345 1789//1344 
f 2723//1344 1789//1344 1808//1342 
f 1784//1343 1787//1340 2617//1340 
f 1762//1341 1761//1355 2618//1339 
f 2618//1339 1761//1355 1766//1338 
f 2725//1338 1766//1338 1768//1337 
f 2789//1337 1768//1337 1777//1336 
f 2831//1336 1777//1336 1780//1335 
f 2832//1335 1780//1335 1771//1334 
f 2830//1334 1771//1334 1770//1333 
f 2804//1333 1770//1333 1778//1332 
f 2805//1332 1778//1332 1781//1331 
f 2747//1331 1781//1331 1775//1330 
f 2748//1330 1775//1330 1782//1329 
f 2750//1329 1782//1329 1779//1328 
f 2752//1328 1779//1328 1776//1326 
f 1758//1327 1755//1356 2679//1325 
f 2679//1325 1755//1356 1754//1323 
f 1738//1324 1737//1357 2755//1322 
f 2755//1322 1737//1357 1749//1321 
f 2683//1321 1749//1321 1740//1320 
f 2684//1320 1740//1320 1739//1319 
f 2686//1319 1739//1319 1741//1318 
f 2688//1318 1741//1318 1742//1317 
f 2690//1317 1742//1317 1743//1316 
f 2758//1316 1743//1316 1724//1315 
f 2760//1315 1724//1315 1744//1314 
f 2762//1314 1744//1314 1725//1313 
f 2807//1313 1725//1313 1726//1312 
f 2808//1312 1726//1312 1728//1311 
f 2810//1311 1728//1311 1727//1310 
f 2835//1310 1727//1310 1729//1309 
f 2837//1309 1729//1309 1714//1308 
f 2839//1308 1714//1308 1713//1307 
f 2841//1307 1713//1307 1716//1306 
f 2843//1306 1716//1306 1717//1305 
f 2845//1305 1717//1305 1730//1304 
f 2847//1304 1730//1304 1715//1303 
o mesh65
f 1695//1358 1662//1359 2694//1359 
f 1696//1360 1695//1358 2693//1361 
f 2698//1362 2318//1362 2294//1363 
f 2294//1363 2696//1364 2698//1362 
f 2308//1365 2318//1362 2698//1362 
f 2300//1366 2308//1365 2700//1365 
f 2296//1367 2300//1366 2702//1366 
f 2290//1368 2296//1367 2704//1367 
f 2302//1369 2290//1368 2706//1368 
f 2708//1369 2813//1370 1698//1371 
f 2813//1370 1699//1370 1698//1371 
f 1704//1372 1699//1370 2813//1370 
f 1702//1373 1704//1372 2766//1372 
f 1703//1374 1702//1373 2765//1373 
f 1700//1375 1703//1374 2768//1374 
f 1701//1376 1700//1375 2770//1375 
f 1705//1377 1701//1376 2772//1376 
f 2774//1378 2276//1378 2278//1379 
f 2278//1379 2775//1380 2774//1378 
f 2277//1381 2276//1378 2774//1378 
f 2280//1382 2277//1381 2777//1381 
f 2271//1383 2280//1382 2780//1382 
f 2268//1384 2271//1383 2779//1383 
f 2269//1385 2268//1384 2782//1384 
f 2272//1386 2269//1385 2817//1385 
f 2279//1387 2272//1386 2785//1386 
f 2282//1388 2279//1387 2784//1387 
f 2283//1389 2282//1388 2710//1388 
f 2710//1388 2598//1389 2283//1389 
f 2784//1387 2710//1388 2282//1388 
f 2785//1386 2784//1387 2279//1387 
f 2817//1385 2785//1386 2272//1386 
f 2782//1384 2817//1385 2269//1385 
f 2779//1383 2782//1384 2268//1384 
f 2780//1382 2779//1383 2271//1383 
f 2777//1381 2780//1382 2280//1382 
f 2774//1378 2777//1381 2277//1381 
f 2278//1379 1705//1377 2775//1380 
f 2772//1376 2775//1380 1705//1377 
f 2770//1375 2772//1376 1701//1376 
f 2768//1374 2770//1375 1700//1375 
f 2765//1373 2768//1374 1703//1374 
f 2766//1372 2765//1373 1702//1373 
f 2813//1370 2766//1372 1704//1372 
f 1698//1371 2302//1369 2708//1369 
f 2706//1368 2708//1369 2302//1369 
f 2704//1367 2706//1368 2290//1368 
f 2702//1366 2704//1367 2296//1367 
f 2700//1365 2702//1366 2300//1366 
f 2698//1362 2700//1365 2308//1365 
f 2294//1363 1696//1360 2696//1364 
f 2693//1361 2696//1364 1696//1360 
f 2694//1359 2693//1361 1695//1358 
o mesh66
f 1773//1390 1769//1390 2825//1390 
f 2825//1390 2824//1390 1773//1390 
o mesh67
f 1809//1391 2373//1392 2854//1392 
f 1801//1393 1809//1391 2823//1394 
f 1804//1395 1801//1393 2855//1396 
f 1791//1397 1804//1395 2792//1398 
f 1792//1399 1791//1397 2793//1400 
f 1794//1401 1792//1399 2670//1402 
f 1795//1403 1794//1401 2671//1404 
f 1797//1405 1795//1403 2602//1406 
f 1807//1407 1797//1405 2604//1408 
f 1799//1409 1807//1407 2606//1410 
f 1788//1411 1799//1409 2621//1412 
f 2646//1411 2648//1413 1786//1414 
f 2648//1413 1785//1413 1786//1414 
f 2648//1413 2650//1415 1763//1416 
f 2650//1415 1764//1415 1763//1416 
f 1759//1417 1764//1415 2650//1415 
f 1760//1418 1759//1417 2727//1417 
f 1765//1419 1760//1418 2729//1418 
f 1767//1420 1765//1419 2795//1419 
f 1769//1421 1767//1420 2797//1420 
f 2797//1420 2825//1421 1769//1421 
f 2795//1419 2797//1420 1767//1420 
f 2729//1418 2795//1419 1765//1419 
f 2727//1417 2729//1418 1760//1418 
f 2650//1415 2727//1417 1759//1417 
f 1763//1416 1785//1413 2648//1413 
f 1786//1414 1788//1411 2646//1411 
f 2621//1412 2646//1411 1788//1411 
f 2606//1410 2621//1412 1799//1409 
f 2604//1408 2606//1410 1807//1407 
f 2602//1406 2604//1408 1797//1405 
f 2671//1404 2602//1406 1795//1403 
f 2670//1402 2671//1404 1794//1401 
f 2793//1400 2670//1402 1792//1399 
f 2792//1398 2793//1400 1791//1397 
f 2855//1396 2792//1398 1804//1395 
f 2823//1394 2855//1396 1801//1393 
f 2854//1392 2823//1394 1809//1391 
o mesh68
f 2694//1422 1662//1422 1666//1422 
f 1666//1422 2858//1422 2694//1422 
o mesh69
f 1773//1423 2824//1423 2796//1424 
f 1774//1424 2796//1424 2794//1425 
f 1772//1425 2794//1425 2728//1426 
f 1756//1426 2728//1426 2726//1427 
f 1757//1427 2726//1427 2649//1428 
f 2649//1428 2647//1429 1599//1430 
f 2647//1429 1597//1429 1599//1430 
f 2647//1429 2645//1431 1598//1432 
f 2645//1431 1626//1431 1598//1432 
f 1626//1431 2645//1431 2620//1433 
f 1624//1433 2620//1433 2605//1434 
f 1625//1434 2605//1434 2603//1435 
f 1623//1435 2603//1435 2601//1436 
f 1616//1436 2601//1436 2600//1437 
f 1608//1437 2600//1437 2669//1438 
f 1609//1438 2669//1438 2668//1439 
f 1622//1439 2668//1439 2791//1440 
f 1621//1440 2791//1440 2790//1441 
f 1619//1441 2790//1441 2822//1442 
f 1620//1442 2822//1442 2821//1443 
f 1617//1443 2821//1443 2853//1444 
f 1618//1444 2853//1444 2788//1445 
f 1614//1445 2788//1445 2787//1446 
f 1615//1446 2787//1446 2709//1447 
f 1606//1447 2709//1447 2786//1448 
f 1602//1448 2786//1448 2783//1449 
f 1603//1449 2783//1449 2852//1450 
f 1607//1450 2852//1450 2816//1451 
f 1611//1451 2816//1451 2781//1452 
f 1612//1452 2781//1452 2778//1453 
f 1627//1453 2778//1453 2851//1454 
f 2776//1455 1648//1455 1629//1456 
f 1629//1456 2851//1454 2776//1455 
f 1648//1455 2776//1455 2773//1457 
f 1647//1457 2773//1457 2815//1458 
f 1640//1458 2815//1458 2771//1459 
f 1643//1459 2771//1459 2769//1460 
f 1644//1460 2769//1460 2767//1461 
f 1631//1461 2767//1461 2764//1462 
f 1632//1462 2764//1462 2814//1463 
f 1637//1463 2814//1463 2812//1464 
f 1635//1464 2812//1464 2707//1465 
f 2707//1465 2705//1466 1658//1467 
f 1658//1467 1650//1468 2707//1465 
f 2705//1466 1697//1469 1658//1467 
f 1697//1469 2705//1466 2703//1470 
f 1694//1470 2703//1470 2701//1471 
f 1679//1471 2701//1471 2699//1472 
f 1680//1472 2699//1472 2697//1473 
f 1693//1473 2697//1473 2695//1474 
f 1685//1474 2695//1474 2692//1475 
f 1677//1475 2692//1475 2858//1476 
f 2858//1476 1666//1476 1677//1475 
f 2692//1475 1677//1475 1685//1474 
f 2695//1474 1685//1474 1693//1473 
f 2697//1473 1693//1473 1680//1472 
f 2699//1472 1680//1472 1679//1471 
f 2701//1471 1679//1471 1694//1470 
f 2703//1470 1694//1470 1697//1469 
f 1650//1468 1636//1477 2707//1465 
f 2707//1465 1636//1477 1635//1464 
f 2812//1464 1635//1464 1637//1463 
f 2814//1463 1637//1463 1632//1462 
f 2764//1462 1632//1462 1631//1461 
f 2767//1461 1631//1461 1644//1460 
f 2769//1460 1644//1460 1643//1459 
f 2771//1459 1643//1459 1640//1458 
f 2815//1458 1640//1458 1647//1457 
f 2773//1457 1647//1457 1648//1455 
f 1629//1456 1628//1478 2851//1454 
f 2851//1454 1628//1478 1627//1453 
f 2778//1453 1627//1453 1612//1452 
f 2781//1452 1612//1452 1611//1451 
f 2816//1451 1611//1451 1607//1450 
f 2852//1450 1607//1450 1603//1449 
f 2783//1449 1603//1449 1602//1448 
f 2786//1448 1602//1448 1606//1447 
f 2709//1447 1606//1447 1615//1446 
f 2787//1446 1615//1446 1614//1445 
f 2788//1445 1614//1445 1618//1444 
f 2853//1444 1618//1444 1617//1443 
f 2821//1443 1617//1443 1620//1442 
f 2822//1442 1620//1442 1619//1441 
f 2790//1441 1619//1441 1621//1440 
f 2791//1440 1621//1440 1622//1439 
f 2668//1439 1622//1439 1609//1438 
f 2669//1438 1609//1438 1608//1437 
f 2600//1437 1608//1437 1616//1436 
f 2601//1436 1616//1436 1623//1435 
f 2603//1435 1623//1435 1625//1434 
f 2605//1434 1625//1434 1624//1433 
f 2620//1433 1624//1433 1626//1431 
f 1598//1432 1597//1429 2647//1429 
f 1599//1430 1783//1479 2649//1428 
f 2649//1428 1783//1479 1757//1427 
f 2726//1427 1757//1427 1756//1426 
f 2728//1426 1756//1426 1772//1425 
f 2794//1425 1772//1425 1774//1424 
f 2796//1424 1774//1424 1773//1423 
o mesh70
f 2859//1480 2247//1480 2024//1480 
f 2024//1480 2860//1480 2859//1480 
o mesh71
f 2860//1481 2024//1481 2023//1481 
f 2023//1481 2861//1481 2860//1481 
o mesh72
f 2861//1482 2023//1482 2103//1482 
f 2103//1482 2862//1482 2861//1482 
o mesh73
f 2862//1483 2103//1483 2247//1483 
f 2247//1483 2859//1483 2862//1483 
o mesh74
f 2862//1484 2859//1484 2860//1484 
f 2860//1484 2861//1484 2862//1484 
o mesh75
f 1863//1485 1884//1486 2863//1486 
f 1864//1487 1863//1485 2864//1488 
f 1861//1489 1864//1487 2865//1490 
f 1862//1491 1861//1489 2866//1492 
f 1853//1493 1862//1491 2867//1494 
f 1967//1495 1853//1493 2868//1496 
f 1966//1497 1967//1495 2869//1498 
f 1950//1499 1966//1497 2870//1500 
f 1951//1501 1950//1499 2871//1502 
f 1948//1503 1951//1501 2872//1504 
f 1949//1505 1948//1503 2873//1506 
f 1947//1507 1949//1505 2874//1508 
f 1913//1509 1947//1507 2875//1510 
f 1899//1511 1913//1509 2876//1512 
f 1879//1513 1899//1511 2877//1514 
f 1880//1515 1879//1513 2878//1516 
f 1945//1517 1880//1515 2879//1518 
f 1946//1519 1945//1517 2880//1520 
f 1943//1521 1946//1519 2881//1522 
f 1944//1523 1943//1521 2882//1524 
f 1964//1525 1944//1523 2883//1526 
f 1965//1527 1964//1525 2884//1528 
f 1963//1529 1965//1527 2885//1530 
f 1941//1531 1963//1529 2886//1532 
f 1942//1533 1941//1531 2887//1534 
f 1939//1535 1942//1533 2888//1536 
f 1940//1537 1939//1535 2889//1538 
f 1962//1539 1940//1537 2890//1540 
f 1960//1541 1962//1539 2891//1542 
f 1961//1543 1960//1541 2892//1544 
f 1955//1545 1961//1543 2893//1546 
f 1920//1547 1955//1545 2894//1548 
f 1953//1549 1920//1547 2895//1550 
f 1954//1551 1953//1549 2896//1552 
f 1918//1553 1954//1551 2897//1554 
f 1919//1555 1918//1553 2898//1556 
f 1916//1557 1919//1555 2899//1558 
f 1917//1559 1916//1557 2900//1560 
f 1952//1561 1917//1559 2901//1562 
f 1915//1563 1952//1561 2902//1564 
f 2903//1565 1812//1565 1811//1566 
f 1811//1566 2904//1567 2903//1565 
f 2905//1568 1814//1568 1817//1569 
f 1817//1569 2903//1565 2905//1568 
f 1817//1569 1812//1565 2903//1565 
f 1811//1566 1915//1563 2904//1567 
f 2902//1564 2904//1567 1915//1563 
f 2901//1562 2902//1564 1952//1561 
f 2900//1560 2901//1562 1917//1559 
f 2899//1558 2900//1560 1916//1557 
f 2898//1556 2899//1558 1919//1555 
f 2897//1554 2898//1556 1918//1553 
f 2896//1552 2897//1554 1954//1551 
f 2895//1550 2896//1552 1953//1549 
f 2894//1548 2895//1550 1920//1547 
f 2893//1546 2894//1548 1955//1545 
f 2892//1544 2893//1546 1961//1543 
f 2891//1542 2892//1544 1960//1541 
f 2890//1540 2891//1542 1962//1539 
f 2889//1538 2890//1540 1940//1537 
f 2888//1536 2889//1538 1939//1535 
f 2887//1534 2888//1536 1942//1533 
f 2886//1532 2887//1534 1941//1531 
f 2885//1530 2886//1532 1963//1529 
f 2884//1528 2885//1530 1965//1527 
f 2883//1526 2884//1528 1964//1525 
f 2882//1524 2883//1526 1944//1523 
f 2881//1522 2882//1524 1943//1521 
f 2880//1520 2881//1522 1946//1519 
f 2879//1518 2880//1520 1945//1517 
f 2878//1516 2879//1518 1880//1515 
f 2877//1514 2878//1516 1879//1513 
f 2876//1512 2877//1514 1899//1511 
f 2875//1510 2876//1512 1913//1509 
f 2874//1508 2875//1510 1947//1507 
f 2873//1506 2874//1508 1949//1505 
f 2872//1504 2873//1506 1948//1503 
f 2871//1502 2872//1504 1951//1501 
f 2870//1500 2871//1502 1950//1499 
f 2869//1498 2870//1500 1966//1497 
f 2868//1496 2869//1498 1967//1495 
f 2867//1494 2868//1496 1853//1493 
f 2866//1492 2867//1494 1862//1491 
f 2865//1490 2866//1492 1861//1489 
f 2864//1488 2865//1490 1864//1487 
f 2863//1486 2864//1488 1863//1485 
o mesh76
f 2863//1570 1884//1570 1867//1570 
f 1867//1570 2906//1570 2863//1570 
o mesh77
f 1828//1571 2907//1571 2908//1572 
f 1829//1572 2908//1572 2909//1573 
f 1842//1573 2909//1573 2910//1574 
f 1839//1574 2910//1574 2911//1575 
f 1840//1575 2911//1575 2912//1576 
f 1834//1576 2912//1576 2913//1577 
f 1832//1577 2913//1577 2914//1578 
f 2915//1579 1912//1579 1820//1580 
f 1820//1580 2914//1578 2915//1579 
f 1912//1579 2915//1579 2916//1581 
f 1938//1581 2916//1581 2917//1582 
f 1959//1582 2917//1582 2918//1583 
f 1958//1583 2918//1583 2919//1584 
f 1937//1584 2919//1584 2920//1585 
f 1898//1585 2920//1585 2921//1586 
f 1896//1586 2921//1586 2922//1587 
f 1897//1587 2922//1587 2923//1588 
f 1969//1588 2923//1588 2924//1589 
f 1893//1589 2924//1589 2925//1590 
f 1894//1590 2925//1590 2926//1591 
f 1911//1591 2926//1591 2927//1592 
f 1909//1592 2927//1592 2928//1593 
f 1910//1593 2928//1593 2929//1594 
f 1891//1594 2929//1594 2930//1595 
f 1892//1595 2930//1595 2931//1596 
f 1889//1596 2931//1596 2932//1597 
f 1890//1597 2932//1597 2933//1598 
f 1888//1598 2933//1598 2934//1599 
f 1872//1599 2934//1599 2935//1600 
f 1873//1600 2935//1600 2936//1601 
f 1877//1601 2936//1601 2937//1602 
f 1870//1602 2937//1602 2938//1603 
f 1871//1603 2938//1603 2939//1604 
f 1876//1604 2939//1604 2940//1605 
f 1868//1605 2940//1605 2941//1606 
f 1869//1606 2941//1606 2942//1607 
f 1935//1607 2942//1607 2943//1608 
f 1936//1608 2943//1608 2944//1609 
f 1907//1609 2944//1609 2945//1610 
f 1908//1610 2945//1610 2946//1611 
f 1934//1611 2946//1611 2947//1612 
f 1933//1612 2947//1612 2948//1613 
f 1931//1613 2948//1613 2949//1614 
f 1866//1614 2949//1614 2906//1615 
f 2906//1615 1867//1615 1866//1614 
f 2949//1614 1866//1614 1931//1613 
f 2948//1613 1931//1613 1933//1612 
f 2947//1612 1933//1612 1934//1611 
f 2946//1611 1934//1611 1908//1610 
f 2945//1610 1908//1610 1907//1609 
f 2944//1609 1907//1609 1936//1608 
f 2943//1608 1936//1608 1935//1607 
f 2942//1607 1935//1607 1869//1606 
f 2941//1606 1869//1606 1868//1605 
f 2940//1605 1868//1605 1876//1604 
f 2939//1604 1876//1604 1871//1603 
f 2938//1603 1871//1603 1870//1602 
f 2937//1602 1870//1602 1877//1601 
f 2936//1601 1877//1601 1873//1600 
f 2935//1600 1873//1600 1872//1599 
f 2934//1599 1872//1599 1888//1598 
f 2933//1598 1888//1598 1890//1597 
f 2932//1597 1890//1597 1889//1596 
f 2931//1596 1889//1596 1892//1595 
f 2930//1595 1892//1595 1891//1594 
f 2929//1594 1891//1594 1910//1593 
f 2928//1593 1910//1593 1909//1592 
f 2927//1592 1909//1592 1911//1591 
f 2926//1591 1911//1591 1894//1590 
f 2925//1590 1894//1590 1893//1589 
f 2924//1589 1893//1589 1969//1588 
f 2923//1588 1969//1588 1897//1587 
f 2922//1587 1897//1587 1896//1586 
f 2921//1586 1896//1586 1898//1585 
f 2920//1585 1898//1585 1937//1584 
f 2919//1584 1937//1584 1958//1583 
f 2918//1583 1958//1583 1959//1582 
f 2917//1582 1959//1582 1938//1581 
f 2916//1581 1938//1581 1912//1579 
f 1820//1580 1819//1616 2914//1578 
f 2914//1578 1819//1616 1832//1577 
f 2913//1577 1832//1577 1834//1576 
f 2912//1576 1834//1576 1840//1575 
f 2911//1575 1840//1575 1839//1574 
f 2910//1574 1839//1574 1842//1573 
f 2909//1573 1842//1573 1829//1572 
f 2908//1572 1829//1572 1828//1571 
o mesh78
f 2905//1617 2907//1617 1815//1617 
f 2907//1617 1828//1617 1815//1617 
f 1815//1617 1814//1617 2905//1617 
o mesh79
f 2947//1618 2866//1618 2865//1618 
f 2946//1618 2867//1618 2866//1618 
f 2938//1618 2875//1618 2874//1618 
f 2937//1618 2876//1618 2875//1618 
f 2866//1618 2947//1618 2946//1618 
f 2945//1618 2868//1618 2867//1618 
f 2875//1618 2938//1618 2937//1618 
f 2936//1618 2877//1618 2876//1618 
f 2867//1618 2946//1618 2945//1618 
f 2944//1618 2869//1618 2868//1618 
f 2943//1618 2870//1618 2869//1618 
f 2942//1618 2871//1618 2870//1618 
f 2876//1618 2937//1618 2936//1618 
f 2935//1618 2878//1618 2877//1618 
f 2917//1618 2916//1618 2896//1618 
f 2916//1618 2915//1618 2897//1618 
f 2948//1618 2865//1618 2864//1618 
f 2868//1618 2945//1618 2944//1618 
f 2870//1618 2943//1618 2942//1618 
f 2941//1618 2872//1618 2871//1618 
f 2877//1618 2936//1618 2935//1618 
f 2934//1618 2879//1618 2878//1618 
f 2933//1618 2880//1618 2879//1618 
f 2932//1618 2881//1618 2880//1618 
f 2918//1618 2917//1618 2895//1618 
f 2897//1618 2896//1618 2916//1618 
f 2865//1618 2948//1618 2947//1618 
f 2871//1618 2942//1618 2941//1618 
f 2940//1618 2873//1618 2872//1618 
f 2939//1618 2874//1618 2873//1618 
f 2878//1618 2935//1618 2934//1618 
f 2880//1618 2933//1618 2932//1618 
f 2931//1618 2882//1618 2881//1618 
f 2930//1618 2883//1618 2882//1618 
f 2927//1618 2926//1618 2886//1618 
f 2926//1618 2925//1618 2887//1618 
f 2921//1618 2920//1618 2892//1618 
f 2920//1618 2919//1618 2893//1618 
f 2919//1618 2918//1618 2894//1618 
f 2896//1618 2895//1618 2917//1618 
f 2913//1618 2912//1618 2900//1618 
f 2912//1618 2911//1618 2901//1618 
f 2911//1618 2910//1618 2902//1618 
f 2910//1618 2909//1618 2904//1618 
f 2869//1618 2944//1618 2943//1618 
f 2873//1618 2940//1618 2939//1618 
f 2879//1618 2934//1618 2933//1618 
f 2882//1618 2931//1618 2930//1618 
f 2887//1618 2886//1618 2926//1618 
f 2925//1618 2924//1618 2888//1618 
f 2924//1618 2923//1618 2889//1618 
f 2923//1618 2922//1618 2890//1618 
f 2893//1618 2892//1618 2920//1618 
f 2895//1618 2894//1618 2918//1618 
f 2915//1618 2914//1618 2898//1618 
f 2914//1618 2913//1618 2899//1618 
f 2901//1618 2900//1618 2912//1618 
f 2904//1618 2902//1618 2910//1618 
f 2872//1618 2941//1618 2940//1618 
f 2881//1618 2932//1618 2931//1618 
f 2928//1618 2927//1618 2885//1618 
f 2888//1618 2887//1618 2925//1618 
f 2890//1618 2889//1618 2923//1618 
f 2922//1618 2921//1618 2891//1618 
f 2894//1618 2893//1618 2919//1618 
f 2899//1618 2898//1618 2914//1618 
f 2902//1618 2901//1618 2911//1618 
f 2949//1618 2864//1618 2863//1618 
f 2874//1618 2939//1618 2938//1618 
f 2929//1618 2884//1618 2883//1618 
f 2884//1618 2929//1618 2928//1618 
f 2889//1618 2888//1618 2924//1618 
f 2892//1618 2891//1618 2921//1618 
f 2900//1618 2899//1618 2913//1618 
f 2909//1618 2908//1618 2903//1618 
f 2864//1618 2949//1618 2948//1618 
f 2885//1618 2884//1618 2928//1618 
f 2891//1618 2890//1618 2922//1618 
f 2903//1618 2904//1618 2909//1618 
f 2883//1618 2930//1618 2929//1618 
f 2898//1618 2897//1618 2915//1618 
f 2886//1618 2885//1618 2927//1618 
f 2908//1618 2907//1618 2905//1618 
f 2905//1618 2903//1618 2908//1618 
f 2863//1618 2906//1618 2949//1618 
o mesh80
f 1882//1619 1921//1620 2950//1620 
f 1883//1621 1882//1619 2951//1622 
f 1844//1623 1883//1621 2952//1624 
f 1860//1625 1844//1623 2953//1626 
f 1851//1627 1860//1625 2954//1628 
f 1848//1629 1851//1627 2955//1630 
f 1849//1631 1848//1629 2956//1632 
f 1859//1633 1849//1631 2957//1634 
f 1847//1635 1859//1633 2958//1636 
f 1852//1637 1847//1635 2959//1638 
f 1857//1639 1852//1637 2960//1640 
f 1858//1641 1857//1639 2961//1642 
f 1856//1643 1858//1641 2962//1644 
f 1845//1645 1856//1643 2963//1646 
f 1846//1647 1845//1645 2964//1648 
f 1850//1649 1846//1647 2965//1650 
f 1881//1651 1850//1649 2966//1652 
f 1914//1653 1881//1651 2967//1654 
f 2967//1654 2968//1653 1914//1653 
f 2966//1652 2967//1654 1881//1651 
f 2965//1650 2966//1652 1850//1649 
f 2964//1648 2965//1650 1846//1647 
f 2963//1646 2964//1648 1845//1645 
f 2962//1644 2963//1646 1856//1643 
f 2961//1642 2962//1644 1858//1641 
f 2960//1640 2961//1642 1857//1639 
f 2959//1638 2960//1640 1852//1637 
f 2958//1636 2959//1638 1847//1635 
f 2957//1634 2958//1636 1859//1633 
f 2956//1632 2957//1634 1849//1631 
f 2955//1630 2956//1632 1848//1629 
f 2954//1628 2955//1630 1851//1627 
f 2953//1626 2954//1628 1860//1625 
f 2952//1624 2953//1626 1844//1623 
f 2951//1622 2952//1624 1883//1621 
f 2950//1620 2951//1622 1882//1619 
o mesh81
f 2950//1655 1921//1655 1855//1655 
f 1855//1655 2969//1655 2950//1655 
o mesh82
f 1878//1656 2970//1656 2971//1657 
f 1928//1657 2971//1657 2972//1658 
f 1957//1658 2972//1658 2973//1659 
f 1956//1659 2973//1659 2974//1660 
f 1926//1660 2974//1660 2975//1661 
f 1927//1661 2975//1661 2976//1662 
f 1924//1662 2976//1662 2977//1663 
f 1925//1663 2977//1663 2978//1664 
f 1905//1664 2978//1664 2979//1665 
f 1906//1665 2979//1665 2980//1666 
f 1903//1666 2980//1666 2981//1667 
f 1904//1667 2981//1667 2982//1668 
f 1901//1668 2982//1668 2983//1669 
f 1902//1669 2983//1669 2984//1670 
f 1923//1670 2984//1670 2985//1671 
f 1922//1671 2985//1671 2986//1672 
f 1900//1672 2986//1672 2987//1673 
f 1854//1673 2987//1673 2969//1674 
f 2969//1674 1855//1674 1854//1673 
f 2987//1673 1854//1673 1900//1672 
f 2986//1672 1900//1672 1922//1671 
f 2985//1671 1922//1671 1923//1670 
f 2984//1670 1923//1670 1902//1669 
f 2983//1669 1902//1669 1901//1668 
f 2982//1668 1901//1668 1904//1667 
f 2981//1667 1904//1667 1903//1666 
f 2980//1666 1903//1666 1906//1665 
f 2979//1665 1906//1665 1905//1664 
f 2978//1664 1905//1664 1925//1663 
f 2977//1663 1925//1663 1924//1662 
f 2976//1662 1924//1662 1927//1661 
f 2975//1661 1927//1661 1926//1660 
f 2974//1660 1926//1660 1956//1659 
f 2973//1659 1956//1659 1957//1658 
f 2972//1658 1957//1658 1928//1657 
f 2971//1657 1928//1657 1878//1656 
o mesh83
f 1878//1675 1914//1675 2968//1675 
f 2968//1675 2970//1675 1878//1675 
o mesh84
f 2983//1676 2955//1676 2954//1676 
f 2982//1676 2956//1676 2955//1676 
f 2975//1676 2963//1676 2962//1676 
f 2974//1676 2964//1676 2963//1676 
f 2971//1676 2967//1676 2966//1676 
f 2971//1676 2970//1676 2968//1676 
f 2955//1676 2983//1676 2982//1676 
f 2981//1676 2957//1676 2956//1676 
f 2963//1676 2975//1676 2974//1676 
f 2973//1676 2965//1676 2964//1676 
f 2972//1676 2966//1676 2965//1676 
f 2968//1676 2967//1676 2971//1676 
f 2956//1676 2982//1676 2981//1676 
f 2980//1676 2958//1676 2957//1676 
f 2979//1676 2959//1676 2958//1676 
f 2978//1676 2960//1676 2959//1676 
f 2977//1676 2961//1676 2960//1676 
f 2976//1676 2962//1676 2961//1676 
f 2964//1676 2974//1676 2973//1676 
f 2966//1676 2972//1676 2971//1676 
f 2987//1676 2951//1676 2950//1676 
f 2986//1676 2952//1676 2951//1676 
f 2985//1676 2953//1676 2952//1676 
f 2984//1676 2954//1676 2953//1676 
f 2957//1676 2981//1676 2980//1676 
f 2959//1676 2979//1676 2978//1676 
f 2961//1676 2977//1676 2976//1676 
f 2965//1676 2973//1676 2972//1676 
f 2951//1676 2987//1676 2986//1676 
f 2953//1676 2985//1676 2984//1676 
f 2958//1676 2980//1676 2979//1676 
f 2962//1676 2976//1676 2975//1676 
f 2952//1676 2986//1676 2985//1676 
f 2960//1676 2978//1676 2977//1676 
f 2954//1676 2984//1676 2983//1676 
f 2950//1676 2969//1676 2987//1676 
o mesh85
f 2056//1677 2025//1678 2988//1678 
f 2094//1679 2056//1677 2989//1680 
f 2137//1681 2094//1679 2990//1682 
f 2054//1683 2137//1681 2991//1684 
f 2055//1685 2054//1683 2992//1686 
f 2052//1687 2055//1685 2993//1688 
f 2053//1689 2052//1687 2994//1690 
f 2092//1691 2053//1689 2995//1692 
f 2093//1693 2092//1691 2996//1694 
f 2090//1695 2093//1693 2997//1696 
f 2091//1697 2090//1695 2998//1698 
f 2089//1699 2091//1697 2999//1700 
f 2050//1701 2089//1699 3000//1702 
f 2051//1703 2050//1701 3001//1704 
f 2178//1705 2051//1703 3002//1706 
f 2146//1707 2178//1705 3003//1708 
f 2042//1709 2146//1707 3004//1710 
f 2043//1711 2042//1709 3005//1712 
f 2065//1713 2043//1711 3006//1714 
f 2041//1715 2065//1713 3007//1716 
f 2010//1717 2041//1715 3008//1718 
f 2011//1719 2010//1717 3009//1720 
f 2064//1721 2011//1719 3010//1722 
f 2039//1723 2064//1721 3011//1724 
f 2040//1725 2039//1723 3012//1726 
f 2063//1727 2040//1725 3013//1728 
f 2102//1729 2063//1727 3014//1730 
f 2037//1731 2102//1729 3015//1732 
f 2038//1733 2037//1731 3016//1734 
f 2036//1735 2038//1733 3017//1736 
f 2008//1737 2036//1735 3018//1738 
f 2009//1739 2008//1737 3019//1740 
f 2062//1741 2009//1739 3020//1742 
f 2035//1743 2062//1741 3021//1744 
f 2006//1745 2035//1743 3022//1746 
f 2007//1747 2006//1745 3023//1748 
f 2149//1749 2007//1747 3024//1750 
f 2101//1751 2149//1749 3025//1752 
f 2000//1753 2101//1751 3026//1754 
f 3026//1754 3027//1753 2000//1753 
f 3025//1752 3026//1754 2101//1751 
f 3024//1750 3025//1752 2149//1749 
f 3023//1748 3024//1750 2007//1747 
f 3022//1746 3023//1748 2006//1745 
f 3021//1744 3022//1746 2035//1743 
f 3020//1742 3021//1744 2062//1741 
f 3019//1740 3020//1742 2009//1739 
f 3018//1738 3019//1740 2008//1737 
f 3017//1736 3018//1738 2036//1735 
f 3016//1734 3017//1736 2038//1733 
f 3015//1732 3016//1734 2037//1731 
f 3014//1730 3015//1732 2102//1729 
f 3013//1728 3014//1730 2063//1727 
f 3012//1726 3013//1728 2040//1725 
f 3011//1724 3012//1726 2039//1723 
f 3010//1722 3011//1724 2064//1721 
f 3009//1720 3010//1722 2011//1719 
f 3008//1718 3009//1720 2010//1717 
f 3007//1716 3008//1718 2041//1715 
f 3006//1714 3007//1716 2065//1713 
f 3005//1712 3006//1714 2043//1711 
f 3004//1710 3005//1712 2042//1709 
f 3003//1708 3004//1710 2146//1707 
f 3002//1706 3003//1708 2178//1705 
f 3001//1704 3002//1706 2051//1703 
f 3000//1702 3001//1704 2050//1701 
f 2999//1700 3000//1702 2089//1699 
f 2998//1698 2999//1700 2091//1697 
f 2997//1696 2998//1698 2090//1695 
f 2996//1694 2997//1696 2093//1693 
f 2995//1692 2996//1694 2092//1691 
f 2994//1690 2995//1692 2053//1689 
f 2993//1688 2994//1690 2052//1687 
f 2992//1686 2993//1688 2055//1685 
f 2991//1684 2992//1686 2054//1683 
f 2990//1682 2991//1684 2137//1681 
f 2989//1680 2990//1682 2094//1679 
f 2988//1678 2989//1680 2056//1677 
o mesh86
f 3028//1755 3029//1755 3030//1755 
f 3031//1755 3032//1755 3029//1755 
f 3033//1755 3034//1755 3035//1755 
f 3036//1755 3037//1755 3034//1755 
f 3038//1755 3030//1755 3037//1755 
f 3029//1755 3028//1755 3031//1755 
f 3039//1755 3040//1755 3032//1755 
f 3041//1755 3042//1755 3040//1755 
f 3034//1755 3033//1755 3036//1755 
f 3030//1755 3038//1755 3028//1755 
f 3040//1755 3039//1755 3041//1755 
f 3043//1755 3044//1755 3042//1755 
f 3045//1755 3046//1755 3044//1755 
f 3047//1755 3048//1755 3046//1755 
f 3049//1755 3050//1755 3005//1755 
f 3051//1755 3052//1755 3008//1755 
f 3052//1755 3053//1755 3009//1755 
f 3037//1755 3036//1755 3038//1755 
f 3042//1755 3041//1755 3043//1755 
f 3046//1755 3045//1755 3047//1755 
f 3054//1755 3055//1755 3048//1755 
f 3004//1755 3056//1755 3049//1755 
f 3050//1755 3057//1755 3006//1755 
f 3057//1755 3051//1755 3007//1755 
f 3009//1755 3008//1755 3052//1755 
f 3058//1755 3035//1755 3059//1755 
f 3032//1755 3031//1755 3039//1755 
f 3048//1755 3047//1755 3054//1755 
f 3060//1755 3061//1755 3062//1755 
f 3063//1755 3064//1755 3061//1755 
f 3065//1755 3066//1755 3067//1755 
f 3068//1755 3069//1755 3066//1755 
f 3006//1755 3005//1755 3050//1755 
f 3008//1755 3007//1755 3051//1755 
f 3070//1755 3071//1755 3012//1755 
f 3071//1755 3072//1755 3013//1755 
f 3073//1755 3074//1755 3016//1755 
f 3074//1755 3075//1755 3017//1755 
f 3076//1755 3077//1755 3021//1755 
f 3059//1755 3078//1755 3058//1755 
f 3044//1755 3043//1755 3045//1755 
f 3079//1755 3062//1755 3055//1755 
f 3061//1755 3060//1755 3063//1755 
f 3080//1755 3067//1755 3064//1755 
f 3066//1755 3065//1755 3068//1755 
f 3081//1755 2992//1755 2991//1755 
f 3082//1755 2993//1755 2992//1755 
f 3083//1755 3000//1755 2999//1755 
f 3084//1755 3001//1755 3000//1755 
f 3007//1755 3006//1755 3057//1755 
f 3053//1755 3085//1755 3010//1755 
f 3085//1755 3070//1755 3011//1755 
f 3013//1755 3012//1755 3071//1755 
f 3086//1755 3073//1755 3015//1755 
f 3017//1755 3016//1755 3074//1755 
f 3075//1755 3087//1755 3018//1755 
f 3087//1755 3088//1755 3019//1755 
f 3077//1755 3022//1755 3021//1755 
f 3089//1755 3090//1755 3091//1755 
f 3090//1755 3092//1755 3093//1755 
f 3035//1755 3058//1755 3033//1755 
f 3062//1755 3079//1755 3060//1755 
f 3067//1755 3080//1755 3065//1755 
f 3094//1755 3095//1755 3069//1755 
f 3096//1755 2989//1755 2988//1755 
f 3097//1755 2990//1755 2989//1755 
f 3098//1755 2991//1755 2990//1755 
f 2992//1755 3081//1755 3082//1755 
f 3099//1755 2994//1755 2993//1755 
f 3100//1755 2995//1755 2994//1755 
f 3101//1755 2996//1755 2995//1755 
f 3102//1755 2997//1755 2996//1755 
f 3000//1755 3083//1755 3084//1755 
f 3103//1755 3002//1755 3001//1755 
f 3104//1755 3003//1755 3002//1755 
f 3056//1755 3004//1755 3003//1755 
f 3010//1755 3009//1755 3053//1755 
f 3012//1755 3011//1755 3070//1755 
f 3072//1755 3086//1755 3014//1755 
f 3016//1755 3015//1755 3073//1755 
f 3019//1755 3018//1755 3087//1755 
f 3088//1755 3076//1755 3020//1755 
f 3077//1755 3023//1755 3022//1755 
f 3105//1755 3089//1755 3106//1755 
f 3093//1755 3091//1755 3090//1755 
f 3055//1755 3054//1755 3079//1755 
f 3069//1755 3068//1755 3094//1755 
f 3107//1755 3108//1755 3095//1755 
f 3109//1755 3110//1755 3108//1755 
f 2989//1755 3096//1755 3097//1755 
f 2991//1755 3098//1755 3081//1755 
f 2994//1755 3099//1755 3100//1755 
f 2996//1755 3101//1755 3102//1755 
f 3001//1755 3084//1755 3103//1755 
f 3003//1755 3104//1755 3056//1755 
f 3011//1755 3010//1755 3085//1755 
f 3015//1755 3014//1755 3086//1755 
f 3020//1755 3019//1755 3088//1755 
f 3077//1755 3024//1755 3023//1755 
f 3111//1755 3112//1755 3113//1755 
f 3112//1755 3114//1755 3115//1755 
f 3114//1755 3116//1755 3117//1755 
f 3116//1755 3118//1755 3119//1755 
f 3120//1755 3121//1755 3122//1755 
f 3121//1755 3123//1755 3124//1755 
f 3123//1755 3125//1755 3126//1755 
f 3125//1755 3127//1755 3128//1755 
f 3129//1755 3130//1755 3131//1755 
f 3130//1755 3105//1755 3132//1755 
f 3091//1755 3106//1755 3089//1755 
f 3092//1755 3078//1755 3133//1755 
f 3064//1755 3063//1755 3080//1755 
f 3108//1755 3107//1755 3109//1755 
f 2990//1755 3097//1755 3098//1755 
f 2995//1755 3100//1755 3101//1755 
f 3134//1755 2998//1755 2997//1755 
f 3135//1755 2999//1755 2998//1755 
f 3002//1755 3103//1755 3104//1755 
f 3014//1755 3013//1755 3072//1755 
f 3021//1755 3020//1755 3076//1755 
f 3077//1755 3026//1755 3025//1755 
f 3115//1755 3113//1755 3112//1755 
f 3119//1755 3117//1755 3116//1755 
f 3118//1755 3120//1755 3136//1755 
f 3124//1755 3122//1755 3121//1755 
f 3128//1755 3126//1755 3125//1755 
f 3127//1755 3137//1755 3138//1755 
f 3139//1755 3129//1755 3140//1755 
f 3132//1755 3131//1755 3130//1755 
f 3133//1755 3093//1755 3092//1755 
f 3095//1755 3094//1755 3107//1755 
f 2993//1755 3082//1755 3099//1755 
f 2998//1755 3134//1755 3135//1755 
f 3005//1755 3004//1755 3049//1755 
f 3025//1755 3024//1755 3077//1755 
f 3141//1755 3111//1755 3142//1755 
f 3117//1755 3115//1755 3114//1755 
f 3122//1755 3136//1755 3120//1755 
f 3138//1755 3128//1755 3127//1755 
f 3137//1755 3143//1755 3144//1755 
f 3143//1755 3139//1755 3145//1755 
f 3131//1755 3140//1755 3129//1755 
f 3059//1755 3133//1755 3078//1755 
f 3077//1755 3146//1755 3147//1755 
f 2997//1755 3102//1755 3134//1755 
f 3018//1755 3017//1755 3075//1755 
f 3148//1755 3149//1755 3150//1755 
f 3113//1755 3142//1755 3111//1755 
f 3126//1755 3124//1755 3123//1755 
f 3145//1755 3144//1755 3143//1755 
f 3106//1755 3132//1755 3105//1755 
f 3147//1755 3148//1755 3077//1755 
f 3077//1755 3151//1755 3152//1755 
f 2999//1755 3135//1755 3083//1755 
f 3153//1755 3141//1755 3154//1755 
f 3148//1755 3147//1755 3149//1755 
f 3136//1755 3119//1755 3118//1755 
f 3140//1755 3145//1755 3139//1755 
f 3152//1755 3146//1755 3077//1755 
f 3077//1755 3027//1755 3026//1755 
f 3150//1755 3153//1755 3148//1755 
f 3144//1755 3138//1755 3137//1755 
f 2988//1755 3155//1755 3096//1755 
f 3142//1755 3154//1755 3141//1755 
f 3154//1755 3148//1755 3153//1755 
f 3148//1755 3027//1755 3077//1755 
o mesh87
f 2025//1756 2211//1756 3155//1756 
f 3155//1756 2988//1756 2025//1756 
o mesh88
f 2222//1757 3077//1757 3076//1758 
f 2172//1758 3076//1758 3088//1759 
f 2173//1759 3088//1759 3087//1760 
f 2170//1760 3087//1760 3075//1761 
f 2171//1761 3075//1761 3074//1762 
f 2197//1762 3074//1762 3073//1763 
f 2168//1763 3073//1763 3086//1764 
f 2169//1764 3086//1764 3072//1765 
f 2167//1765 3072//1765 3071//1766 
f 2134//1766 3071//1766 3070//1767 
f 2135//1767 3070//1767 3085//1768 
f 2166//1768 3085//1768 3053//1769 
f 2085//1769 3053//1769 3052//1770 
f 2086//1770 3052//1770 3051//1771 
f 2083//1771 3051//1771 3057//1772 
f 2084//1772 3057//1772 3050//1773 
f 2165//1773 3050//1773 3049//1774 
f 2133//1774 3049//1774 3056//1775 
f 2196//1775 3056//1775 3104//1776 
f 2194//1776 3104//1776 3103//1777 
f 2195//1777 3103//1777 3084//1778 
f 2220//1778 3084//1778 3083//1779 
f 2221//1779 3083//1779 3135//1780 
f 2192//1780 3135//1780 3134//1781 
f 2193//1781 3134//1781 3102//1782 
f 2191//1782 3102//1782 3101//1783 
f 2164//1783 3101//1783 3100//1784 
f 2080//1784 3100//1784 3099//1785 
f 2081//1785 3099//1785 3082//1786 
f 2132//1786 3082//1786 3081//1787 
f 2218//1787 3081//1787 3098//1788 
f 2219//1788 3098//1788 3097//1789 
f 2239//1789 3097//1789 3096//1790 
f 2253//1790 3096//1790 3155//1791 
f 3155//1791 2211//1791 2253//1790 
f 3096//1790 2253//1790 2239//1789 
f 3097//1789 2239//1789 2219//1788 
f 3098//1788 2219//1788 2218//1787 
f 3081//1787 2218//1787 2132//1786 
f 3082//1786 2132//1786 2081//1785 
f 3099//1785 2081//1785 2080//1784 
f 3100//1784 2080//1784 2164//1783 
f 3101//1783 2164//1783 2191//1782 
f 3102//1782 2191//1782 2193//1781 
f 3134//1781 2193//1781 2192//1780 
f 3135//1780 2192//1780 2221//1779 
f 3083//1779 2221//1779 2220//1778 
f 3084//1778 2220//1778 2195//1777 
f 3103//1777 2195//1777 2194//1776 
f 3104//1776 2194//1776 2196//1775 
f 3056//1775 2196//1775 2133//1774 
f 3049//1774 2133//1774 2165//1773 
f 3050//1773 2165//1773 2084//1772 
f 3057//1772 2084//1772 2083//1771 
f 3051//1771 2083//1771 2086//1770 
f 3052//1770 2086//1770 2085//1769 
f 3053//1769 2085//1769 2166//1768 
f 3085//1768 2166//1768 2135//1767 
f 3070//1767 2135//1767 2134//1766 
f 3071//1766 2134//1766 2167//1765 
f 3072//1765 2167//1765 2169//1764 
f 3086//1764 2169//1764 2168//1763 
f 3073//1763 2168//1763 2197//1762 
f 3074//1762 2197//1762 2171//1761 
f 3075//1761 2171//1761 2170//1760 
f 3087//1760 2170//1760 2173//1759 
f 3088//1759 2173//1759 2172//1758 
f 3076//1758 2172//1758 2222//1757 
o mesh89
f 3077//1792 2222//1792 2082//1792 
f 2082//1792 3151//1792 3077//1792 
o mesh90
f 3148//1793 2179//1793 2000//1793 
f 2000//1793 3027//1793 3148//1793 
o mesh91
f 3109//1794 2250//1794 2046//1794 
f 2046//1794 3110//1794 3109//1794 
o mesh92
f 2144//1795 2179//1796 3148//1796 
f 2145//1797 2144//1795 3154//1798 
f 2142//1799 2145//1797 3142//1800 
f 2143//1801 2142//1799 3113//1802 
f 2060//1803 2143//1801 3115//1804 
f 2061//1805 2060//1803 3117//1806 
f 2099//1807 2061//1805 3119//1808 
f 2059//1809 2099//1807 3136//1810 
f 2034//1811 2059//1809 3122//1812 
f 2058//1813 2034//1811 3124//1814 
f 2030//1815 2058//1813 3126//1816 
f 2031//1817 2030//1815 3128//1818 
f 2188//1819 2031//1817 3138//1820 
f 2189//1821 2188//1819 3144//1822 
f 2216//1823 2189//1821 3145//1824 
f 2186//1825 2216//1823 3140//1826 
f 2187//1827 2186//1825 3131//1828 
f 2215//1829 2187//1827 3132//1830 
f 2185//1831 2215//1829 3106//1832 
f 2158//1833 2185//1831 3091//1834 
f 2161//1835 2158//1833 3093//1836 
f 2044//1837 2161//1835 3133//1838 
f 2012//1839 2044//1837 3059//1840 
f 2015//1841 2012//1839 3035//1842 
f 2066//1843 2015//1841 3034//1844 
f 2106//1845 2066//1843 3037//1846 
f 2068//1847 2106//1845 3030//1848 
f 2071//1849 2068//1847 3029//1850 
f 2073//1851 2071//1849 3032//1852 
f 2075//1853 2073//1851 3040//1854 
f 2107//1855 2075//1853 3042//1856 
f 2109//1857 2107//1855 3044//1858 
f 2111//1859 2109//1857 3046//1860 
f 2113//1861 2111//1859 3048//1862 
f 2162//1863 2113//1861 3055//1864 
f 2115//1865 2162//1863 3062//1866 
f 2118//1867 2115//1865 3061//1868 
f 2120//1869 2118//1867 3064//1870 
f 2122//1871 2120//1869 3067//1872 
f 2124//1873 2122//1871 3066//1874 
f 2126//1875 2124//1873 3069//1876 
f 2190//1877 2126//1875 3095//1878 
f 2046//1879 2190//1877 3108//1880 
f 3108//1880 3110//1879 2046//1879 
f 3095//1878 3108//1880 2190//1877 
f 3069//1876 3095//1878 2126//1875 
f 3066//1874 3069//1876 2124//1873 
f 3067//1872 3066//1874 2122//1871 
f 3064//1870 3067//1872 2120//1869 
f 3061//1868 3064//1870 2118//1867 
f 3062//1866 3061//1868 2115//1865 
f 3055//1864 3062//1866 2162//1863 
f 3048//1862 3055//1864 2113//1861 
f 3046//1860 3048//1862 2111//1859 
f 3044//1858 3046//1860 2109//1857 
f 3042//1856 3044//1858 2107//1855 
f 3040//1854 3042//1856 2075//1853 
f 3032//1852 3040//1854 2073//1851 
f 3029//1850 3032//1852 2071//1849 
f 3030//1848 3029//1850 2068//1847 
f 3037//1846 3030//1848 2106//1845 
f 3034//1844 3037//1846 2066//1843 
f 3035//1842 3034//1844 2015//1841 
f 3059//1840 3035//1842 2012//1839 
f 3133//1838 3059//1840 2044//1837 
f 3093//1836 3133//1838 2161//1835 
f 3091//1834 3093//1836 2158//1833 
f 3106//1832 3091//1834 2185//1831 
f 3132//1830 3106//1832 2215//1829 
f 3131//1828 3132//1830 2187//1827 
f 3140//1826 3131//1828 2186//1825 
f 3145//1824 3140//1826 2216//1823 
f 3144//1822 3145//1824 2189//1821 
f 3138//1820 3144//1822 2188//1819 
f 3128//1818 3138//1820 2031//1817 
f 3126//1816 3128//1818 2030//1815 
f 3124//1814 3126//1816 2058//1813 
f 3122//1812 3124//1814 2034//1811 
f 3136//1810 3122//1812 2059//1809 
f 3119//1808 3136//1810 2099//1807 
f 3117//1806 3119//1808 2061//1805 
f 3115//1804 3117//1806 2060//1803 
f 3113//1802 3115//1804 2143//1801 
f 3142//1800 3113//1802 2142//1799 
f 3154//1798 3142//1800 2145//1797 
f 3148//1796 3154//1798 2144//1795 
o mesh93
f 2250//1881 3109//1881 3107//1882 
f 2251//1882 3107//1882 3094//1883 
f 2249//1883 3094//1883 3068//1884 
f 2241//1884 3068//1884 3065//1885 
f 2242//1885 3065//1885 3080//1886 
f 2237//1886 3080//1886 3063//1887 
f 2238//1887 3063//1887 3060//1888 
f 2235//1888 3060//1888 3079//1889 
f 2236//1889 3079//1889 3054//1890 
f 2233//1890 3054//1890 3047//1891 
f 2234//1891 3047//1891 3045//1892 
f 2252//1892 3045//1892 3043//1893 
f 2246//1893 3043//1893 3041//1894 
f 2231//1894 3041//1894 3039//1895 
f 2232//1895 3039//1895 3031//1896 
f 2245//1896 3031//1896 3028//1897 
f 2244//1897 3028//1897 3038//1898 
f 2210//1898 3038//1898 3036//1899 
f 2207//1899 3036//1899 3033//1900 
f 2208//1900 3033//1900 3058//1901 
f 2228//1901 3058//1901 3078//1902 
f 2205//1902 3078//1902 3092//1903 
f 2202//1903 3092//1903 3090//1904 
f 2203//1904 3090//1904 3089//1905 
f 2225//1905 3089//1905 3105//1906 
f 2176//1906 3105//1906 3130//1907 
f 2177//1907 3130//1907 3129//1908 
f 2200//1908 3129//1908 3139//1909 
f 2199//1909 3139//1909 3143//1910 
f 2174//1910 3143//1910 3137//1911 
f 2175//1911 3137//1911 3127//1912 
f 2198//1912 3127//1912 3125//1913 
f 2136//1913 3125//1913 3123//1914 
f 2088//1914 3123//1914 3121//1915 
f 2049//1915 3121//1915 3120//1916 
f 2021//1916 3120//1916 3118//1917 
f 2022//1917 3118//1917 3116//1918 
f 2087//1918 3116//1918 3114//1919 
f 2019//1919 3114//1919 3112//1920 
f 2020//1920 3112//1920 3111//1921 
f 2018//1921 3111//1921 3141//1922 
f 1997//1922 3141//1922 3153//1923 
f 1995//1923 3153//1923 3150//1924 
f 1996//1924 3150//1924 3149//1925 
f 1993//1925 3149//1925 3147//1926 
f 1990//1926 3147//1926 3146//1927 
f 1991//1927 3146//1927 3152//1928 
f 2223//1928 3152//1928 3151//1929 
f 3151//1929 2082//1929 2223//1928 
f 3152//1928 2223//1928 1991//1927 
f 3146//1927 1991//1927 1990//1926 
f 3147//1926 1990//1926 1993//1925 
f 3149//1925 1993//1925 1996//1924 
f 3150//1924 1996//1924 1995//1923 
f 3153//1923 1995//1923 1997//1922 
f 3141//1922 1997//1922 2018//1921 
f 3111//1921 2018//1921 2020//1920 
f 3112//1920 2020//1920 2019//1919 
f 3114//1919 2019//1919 2087//1918 
f 3116//1918 2087//1918 2022//1917 
f 3118//1917 2022//1917 2021//1916 
f 3120//1916 2021//1916 2049//1915 
f 3121//1915 2049//1915 2088//1914 
f 3123//1914 2088//1914 2136//1913 
f 3125//1913 2136//1913 2198//1912 
f 3127//1912 2198//1912 2175//1911 
f 3137//1911 2175//1911 2174//1910 
f 3143//1910 2174//1910 2199//1909 
f 3139//1909 2199//1909 2200//1908 
f 3129//1908 2200//1908 2177//1907 
f 3130//1907 2177//1907 2176//1906 
f 3105//1906 2176//1906 2225//1905 
f 3089//1905 2225//1905 2203//1904 
f 3090//1904 2203//1904 2202//1903 
f 3092//1903 2202//1903 2205//1902 
f 3078//1902 2205//1902 2228//1901 
f 3058//1901 2228//1901 2208//1900 
f 3033//1900 2208//1900 2207//1899 
f 3036//1899 2207//1899 2210//1898 
f 3038//1898 2210//1898 2244//1897 
f 3028//1897 2244//1897 2245//1896 
f 3031//1896 2245//1896 2232//1895 
f 3039//1895 2232//1895 2231//1894 
f 3041//1894 2231//1894 2246//1893 
f 3043//1893 2246//1893 2252//1892 
f 3045//1892 2252//1892 2234//1891 
f 3047//1891 2234//1891 2233//1890 
f 3054//1890 2233//1890 2236//1889 
f 3079//1889 2236//1889 2235//1888 
f 3060//1888 2235//1888 2238//1887 
f 3063//1887 2238//1887 2237//1886 
f 3080//1886 2237//1886 2242//1885 
f 3065//1885 2242//1885 2241//1884 
f 3068//1884 2241//1884 2249//1883 
f 3094//1883 2249//1883 2251//1882 
f 3107//1882 2251//1882 2250//1881 
o mesh94
f 3156//1930 3157//1930 2240//1930 
f 3157//1930 2270//1930 2240//1930 
f 2240//1930 2230//1930 3156//1930 
o mesh95
f 2351//1931 2350//1930 3158//1930 
f 2363//1932 2351//1931 3159//1931 
f 2361//1933 2363//1932 3160//1932 
f 2362//1934 2361//1933 3161//1933 
f 3162//1935 1999//1935 1998//1936 
f 1998//1936 3163//1937 3162//1935 
f 1989//1938 1999//1935 3162//1935 
f 1992//1939 1989//1938 3164//1938 
f 2017//1940 1992//1939 3165//1939 
f 1994//1941 2017//1940 3166//1940 
f 3167//1941 3168//1942 1988//1943 
f 3168//1942 1979//1942 1988//1943 
f 1983//1944 1979//1942 3168//1942 
f 1984//1945 1983//1944 3169//1944 
f 1982//1946 1984//1945 3170//1945 
f 1977//1947 1982//1946 3171//1946 
f 1978//1948 1977//1947 3172//1947 
f 1981//1949 1978//1948 3173//1948 
f 1975//1950 1981//1949 3174//1949 
f 1976//1951 1975//1950 3175//1950 
f 1970//1952 1976//1951 3176//1951 
f 1973//1953 1970//1952 3177//1952 
f 1971//1954 1973//1953 3178//1953 
f 1972//1955 1971//1954 3179//1954 
f 1974//1956 1972//1955 3180//1955 
f 1980//1957 1974//1956 3181//1956 
f 1985//1958 1980//1957 3182//1957 
f 1986//1959 1985//1958 3183//1958 
f 3184//1960 2224//1960 1987//1961 
f 1987//1961 3185//1962 3184//1960 
f 2226//1963 2224//1960 3184//1960 
f 2201//1964 2226//1963 3186//1963 
f 2204//1965 2201//1964 3187//1964 
f 2227//1966 2204//1965 3188//1965 
f 2229//1967 2227//1966 3189//1966 
f 2206//1968 2229//1967 3190//1967 
f 2209//1969 2206//1968 3191//1968 
f 2243//1970 2209//1969 3192//1969 
f 2230//1971 2243//1970 3193//1970 
f 3193//1970 3156//1971 2230//1971 
f 3192//1969 3193//1970 2243//1970 
f 3191//1968 3192//1969 2209//1969 
f 3190//1967 3191//1968 2206//1968 
f 3189//1966 3190//1967 2229//1967 
f 3188//1965 3189//1966 2227//1966 
f 3187//1964 3188//1965 2204//1965 
f 3186//1963 3187//1964 2201//1964 
f 3184//1960 3186//1963 2226//1963 
f 1987//1961 1986//1959 3185//1962 
f 3183//1958 3185//1962 1986//1959 
f 3182//1957 3183//1958 1985//1958 
f 3181//1956 3182//1957 1980//1957 
f 3180//1955 3181//1956 1974//1956 
f 3179//1954 3180//1955 1972//1955 
f 3178//1953 3179//1954 1971//1954 
f 3177//1952 3178//1953 1973//1953 
f 3176//1951 3177//1952 1970//1952 
f 3175//1950 3176//1951 1976//1951 
f 3174//1949 3175//1950 1975//1950 
f 3173//1948 3174//1949 1981//1949 
f 3172//1947 3173//1948 1978//1948 
f 3171//1946 3172//1947 1977//1947 
f 3170//1945 3171//1946 1982//1946 
f 3169//1944 3170//1945 1984//1945 
f 3168//1942 3169//1944 1983//1944 
f 1988//1943 1994//1941 3167//1941 
f 3166//1940 3167//1941 1994//1941 
f 3165//1939 3166//1940 2017//1940 
f 3164//1938 3165//1939 1992//1939 
f 3162//1935 3164//1938 1989//1938 
f 1998//1936 2362//1934 3163//1937 
f 3161//1933 3163//1937 2362//1934 
f 3160//1932 3161//1933 2361//1933 
f 3159//1931 3160//1932 2363//1932 
f 3158//1930 3159//1931 2351//1931 
o mesh96
f 2350//1971 2354//1971 3194//1971 
f 3194//1971 3158//1971 2350//1971 
o mesh97
f 3157//1972 3195//1973 2281//1974 
f 3195//1973 2284//1973 2281//1974 
f 2284//1973 3195//1973 3196//1975 
f 2287//1975 3196//1975 3197//1976 
f 2285//1976 3197//1976 3198//1977 
f 3198//1977 3199//1978 2319//1979 
f 3199//1978 2309//1978 2319//1979 
f 2309//1978 3199//1978 3200//1980 
f 2291//1980 3200//1980 3201//1981 
f 2292//1981 3201//1981 3202//1982 
f 2297//1982 3202//1982 3203//1983 
f 2301//1983 3203//1983 3204//1984 
f 2306//1984 3204//1984 3205//1985 
f 2307//1985 3205//1985 3206//1986 
f 2324//1986 3206//1986 3207//1987 
f 2316//1987 3207//1987 3208//1988 
f 2317//1988 3208//1988 3209//1989 
f 2314//1989 3209//1989 3210//1990 
f 2315//1990 3210//1990 3211//1991 
f 2298//1991 3211//1991 3212//1992 
f 2299//1992 3212//1992 3213//1993 
f 2295//1993 3213//1993 3214//1994 
f 2293//1994 3214//1994 3215//1995 
f 2288//1995 3215//1995 3216//1996 
f 2289//1996 3216//1996 3217//1997 
f 2313//1997 3217//1997 3218//1998 
f 2322//1998 3218//1998 3219//1999 
f 2323//1999 3219//1999 3220//2000 
f 2321//2000 3220//2000 3221//2001 
f 2312//2001 3221//2001 3222//2002 
f 2304//2002 3222//2002 3223//2003 
f 2305//2003 3223//2003 3224//2004 
f 2310//2004 3224//2004 3225//2005 
f 3225//2005 3226//2006 2334//2007 
f 3226//2006 2340//2006 2334//2007 
f 2340//2006 3226//2006 3227//2008 
f 3228//2009 2367//2009 2328//2010 
f 2328//2010 3227//2008 3228//2009 
f 2367//2009 3228//2009 3229//2011 
f 2368//2011 3229//2011 3230//2012 
f 2370//2012 3230//2012 3231//2013 
f 2372//2013 3231//2013 3194//2014 
f 3194//2014 2354//2014 2372//2013 
f 3231//2013 2372//2013 2370//2012 
f 3230//2012 2370//2012 2368//2011 
f 3229//2011 2368//2011 2367//2009 
f 2328//2010 2327//2015 3227//2008 
f 3227//2008 2327//2015 2340//2006 
f 2334//2007 2325//2016 3225//2005 
f 3225//2005 2325//2016 2310//2004 
f 3224//2004 2310//2004 2305//2003 
f 3223//2003 2305//2003 2304//2002 
f 3222//2002 2304//2002 2312//2001 
f 3221//2001 2312//2001 2321//2000 
f 3220//2000 2321//2000 2323//1999 
f 3219//1999 2323//1999 2322//1998 
f 3218//1998 2322//1998 2313//1997 
f 3217//1997 2313//1997 2289//1996 
f 3216//1996 2289//1996 2288//1995 
f 3215//1995 2288//1995 2293//1994 
f 3214//1994 2293//1994 2295//1993 
f 3213//1993 2295//1993 2299//1992 
f 3212//1992 2299//1992 2298//1991 
f 3211//1991 2298//1991 2315//1990 
f 3210//1990 2315//1990 2314//1989 
f 3209//1989 2314//1989 2317//1988 
f 3208//1988 2317//1988 2316//1987 
f 3207//1987 2316//1987 2324//1986 
f 3206//1986 2324//1986 2307//1985 
f 3205//1985 2307//1985 2306//1984 
f 3204//1984 2306//1984 2301//1983 
f 3203//1983 2301//1983 2297//1982 
f 3202//1982 2297//1982 2292//1981 
f 3201//1981 2292//1981 2291//1980 
f 3200//1980 2291//1980 2309//1978 
f 2319//1979 2286//2017 3198//1977 
f 3198//1977 2286//2017 2285//1976 
f 3197//1976 2285//1976 2287//1975 
f 3196//1975 2287//1975 2284//1973 
f 2281//1974 2270//2018 3157//1972 
o mesh98
f 3222//2019 3221//2019 3168//2019 
f 3228//2019 3163//2019 3161//2019 
f 3227//2019 3162//2019 3163//2019 
f 3167//2019 3223//2019 3222//2019 
f 3221//2019 3220//2019 3169//2019 
f 3229//2019 3161//2019 3160//2019 
f 3163//2019 3228//2019 3227//2019 
f 3223//2019 3167//2019 3166//2019 
f 3169//2019 3168//2019 3221//2019 
f 3230//2019 3160//2019 3159//2019 
f 3161//2019 3229//2019 3228//2019 
f 3225//2019 3165//2019 3164//2019 
f 3224//2019 3166//2019 3165//2019 
f 3168//2019 3167//2019 3222//2019 
f 3220//2019 3219//2019 3170//2019 
f 3216//2019 3215//2019 3174//2019 
f 3215//2019 3214//2019 3175//2019 
f 3203//2019 3202//2019 3186//2019 
f 3160//2019 3230//2019 3229//2019 
f 3226//2019 3164//2019 3162//2019 
f 3165//2019 3225//2019 3224//2019 
f 3170//2019 3169//2019 3220//2019 
f 3219//2019 3218//2019 3171//2019 
f 3218//2019 3217//2019 3172//2019 
f 3175//2019 3174//2019 3215//2019 
f 3214//2019 3213//2019 3176//2019 
f 3212//2019 3177//2019 3176//2019 
f 3211//2019 3178//2019 3177//2019 
f 3210//2019 3179//2019 3178//2019 
f 3209//2019 3180//2019 3179//2019 
f 3208//2019 3181//2019 3180//2019 
f 3207//2019 3182//2019 3181//2019 
f 3184//2019 3204//2019 3203//2019 
f 3202//2019 3201//2019 3187//2019 
f 3162//2019 3227//2019 3226//2019 
f 3166//2019 3224//2019 3223//2019 
f 3172//2019 3171//2019 3218//2019 
f 3217//2019 3216//2019 3173//2019 
f 3176//2019 3175//2019 3214//2019 
f 3177//2019 3212//2019 3211//2019 
f 3179//2019 3210//2019 3209//2019 
f 3181//2019 3208//2019 3207//2019 
f 3205//2019 3185//2019 3183//2019 
f 3204//2019 3184//2019 3185//2019 
f 3187//2019 3186//2019 3202//2019 
f 3201//2019 3200//2019 3188//2019 
f 3200//2019 3199//2019 3189//2019 
f 3199//2019 3198//2019 3190//2019 
f 3164//2019 3226//2019 3225//2019 
f 3173//2019 3172//2019 3217//2019 
f 3176//2019 3213//2019 3212//2019 
f 3180//2019 3209//2019 3208//2019 
f 3206//2019 3183//2019 3182//2019 
f 3185//2019 3205//2019 3204//2019 
f 3188//2019 3187//2019 3201//2019 
f 3190//2019 3189//2019 3199//2019 
f 3171//2019 3170//2019 3219//2019 
f 3178//2019 3211//2019 3210//2019 
f 3183//2019 3206//2019 3205//2019 
f 3189//2019 3188//2019 3200//2019 
f 3198//2019 3197//2019 3191//2019 
f 3197//2019 3196//2019 3192//2019 
f 3196//2019 3195//2019 3193//2019 
f 3195//2019 3157//2019 3156//2019 
f 3174//2019 3173//2019 3216//2019 
f 3186//2019 3184//2019 3203//2019 
f 3192//2019 3191//2019 3197//2019 
f 3156//2019 3193//2019 3195//2019 
f 3182//2019 3207//2019 3206//2019 
f 3193//2019 3192//2019 3196//2019 
f 3231//2019 3159//2019 3158//2019 
f 3191//2019 3190//2019 3198//2019 
f 3159//2019 3231//2019 3230//2019 
f 3158//2019 3194//2019 3231//2019 
