# OBJ generated by ONSHAPE BY PTC INC, 1.217 Units = meters
mtllib L3M2.mtl
g Part 1
v 0.507761 -0.0155676 -0.00254 
v 0.507046 -0.0311206 -0.00254 
v 0.505854 -0.0466443 -0.00254 
v 0.504187 -0.0621243 -0.00254 
v 0.502046 -0.0775458 -0.00254 
v 0.499434 -0.0928946 -0.00254 
v 0.496353 -0.108156 -0.00254 
v 0.492805 -0.123316 -0.00254 
v 0.488795 -0.13836 -0.00254 
v 0.484325 -0.153274 -0.00254 
v 0.479401 -0.168044 -0.00254 
v 0.474026 -0.182656 -0.00254 
v 0.468206 -0.197097 -0.00254 
v 0.461946 -0.211353 -0.00254 
v 0.455252 -0.22541 -0.00254 
v 0.448131 -0.239255 -0.00254 
v 0.440588 -0.252876 -0.00254 
v 0.432632 -0.266259 -0.00254 
v 0.424269 -0.279391 -0.00254 
v 0.415508 -0.292262 -0.00254 
v 0.406357 -0.304858 -0.00254 
v 0.396823 -0.317167 -0.00254 
v 0.386918 -0.329179 -0.00254 
v 0.376648 -0.340881 -0.00254 
v 0.366025 -0.352264 -0.00254 
v 0.355058 -0.363315 -0.00254 
v 0.343757 -0.374025 -0.00254 
v 0.332134 -0.384384 -0.00254 
v 0.320199 -0.394382 -0.00254 
v 0.307963 -0.404009 -0.00254 
v 0.295437 -0.413257 -0.00254 
v 0.282634 -0.422116 -0.00254 
v 0.269566 -0.430579 -0.00254 
v 0.256244 -0.438638 -0.00254 
v 0.242682 -0.446284 -0.00254 
v 0.228891 -0.453512 -0.00254 
v 0.214886 -0.460313 -0.00254 
v 0.200679 -0.466682 -0.00254 
v 0.186283 -0.472612 -0.00254 
v 0.171713 -0.478099 -0.00254 
v 0.156981 -0.483137 -0.00254 
v 0.142101 -0.48772 -0.00254 
v 0.127088 -0.491846 -0.00254 
v 0.111956 -0.49551 -0.00254 
v 0.0967187 -0.498708 -0.00254 
v 0.0813904 -0.501438 -0.00254 
v 0.0659857 -0.503696 -0.00254 
v 0.050519 -0.505482 -0.00254 
v 0.0350048 -0.506793 -0.00254 
v 0.0194578 -0.507627 -0.00254 
v 0.00389247 -0.507985 -0.00254 
v -0.0116765 -0.507866 -0.00254 
v -0.0272345 -0.507269 -0.00254 
v -0.0427669 -0.506197 -0.00254 
v -0.0582592 -0.504648 -0.00254 
v -0.0736967 -0.502626 -0.00254 
v -0.089065 -0.500131 -0.00254 
v -0.10435 -0.497167 -0.00254 
v -0.119536 -0.493736 -0.00254 
v -0.134611 -0.489841 -0.00254 
v -0.149558 -0.485486 -0.00254 
v -0.164366 -0.480674 -0.00254 
v -0.179019 -0.475412 -0.00254 
v -0.193504 -0.469702 -0.00254 
v -0.207807 -0.463552 -0.00254 
v -0.221915 -0.456966 -0.00254 
v -0.235814 -0.449951 -0.00254 
v -0.249492 -0.442513 -0.00254 
v -0.262936 -0.434659 -0.00254 
v -0.276132 -0.426398 -0.00254 
v -0.28907 -0.417735 -0.00254 
v -0.301735 -0.408681 -0.00254 
v -0.314117 -0.399242 -0.00254 
v -0.326205 -0.389428 -0.00254 
v -0.337985 -0.379249 -0.00254 
v -0.349449 -0.368713 -0.00254 
v -0.360584 -0.357831 -0.00254 
v -0.37138 -0.346613 -0.00254 
v -0.381828 -0.33507 -0.00254 
v -0.391917 -0.323211 -0.00254 
v -0.401637 -0.311049 -0.00254 
v -0.410981 -0.298595 -0.00254 
v -0.419938 -0.28586 -0.00254 
v -0.428501 -0.272857 -0.00254 
v -0.436661 -0.259597 -0.00254 
v -0.444412 -0.246094 -0.00254 
v -0.451744 -0.23236 -0.00254 
v -0.458653 -0.218407 -0.00254 
v -0.465131 -0.204249 -0.00254 
v -0.471171 -0.189899 -0.00254 
v -0.476769 -0.175371 -0.00254 
v -0.48192 -0.160678 -0.00254 
v -0.486617 -0.145834 -0.00254 
v -0.490858 -0.130853 -0.00254 
v -0.494637 -0.11575 -0.00254 
v -0.497952 -0.100537 -0.00254 
v -0.500799 -0.0852302 -0.00254 
v -0.503176 -0.0698432 -0.00254 
v -0.50508 -0.0543907 -0.00254 
v -0.506509 -0.038887 -0.00254 
v -0.507463 -0.0233468 -0.00254 
v -0.50794 -0.00778472 -0.00254 
v -0.50794 0.00778472 -0.00254 
v -0.507463 0.0233468 -0.00254 
v -0.506509 0.038887 -0.00254 
v -0.50508 0.0543907 -0.00254 
v -0.503176 0.0698432 -0.00254 
v -0.500799 0.0852302 -0.00254 
v -0.497952 0.100537 -0.00254 
v -0.494637 0.11575 -0.00254 
v -0.490858 0.130853 -0.00254 
v -0.486617 0.145834 -0.00254 
v -0.48192 0.160678 -0.00254 
v -0.476769 0.175371 -0.00254 
v -0.471171 0.189899 -0.00254 
v -0.465131 0.204249 -0.00254 
v -0.458653 0.218407 -0.00254 
v -0.451744 0.23236 -0.00254 
v -0.444412 0.246094 -0.00254 
v -0.436661 0.259597 -0.00254 
v -0.428501 0.272857 -0.00254 
v -0.419938 0.28586 -0.00254 
v -0.410981 0.298595 -0.00254 
v -0.401637 0.311049 -0.00254 
v -0.391917 0.323211 -0.00254 
v -0.381828 0.33507 -0.00254 
v -0.37138 0.346613 -0.00254 
v -0.360584 0.357831 -0.00254 
v -0.349449 0.368713 -0.00254 
v -0.337985 0.379249 -0.00254 
v -0.326205 0.389428 -0.00254 
v -0.314117 0.399242 -0.00254 
v -0.301735 0.408681 -0.00254 
v -0.28907 0.417735 -0.00254 
v -0.276132 0.426398 -0.00254 
v -0.262936 0.434659 -0.00254 
v -0.249492 0.442513 -0.00254 
v -0.235814 0.449951 -0.00254 
v -0.221915 0.456966 -0.00254 
v -0.207807 0.463552 -0.00254 
v -0.193504 0.469702 -0.00254 
v -0.179019 0.475412 -0.00254 
v -0.164366 0.480674 -0.00254 
v -0.149558 0.485486 -0.00254 
v -0.134611 0.489841 -0.00254 
v -0.119536 0.493736 -0.00254 
v -0.10435 0.497167 -0.00254 
v -0.089065 0.500131 -0.00254 
v -0.0736967 0.502626 -0.00254 
v -0.0582592 0.504648 -0.00254 
v -0.0427669 0.506197 -0.00254 
v -0.0272345 0.507269 -0.00254 
v -0.0116765 0.507866 -0.00254 
v 0.00389247 0.507985 -0.00254 
v 0.0194578 0.507627 -0.00254 
v 0.0350048 0.506793 -0.00254 
v 0.050519 0.505482 -0.00254 
v 0.0659857 0.503696 -0.00254 
v 0.0813904 0.501438 -0.00254 
v 0.0967187 0.498708 -0.00254 
v 0.111956 0.49551 -0.00254 
v 0.127088 0.491846 -0.00254 
v 0.142101 0.48772 -0.00254 
v 0.156981 0.483137 -0.00254 
v 0.171713 0.478099 -0.00254 
v 0.186283 0.472612 -0.00254 
v 0.200679 0.466682 -0.00254 
v 0.214886 0.460313 -0.00254 
v 0.228891 0.453512 -0.00254 
v 0.242682 0.446284 -0.00254 
v 0.256244 0.438638 -0.00254 
v 0.269566 0.430579 -0.00254 
v 0.282634 0.422116 -0.00254 
v 0.295437 0.413257 -0.00254 
v 0.307963 0.404009 -0.00254 
v 0.320199 0.394382 -0.00254 
v 0.332134 0.384384 -0.00254 
v 0.343757 0.374025 -0.00254 
v 0.355058 0.363315 -0.00254 
v 0.366025 0.352264 -0.00254 
v 0.376648 0.340881 -0.00254 
v 0.386918 0.329179 -0.00254 
v 0.396823 0.317167 -0.00254 
v 0.406357 0.304858 -0.00254 
v 0.415508 0.292262 -0.00254 
v 0.424269 0.279391 -0.00254 
v 0.432632 0.266259 -0.00254 
v 0.440588 0.252876 -0.00254 
v 0.448131 0.239255 -0.00254 
v 0.455252 0.22541 -0.00254 
v 0.461946 0.211353 -0.00254 
v 0.468206 0.197097 -0.00254 
v 0.474026 0.182656 -0.00254 
v 0.479401 0.168044 -0.00254 
v 0.484325 0.153274 -0.00254 
v 0.488795 0.13836 -0.00254 
v 0.492805 0.123316 -0.00254 
v 0.496353 0.108156 -0.00254 
v 0.499434 0.0928946 -0.00254 
v 0.502046 0.0775458 -0.00254 
v 0.504187 0.0621243 -0.00254 
v 0.505854 0.0466443 -0.00254 
v 0.507046 0.0311206 -0.00254 
v 0.507761 0.0155676 -0.00254 
v 0.508 -9.33181e-17 -0.00254 
v 0 3.1106e-17 -0.00254 
v 0.508 3.1106e-17 0.0762 
v 0.507761 0.0155676 0.0762 
v 0.507046 0.0311206 0.0762 
v 0.505854 0.0466443 0.0762 
v 0.504187 0.0621243 0.0762 
v 0.502046 0.0775458 0.0762 
v 0.499434 0.0928946 0.0762 
v 0.496353 0.108156 0.0762 
v 0.492805 0.123316 0.0762 
v 0.488795 0.13836 0.0762 
v 0.484325 0.153274 0.0762 
v 0.479401 0.168044 0.0762 
v 0.474026 0.182656 0.0762 
v 0.468206 0.197097 0.0762 
v 0.461946 0.211353 0.0762 
v 0.455252 0.22541 0.0762 
v 0.448131 0.239255 0.0762 
v 0.440588 0.252876 0.0762 
v 0.432632 0.266259 0.0762 
v 0.424269 0.279391 0.0762 
v 0.415508 0.292262 0.0762 
v 0.406357 0.304858 0.0762 
v 0.396823 0.317167 0.0762 
v 0.386918 0.329179 0.0762 
v 0.376648 0.340881 0.0762 
v 0.366025 0.352264 0.0762 
v 0.355058 0.363315 0.0762 
v 0.343757 0.374025 0.0762 
v 0.332134 0.384384 0.0762 
v 0.320199 0.394382 0.0762 
v 0.307963 0.404009 0.0762 
v 0.295437 0.413257 0.0762 
v 0.282634 0.422116 0.0762 
v 0.269566 0.430579 0.0762 
v 0.256244 0.438638 0.0762 
v 0.242682 0.446284 0.0762 
v 0.228891 0.453512 0.0762 
v 0.214886 0.460313 0.0762 
v 0.200679 0.466682 0.0762 
v 0.186283 0.472612 0.0762 
v 0.171713 0.478099 0.0762 
v 0.156981 0.483137 0.0762 
v 0.142101 0.48772 0.0762 
v 0.127088 0.491846 0.0762 
v 0.111956 0.49551 0.0762 
v 0.0967187 0.498708 0.0762 
v 0.0813904 0.501438 0.0762 
v 0.0659857 0.503696 0.0762 
v 0.050519 0.505482 0.0762 
v 0.0350048 0.506793 0.0762 
v 0.0194578 0.507627 0.0762 
v 0.00389247 0.507985 0.0762 
v -0.0116765 0.507866 0.0762 
v -0.0272345 0.507269 0.0762 
v -0.0427669 0.506197 0.0762 
v -0.0582592 0.504648 0.0762 
v -0.0736967 0.502626 0.0762 
v -0.089065 0.500131 0.0762 
v -0.10435 0.497167 0.0762 
v -0.119536 0.493736 0.0762 
v -0.134611 0.489841 0.0762 
v -0.149558 0.485486 0.0762 
v -0.164366 0.480674 0.0762 
v -0.179019 0.475412 0.0762 
v -0.193504 0.469702 0.0762 
v -0.207807 0.463552 0.0762 
v -0.221915 0.456966 0.0762 
v -0.235814 0.449951 0.0762 
v -0.249492 0.442513 0.0762 
v -0.262936 0.434659 0.0762 
v -0.276132 0.426398 0.0762 
v -0.28907 0.417735 0.0762 
v -0.301735 0.408681 0.0762 
v -0.314117 0.399242 0.0762 
v -0.326205 0.389428 0.0762 
v -0.337985 0.379249 0.0762 
v -0.349449 0.368713 0.0762 
v -0.360584 0.357831 0.0762 
v -0.37138 0.346613 0.0762 
v -0.381828 0.33507 0.0762 
v -0.391917 0.323211 0.0762 
v -0.401637 0.311049 0.0762 
v -0.410981 0.298595 0.0762 
v -0.419938 0.28586 0.0762 
v -0.428501 0.272857 0.0762 
v -0.436661 0.259597 0.0762 
v -0.444412 0.246094 0.0762 
v -0.451744 0.23236 0.0762 
v -0.458653 0.218407 0.0762 
v -0.465131 0.204249 0.0762 
v -0.471171 0.189899 0.0762 
v -0.476769 0.175371 0.0762 
v -0.48192 0.160678 0.0762 
v -0.486617 0.145834 0.0762 
v -0.490858 0.130853 0.0762 
v -0.494637 0.11575 0.0762 
v -0.497952 0.100537 0.0762 
v -0.500799 0.0852302 0.0762 
v -0.503176 0.0698432 0.0762 
v -0.50508 0.0543907 0.0762 
v -0.506509 0.038887 0.0762 
v -0.507463 0.0233468 0.0762 
v -0.50794 0.00778472 0.0762 
v -0.50794 -0.00778472 0.0762 
v -0.507463 -0.0233468 0.0762 
v -0.506509 -0.038887 0.0762 
v -0.50508 -0.0543907 0.0762 
v -0.503176 -0.0698432 0.0762 
v -0.500799 -0.0852302 0.0762 
v -0.497952 -0.100537 0.0762 
v -0.494637 -0.11575 0.0762 
v -0.490858 -0.130853 0.0762 
v -0.486617 -0.145834 0.0762 
v -0.48192 -0.160678 0.0762 
v -0.476769 -0.175371 0.0762 
v -0.471171 -0.189899 0.0762 
v -0.465131 -0.204249 0.0762 
v -0.458653 -0.218407 0.0762 
v -0.451744 -0.23236 0.0762 
v -0.444412 -0.246094 0.0762 
v -0.436661 -0.259597 0.0762 
v -0.428501 -0.272857 0.0762 
v -0.419938 -0.28586 0.0762 
v -0.410981 -0.298595 0.0762 
v -0.401637 -0.311049 0.0762 
v -0.391917 -0.323211 0.0762 
v -0.381828 -0.33507 0.0762 
v -0.37138 -0.346613 0.0762 
v -0.360584 -0.357831 0.0762 
v -0.349449 -0.368713 0.0762 
v -0.337985 -0.379249 0.0762 
v -0.326205 -0.389428 0.0762 
v -0.314117 -0.399242 0.0762 
v -0.301735 -0.408681 0.0762 
v -0.28907 -0.417735 0.0762 
v -0.276132 -0.426398 0.0762 
v -0.262936 -0.434659 0.0762 
v -0.249492 -0.442513 0.0762 
v -0.235814 -0.449951 0.0762 
v -0.221915 -0.456966 0.0762 
v -0.207807 -0.463552 0.0762 
v -0.193504 -0.469702 0.0762 
v -0.179019 -0.475412 0.0762 
v -0.164366 -0.480674 0.0762 
v -0.149558 -0.485486 0.0762 
v -0.134611 -0.489841 0.0762 
v -0.119536 -0.493736 0.0762 
v -0.10435 -0.497167 0.0762 
v -0.089065 -0.500131 0.0762 
v -0.0736967 -0.502626 0.0762 
v -0.0582592 -0.504648 0.0762 
v -0.0427669 -0.506197 0.0762 
v -0.0272345 -0.507269 0.0762 
v -0.0116765 -0.507866 0.0762 
v 0.00389247 -0.507985 0.0762 
v 0.0194578 -0.507627 0.0762 
v 0.0350048 -0.506793 0.0762 
v 0.050519 -0.505482 0.0762 
v 0.0659857 -0.503696 0.0762 
v 0.0813904 -0.501438 0.0762 
v 0.0967187 -0.498708 0.0762 
v 0.111956 -0.49551 0.0762 
v 0.127088 -0.491846 0.0762 
v 0.142101 -0.48772 0.0762 
v 0.156981 -0.483137 0.0762 
v 0.171713 -0.478099 0.0762 
v 0.186283 -0.472612 0.0762 
v 0.200679 -0.466682 0.0762 
v 0.214886 -0.460313 0.0762 
v 0.228891 -0.453512 0.0762 
v 0.242682 -0.446284 0.0762 
v 0.256244 -0.438638 0.0762 
v 0.269566 -0.430579 0.0762 
v 0.282634 -0.422116 0.0762 
v 0.295437 -0.413257 0.0762 
v 0.307963 -0.404009 0.0762 
v 0.320199 -0.394382 0.0762 
v 0.332134 -0.384384 0.0762 
v 0.343757 -0.374025 0.0762 
v 0.355058 -0.363315 0.0762 
v 0.366025 -0.352264 0.0762 
v 0.376648 -0.340881 0.0762 
v 0.386918 -0.329179 0.0762 
v 0.396823 -0.317167 0.0762 
v 0.406357 -0.304858 0.0762 
v 0.415508 -0.292262 0.0762 
v 0.424269 -0.279391 0.0762 
v 0.432632 -0.266259 0.0762 
v 0.440588 -0.252876 0.0762 
v 0.448131 -0.239255 0.0762 
v 0.455252 -0.22541 0.0762 
v 0.461946 -0.211353 0.0762 
v 0.468206 -0.197097 0.0762 
v 0.474026 -0.182656 0.0762 
v 0.479401 -0.168044 0.0762 
v 0.484325 -0.153274 0.0762 
v 0.488795 -0.13836 0.0762 
v 0.492805 -0.123316 0.0762 
v 0.496353 -0.108156 0.0762 
v 0.499434 -0.0928946 0.0762 
v 0.502046 -0.0775458 0.0762 
v 0.504187 -0.0621243 0.0762 
v 0.505854 -0.0466443 0.0762 
v 0.507046 -0.0311206 0.0762 
v 0.507761 -0.0155676 0.0762 
v -0.490616 0.0983662 0.0762 
v -0.487395 0.113254 0.0762 
v -0.493383 0.0833877 0.0762 
v 0.342758 -0.36455 0.0762 
v 0.331369 -0.374933 0.0762 
v 0.353822 -0.353822 0.0762 
v -0.112341 0.443183 0.0762 
v -0.126286 0.439413 0.0762 
v -0.113906 0.4086 0.0762 
v -0.140104 0.435204 0.0762 
v -0.127553 0.404548 0.0762 
v -0.495692 0.0683319 0.0762 
v -0.45242 -0.213768 0.0762 
v -0.445703 -0.227439 0.0762 
v 0.36455 -0.342758 0.0762 
v 0.443183 0.112341 0.0762 
v 0.409726 0.109786 0.0762 
v 0.413099 0.0963212 0.0762 
v 0.439413 0.126286 0.0762 
v 0.405915 0.123133 0.0762 
v 0.00206369 0.457195 0.0762 
v -0.00142372 0.424178 0.0762 
v 0.0128115 0.423986 0.0762 
v -0.0123807 0.457032 0.0762 
v -0.0156573 0.423891 0.0762 
v -0.0698907 0.451826 0.0762 
v -0.0841296 0.449393 0.0762 
v -0.0722556 0.417981 0.0762 
v -0.0982845 0.446511 0.0762 
v -0.10013 0.412192 0.0762 
v -0.153783 0.430561 0.0762 
v -0.167308 0.425488 0.0762 
v -0.154402 0.395081 0.0762 
v -0.180666 0.41999 0.0762 
v -0.167573 0.389677 0.0762 
v -0.291239 0.352436 0.0762 
v -0.302228 0.34306 0.0762 
v -0.275916 0.322179 0.0762 
v -0.445703 0.227439 0.0762 
v -0.438574 0.2409 0.0762 
v -0.45242 0.213768 0.0762 
v -0.475035 0.157231 0.0762 
v -0.470029 0.171617 0.0762 
v -0.479601 0.1427 0.0762 
v -0.497543 0.0532128 0.0762 
v -0.498932 0.0380444 0.0762 
v -0.499858 0.0228408 0.0762 
v -0.500322 0.00761594 0.0762 
v -0.500322 -0.00761594 0.0762 
v -0.475035 -0.157231 0.0762 
v -0.470029 -0.171617 0.0762 
v -0.438574 -0.2409 0.0762 
v 0.319666 -0.384959 0.0762 
v 0.451826 0.0698907 0.0762 
v 0.418514 0.069097 0.0762 
v 0.420551 0.0553666 0.0762 
v 0.449393 0.0841296 0.0762 
v 0.41603 0.0827534 0.0762 
v 0.446511 0.0982845 0.0762 
v 0.435204 0.140104 0.0762 
v 0.401669 0.136348 0.0762 
v 0.430561 0.153783 0.0762 
v 0.425488 0.167308 0.0762 
v 0.396993 0.149417 0.0762 
v 0.41999 0.180666 0.0762 
v 0.391891 0.162327 0.0762 
v 0.414073 0.193844 0.0762 
v 0.38637 0.175062 0.0762 
v 0.407742 0.206829 0.0762 
v 0.380435 0.18761 0.0762 
v 0.393867 0.232165 0.0762 
v 0.386336 0.244492 0.0762 
v 0.360215 0.223996 0.0762 
v 0.378419 0.256575 0.0762 
v 0.352693 0.235662 0.0762 
v 0.370125 0.268401 0.0762 
v 0.344793 0.247075 0.0762 
v 0.361461 0.27996 0.0762 
v 0.336525 0.258224 0.0762 
v 0.34306 0.302228 0.0762 
v 0.333341 0.312915 0.0762 
v 0.309594 0.289966 0.0762 
v 0.323289 0.323289 0.0762 
v 0.299941 0.299941 0.0762 
v -0.331492 0.374824 0.0762 
v -0.342818 0.364494 0.0762 
v 0.016506 0.456902 0.0762 
v 0.0270323 0.423318 0.0762 
v -0.0268127 0.456413 0.0762 
v -0.0298733 0.423127 0.0762 
v -0.041218 0.455338 0.0762 
v -0.0440557 0.421886 0.0762 
v -0.0555821 0.453809 0.0762 
v -0.0581884 0.42017 0.0762 
v -0.141057 0.400039 0.0762 
v -0.193844 0.414073 0.0762 
v -0.180556 0.383834 0.0762 
v -0.264949 0.331257 0.0762 
v -0.27996 0.361461 0.0762 
v -0.312915 0.333341 0.0762 
v -0.286572 0.312738 0.0762 
v -0.458716 0.199899 0.0762 
v -0.464588 0.185844 0.0762 
v -0.483722 0.128036 0.0762 
v -0.499858 -0.0228408 0.0762 
v -0.464588 -0.185844 0.0762 
v -0.458716 -0.199899 0.0762 
v -0.342758 -0.36455 0.0762 
v -0.353822 -0.353822 0.0762 
v 0.374933 -0.331369 0.0762 
v 0.453809 0.0555821 0.0762 
v 0.422137 0.0415769 0.0762 
v 0.401005 0.219606 0.0762 
v 0.374093 0.199957 0.0762 
v 0.367351 0.21209 0.0762 
v 0.352436 0.291239 0.0762 
v 0.327896 0.269097 0.0762 
v 0.318915 0.279681 0.0762 
v 0.226919 0.445968 0.0762 
v 0.213152 0.45271 0.0762 
v 0.156216 0.47537 0.0762 
v 0.141581 0.479932 0.0762 
v 0.126814 0.484044 0.0762 
v 0.111927 0.487701 0.0762 
v 0.0818534 0.49364 0.0762 
v 0.0666941 0.495915 0.0762 
v -0.145586 0.478733 0.0762 
v -0.160182 0.474048 0.0762 
v -0.174627 0.468919 0.0762 
v -0.188909 0.46335 0.0762 
v -0.230638 0.444057 0.0762 
v -0.244131 0.436784 0.0762 
v -0.283189 0.412534 0.0762 
v -0.295692 0.403666 0.0762 
v -0.319855 0.384802 0.0762 
v -0.353822 0.353822 0.0762 
v -0.0862414 0.41532 0.0762 
v -0.256575 0.378419 0.0762 
v -0.242132 0.348283 0.0762 
v -0.230308 0.356212 0.0762 
v -0.268401 0.370125 0.0762 
v -0.253683 0.339961 0.0762 
v -0.498932 -0.0380444 0.0762 
v -0.497543 -0.0532128 0.0762 
v -0.495692 -0.0683319 0.0762 
v -0.493383 -0.0833877 0.0762 
v -0.490616 -0.0983662 0.0762 
v -0.487395 -0.113254 0.0762 
v -0.483722 -0.128036 0.0762 
v -0.479601 -0.1427 0.0762 
v -0.247075 -0.344793 0.0762 
v -0.258224 -0.336525 0.0762 
v -0.273021 -0.366731 0.0762 
v -0.331369 -0.374933 0.0762 
v 0.243487 -0.437143 0.0762 
v 0.22991 -0.444434 0.0762 
v 0.256834 -0.429438 0.0762 
v 0.30766 -0.394621 0.0762 
v 0.295361 -0.403908 0.0762 
v 0.384959 -0.319666 0.0762 
v 0.455338 0.041218 0.0762 
v 0.423272 0.0277427 0.0762 
v 0.289966 0.309594 0.0762 
v 0.266892 0.42326 0.0762 
v 0.253802 0.431236 0.0762 
v 0.199185 0.459027 0.0762 
v 0.185031 0.464912 0.0762 
v 0.170703 0.470362 0.0762 
v 0.0969358 0.490901 0.0762 
v -0.085975 0.492939 0.0762 
v -0.101034 0.490074 0.0762 
v -0.115998 0.486749 0.0762 
v -0.130853 0.482967 0.0762 
v -0.216927 0.450913 0.0762 
v -0.257396 0.429101 0.0762 
v -0.270419 0.421015 0.0762 
v -0.307918 0.394419 0.0762 
v -0.362721 0.278326 0.0762 
v -0.373589 0.200898 0.0762 
v -0.366637 0.213322 0.0762 
v 0.0309319 0.456152 0.0762 
v 0.0412227 0.422172 0.0762 
v -0.232165 0.393867 0.0762 
v -0.218225 0.36374 0.0762 
v -0.205896 0.370858 0.0762 
v -0.244492 0.386336 0.0762 
v -0.283572 -0.358635 0.0762 
v -0.235662 -0.352693 0.0762 
v -0.262239 -0.374516 0.0762 
v -0.223996 -0.360215 0.0762 
v -0.251236 -0.381985 0.0762 
v -0.21209 -0.367351 0.0762 
v -0.240019 -0.389131 0.0762 
v -0.319666 -0.384959 0.0762 
v -0.30766 -0.394621 0.0762 
v -0.295361 -0.403908 0.0762 
v 0.216114 -0.451303 0.0762 
v 0.394621 -0.30766 0.0762 
v 0.403908 -0.295361 0.0762 
v 0.456902 -0.016506 0.0762 
v 0.423953 -0.0138788 0.0762 
v 0.423272 -0.0277427 0.0762 
v 0.457195 -0.00206369 0.0762 
v 0.42418 2.40321e-16 0.0762 
v 0.457032 0.0123807 0.0762 
v 0.423953 0.0138788 0.0762 
v 0.456413 0.0268127 0.0762 
v 0.279732 0.414886 0.0762 
v 0.00557432 0.500349 0.0762 
v -0.00975464 0.500285 0.0762 
v -0.0403707 0.498749 0.0762 
v -0.0556291 0.497278 0.0762 
v -0.203014 0.457346 0.0762 
v -0.38012 0.188248 0.0762 
v -0.206829 0.407742 0.0762 
v -0.193334 0.377559 0.0762 
v -0.219606 0.401005 0.0762 
v -0.323289 0.323289 0.0762 
v -0.296905 0.302945 0.0762 
v -0.316557 0.282347 0.0762 
v -0.306904 0.292811 0.0762 
v -0.406066 0.292388 0.0762 
v -0.396978 0.304612 0.0762 
v -0.431039 0.254137 0.0762 
v -0.423104 0.267139 0.0762 
v -0.431039 -0.254137 0.0762 
v -0.423104 -0.267139 0.0762 
v -0.414777 -0.279893 0.0762 
v -0.406066 -0.292388 0.0762 
v -0.279681 -0.318915 0.0762 
v -0.303945 -0.34154 0.0762 
v -0.293882 -0.350236 0.0762 
v -0.269097 -0.327896 0.0762 
v -0.2286 -0.395947 0.0762 
v -0.282783 -0.412812 0.0762 
v -0.269936 -0.421325 0.0762 
v 0.187922 -0.463752 0.0762 
v 0.173551 -0.469319 0.0762 
v 0.202114 -0.457745 0.0762 
v 0.282783 -0.412812 0.0762 
v 0.269936 -0.421325 0.0762 
v 0.412812 -0.282783 0.0762 
v 0.421325 -0.269936 0.0762 
v 0.490386 0.099508 0.0762 
v 0.487089 0.114562 0.0762 
v 0.421325 0.269936 0.0762 
v 0.412812 0.282783 0.0762 
v 0.240473 0.438808 0.0762 
v 0.0362022 0.499069 0.0762 
v 0.020898 0.499943 0.0762 
v -0.0250744 0.499751 0.0762 
v -0.0708353 0.495341 0.0762 
v -0.386223 0.175386 0.0762 
v -0.414777 0.279893 0.0762 
v -0.299941 -0.299941 0.0762 
v -0.323289 -0.323289 0.0762 
v -0.31375 -0.332555 0.0762 
v -0.289966 -0.309594 0.0762 
v -0.256834 -0.429438 0.0762 
v -0.243487 -0.437143 0.0762 
v -0.22991 -0.444434 0.0762 
v -0.216114 -0.451303 0.0762 
v -0.159016 -0.474441 0.0762 
v -0.173551 -0.469319 0.0762 
v -0.144331 -0.479113 0.0762 
v -0.129508 -0.48333 0.0762 
v -0.114562 -0.487089 0.0762 
v -0.0538364 -0.497475 0.0762 
v -0.0691307 -0.495582 0.0762 
v -0.0384911 -0.498897 0.0762 
v 0.0538364 -0.497475 0.0762 
v 0.0384911 -0.498897 0.0762 
v 0.0691307 -0.495582 0.0762 
v 0.429438 -0.256834 0.0762 
v 0.437143 -0.243487 0.0762 
v -0.314558 0.18161 0.0762 
v -0.288999 0.159724 0.0762 
v -0.282824 0.170418 0.0762 
v -0.453889 0.0549266 0.0762 
v -0.45539 0.0406425 0.0762 
v -0.422137 0.0415769 0.0762 
v -0.456442 0.0263183 0.0762 
v -0.423272 0.0277427 0.0762 
v 0.493218 0.0843594 0.0762 
v 0.48333 0.129508 0.0762 
v 0.479113 0.144331 0.0762 
v 0.403908 0.295361 0.0762 
v 0.384959 0.319666 0.0762 
v 0.374933 0.331369 0.0762 
v 0.269097 0.327896 0.0762 
v 0.304612 0.396978 0.0762 
v 0.456152 -0.0309319 0.0762 
v 0.422137 -0.0415769 0.0762 
v 0.279681 0.318915 0.0762 
v 0.0514723 0.497726 0.0762 
v -0.334784 0.260478 0.0762 
v -0.325854 0.271565 0.0762 
v -0.359272 0.225505 0.0762 
v -0.351502 0.237434 0.0762 
v -0.391891 0.162327 0.0762 
v -0.309594 -0.289966 0.0762 
v -0.327896 -0.269097 0.0762 
v -0.336525 -0.258224 0.0762 
v -0.396978 -0.304612 0.0762 
v -0.202114 -0.457745 0.0762 
v -0.099508 -0.490386 0.0762 
v -0.0843594 -0.493218 0.0762 
v -0.0231093 -0.499846 0.0762 
v -0.00770553 -0.500321 0.0762 
v 0.0231093 -0.499846 0.0762 
v 0.00770553 -0.500321 0.0762 
v 0.0843594 -0.493218 0.0762 
v 0.099508 -0.490386 0.0762 
v 0.114562 -0.487089 0.0762 
v 0.129508 -0.48333 0.0762 
v 0.144331 -0.479113 0.0762 
v -0.387304 0.242955 0.0762 
v -0.394744 0.23067 0.0762 
v -0.371285 0.266795 0.0762 
v -0.379482 0.255001 0.0762 
v -0.308447 0.191805 0.0762 
v -0.294769 0.148806 0.0762 
v -0.320331 0.171221 0.0762 
v -0.451939 0.0691564 0.0762 
v -0.420551 0.0553666 0.0762 
v 0.498897 0.0384911 0.0762 
v 0.497475 0.0538364 0.0762 
v 0.474441 0.159016 0.0762 
v 0.469319 0.173551 0.0762 
v 0.463752 0.187922 0.0762 
v 0.457745 0.202114 0.0762 
v 0.394621 0.30766 0.0762 
v 0.36455 0.342758 0.0762 
v -0.343336 0.249096 0.0762 
v -0.318915 -0.279681 0.0762 
v -0.187922 -0.463752 0.0762 
v 0.159016 -0.474441 0.0762 
v 0.463752 -0.187922 0.0762 
v 0.457745 -0.202114 0.0762 
v 0.469319 -0.173551 0.0762 
v 0.497475 -0.0538364 0.0762 
v 0.495582 -0.0691307 0.0762 
v 0.498897 -0.0384911 0.0762 
v -0.325762 0.160648 0.0762 
v -0.300127 0.13768 0.0762 
v -0.305065 0.126362 0.0762 
v -0.330844 0.149903 0.0762 
v -0.457043 0.0119681 0.0762 
v -0.423953 0.0138788 0.0762 
v -0.457194 -0.00239388 0.0762 
v -0.42418 -1.03894e-16 0.0762 
v -0.456893 -0.0167535 0.0762 
v -0.423953 -0.0138788 0.0762 
v 0.495582 0.0691307 0.0762 
v 0.451303 0.216114 0.0762 
v 0.444434 0.22991 0.0762 
v 0.437143 0.243487 0.0762 
v 0.353822 0.353822 0.0762 
v 0.454948 -0.0453268 0.0762 
v 0.420551 -0.0553666 0.0762 
v 0.292309 0.406123 0.0762 
v 0.0453268 0.454948 0.0762 
v 0.0553666 0.420551 0.0762 
v 0.444434 -0.22991 0.0762 
v 0.451303 -0.216114 0.0762 
v 0.474441 -0.159016 0.0762 
v 0.479113 -0.144331 0.0762 
v 0.48333 -0.129508 0.0762 
v 0.487089 -0.114562 0.0762 
v 0.493218 -0.0843594 0.0762 
v 0.490386 -0.099508 0.0762 
v 0.499846 -0.0231093 0.0762 
v -0.323239 0.067444 0.0762 
v -0.320491 0.0794831 0.0762 
v -0.353732 0.0824786 0.0762 
v -0.325535 0.0553106 0.0762 
v -0.356241 0.0708607 0.0762 
v -0.414701 0.192498 0.0762 
v -0.420542 0.179377 0.0762 
v -0.401795 0.218157 0.0762 
v -0.408449 0.205429 0.0762 
v -0.409726 0.109786 0.0762 
v -0.350844 0.0940083 0.0762 
v -0.269298 0.191077 0.0762 
v -0.295242 0.211568 0.0762 
v -0.302006 0.201794 0.0762 
v -0.276254 0.180874 0.0762 
v -0.335572 0.138998 0.0762 
v -0.309577 0.114867 0.0762 
v -0.456141 -0.0310966 0.0762 
v -0.423272 -0.0277427 0.0762 
v -0.454939 -0.045409 0.0762 
v -0.422137 -0.0415769 0.0762 
v 0.499846 0.0231093 0.0762 
v 0.429438 0.256834 0.0762 
v 0.500321 -0.00770553 0.0762 
v 0.500321 0.00770553 0.0762 
v -0.358369 0.0591669 0.0762 
v -0.425969 0.166078 0.0762 
v -0.446705 0.0973975 0.0762 
v -0.449544 0.0833181 0.0762 
v -0.41603 0.0827534 0.0762 
v -0.418514 0.069097 0.0762 
v 0.453289 -0.0596766 0.0762 
v 0.0596766 0.453289 0.0762 
v -0.327375 0.0430997 0.0762 
v -0.261965 0.201013 0.0762 
v -0.288162 0.221114 0.0762 
v -0.443425 0.111381 0.0762 
v -0.413099 0.0963212 0.0762 
v -0.435557 0.139004 0.0762 
v -0.439708 0.125254 0.0762 
v -0.317295 0.0914111 0.0762 
v -0.313655 0.103211 0.0762 
v -0.360113 0.0474097 0.0762 
v -0.430976 0.152616 0.0762 
v -0.453289 -0.0596766 0.0762 
v -0.420551 -0.0553666 0.0762 
v 0.258224 0.336525 0.0762 
v 0.292309 0.406123 0 
v 0.304612 0.396978 0 
v 0.279732 0.414886 0 
v 0.266892 0.42326 0 
v 0.253802 0.431236 0 
v 0.240473 0.438808 0 
v 0.226919 0.445968 0 
v 0.213152 0.45271 0 
v 0.199185 0.459027 0 
v 0.185031 0.464912 0 
v 0.170703 0.470362 0 
v 0.18333 0.465559 0 
v 0.156216 0.47537 0 
v 0.141581 0.479932 0 
v 0.126814 0.484044 0 
v 0.111927 0.487701 0 
v 0.0969358 0.490901 0 
v 0.0818534 0.49364 0 
v 0.0666941 0.495915 0 
v 0.0514723 0.497726 0 
v 0.0362022 0.499069 0 
v 0.020898 0.499943 0 
v 0.00557432 0.500349 0 
v -0.00975464 0.500285 0 
v -0.0250744 0.499751 0 
v -0.0403707 0.498749 0 
v -0.0556291 0.497278 0 
v -0.0708353 0.495341 0 
v -0.085975 0.492939 0 
v -0.101034 0.490074 0 
v -0.115998 0.486749 0 
v -0.130853 0.482967 0 
v -0.145586 0.478733 0 
v -0.136252 0.481416 0 
v -0.160182 0.474048 0 
v -0.174627 0.468919 0 
v -0.188909 0.46335 0 
v -0.203014 0.457346 0 
v -0.216927 0.450913 0 
v -0.205748 0.456082 0 
v -0.230638 0.444057 0 
v -0.244131 0.436784 0 
v -0.257396 0.429101 0 
v -0.270419 0.421015 0 
v -0.283189 0.412534 0 
v -0.295692 0.403666 0 
v -0.307918 0.394419 0 
v -0.319855 0.384802 0 
v -0.331492 0.374824 0 
v -0.342818 0.364494 0 
v -0.353822 0.353822 0 
v -0.406066 0.292388 0 
v -0.396978 0.304612 0 
v -0.414777 0.279893 0 
v -0.423104 0.267139 0 
v -0.430246 0.255436 0 
v -0.431039 0.254137 0 
v -0.438574 0.2409 0 
v -0.432708 0.251204 0 
v -0.445703 0.227439 0 
v -0.45242 0.213768 0 
v -0.458716 0.199899 0 
v -0.4631 0.189407 0 
v -0.464588 0.185844 0 
v -0.470029 0.171617 0 
v -0.475035 0.157231 0 
v -0.479601 0.1427 0 
v -0.483722 0.128036 0 
v -0.487395 0.113254 0 
v -0.490616 0.0983662 0 
v -0.493383 0.0833877 0 
v -0.495692 0.0683319 0 
v -0.497378 0.0545605 0 
v -0.496178 0.0643603 0 
v -0.497543 0.0532128 0 
v -0.498932 0.0380444 0 
v -0.499858 0.0228408 0 
v -0.500322 0.00761594 0 
v -0.500322 -0.00761594 0 
v -0.499858 -0.0228408 0 
v -0.498932 -0.0380444 0 
v -0.497543 -0.0532128 0 
v -0.496055 -0.0653644 0 
v -0.495692 -0.0683319 0 
v -0.493383 -0.0833877 0 
v -0.490616 -0.0983662 0 
v -0.487395 -0.113254 0 
v -0.483722 -0.128036 0 
v -0.479601 -0.1427 0 
v -0.475035 -0.157231 0 
v -0.470029 -0.171617 0 
v -0.464588 -0.185844 0 
v -0.458716 -0.199899 0 
v -0.45242 -0.213768 0 
v -0.447629 -0.22352 0 
v -0.445703 -0.227439 0 
v -0.438574 -0.2409 0 
v -0.431039 -0.254137 0 
v -0.423104 -0.267139 0 
v -0.430246 -0.255436 0 
v -0.414777 -0.279893 0 
v -0.406066 -0.292388 0 
v -0.396978 -0.304612 0 
v -0.2286 -0.395947 0 
v -0.240019 -0.389131 0 
v -0.251236 -0.381985 0 
v -0.262239 -0.374516 0 
v -0.273021 -0.366731 0 
v -0.283572 -0.358635 0 
v -0.293882 -0.350236 0 
v -0.303945 -0.34154 0 
v -0.31375 -0.332555 0 
v -0.323289 -0.323289 0 
v -0.453289 -0.0596766 0 
v -0.454939 -0.045409 0 
v -0.456141 -0.0310966 0 
v -0.456893 -0.0167535 0 
v -0.457194 -0.00239388 0 
v -0.457043 0.0119681 0 
v -0.456442 0.0263183 0 
v -0.453889 0.0549266 0 
v -0.453927 0.0545605 0 
v -0.452596 0.0643603 0 
v -0.451939 0.0691564 0 
v -0.449544 0.0833181 0 
v -0.446705 0.0973975 0 
v -0.443425 0.111381 0 
v -0.439708 0.125254 0 
v -0.435557 0.139004 0 
v -0.425969 0.166078 0 
v -0.430246 0.154578 0 
v -0.416077 0.189407 0 
v -0.414701 0.192498 0 
v -0.408449 0.205429 0 
v -0.401795 0.218157 0 
v -0.394744 0.23067 0 
v -0.381947 0.251204 0 
v -0.379482 0.255001 0 
v -0.371285 0.266795 0 
v -0.362721 0.278326 0 
v -0.387304 0.242955 0 
v -0.420542 0.179377 0 
v -0.430976 0.152616 0 
v -0.45539 0.0406425 0 
v -0.342758 -0.36455 0 
v -0.353822 -0.353822 0 
v -0.331369 -0.374933 0 
v -0.319666 -0.384959 0 
v -0.30766 -0.394621 0 
v -0.295361 -0.403908 0 
v -0.282783 -0.412812 0 
v -0.269936 -0.421325 0 
v -0.256834 -0.429438 0 
v -0.243487 -0.437143 0 
v -0.22991 -0.444434 0 
v -0.216114 -0.451303 0 
v -0.205748 -0.456073 0 
v -0.202114 -0.457745 0 
v -0.187922 -0.463752 0 
v -0.173551 -0.469319 0 
v -0.159016 -0.474441 0 
v -0.145344 -0.47879 0 
v -0.144331 -0.479113 0 
v -0.136252 -0.481411 0 
v -0.129508 -0.48333 0 
v -0.114562 -0.487089 0 
v -0.099508 -0.490386 0 
v -0.0843594 -0.493218 0 
v -0.0691307 -0.495582 0 
v -0.0538364 -0.497475 0 
v -0.0384911 -0.498897 0 
v -0.0231093 -0.499846 0 
v -0.00770553 -0.500321 0 
v 0.00770553 -0.500321 0 
v 0.0231093 -0.499846 0 
v 0.0384911 -0.498897 0 
v 0.0538364 -0.497475 0 
v 0.0691307 -0.495582 0 
v 0.0843594 -0.493218 0 
v 0.099508 -0.490386 0 
v 0.114562 -0.487089 0 
v 0.129508 -0.48333 0 
v 0.144331 -0.479113 0 
v 0.159016 -0.474441 0 
v 0.145344 -0.47879 0 
v 0.173551 -0.469319 0 
v 0.18333 -0.46553 0 
v 0.187922 -0.463752 0 
v 0.202114 -0.457745 0 
v 0.216114 -0.451303 0 
v 0.22991 -0.444434 0 
v 0.243487 -0.437143 0 
v 0.256834 -0.429438 0 
v 0.269936 -0.421325 0 
v 0.282783 -0.412812 0 
v 0.295361 -0.403908 0 
v 0.30766 -0.394621 0 
v 0.319666 -0.384959 0 
v 0.325691 -0.379798 0 
v 0.331369 -0.374933 0 
v 0.342758 -0.36455 0 
v 0.353822 -0.353822 0 
v 0.36455 -0.342758 0 
v 0.374933 -0.331369 0 
v 0.384959 -0.319666 0 
v 0.392809 -0.309912 0 
v 0.392704 -0.310042 0 
v 0.394621 -0.30766 0 
v 0.403908 -0.295361 0 
v 0.412812 -0.282783 0 
v 0.421325 -0.269936 0 
v 0.429438 -0.256834 0 
v 0.437143 -0.243487 0 
v 0.444434 -0.22991 0 
v 0.451303 -0.216114 0 
v 0.447616 -0.22352 0 
v 0.457745 -0.202114 0 
v 0.463752 -0.187922 0 
v 0.469319 -0.173551 0 
v 0.474441 -0.159016 0 
v 0.479113 -0.144331 0 
v 0.48333 -0.129508 0 
v 0.487089 -0.114562 0 
v 0.490386 -0.099508 0 
v 0.493218 -0.0843594 0 
v 0.495582 -0.0691307 0 
v 0.497475 -0.0538364 0 
v 0.496048 -0.0653644 0 
v 0.498897 -0.0384911 0 
v 0.499846 -0.0231093 0 
v 0.500321 -0.00770553 0 
v 0.500321 0.00770553 0 
v 0.499846 0.0231093 0 
v 0.498897 0.0384911 0 
v 0.497475 0.0538364 0 
v 0.496172 0.0643603 0 
v 0.497386 0.0545605 0 
v 0.495582 0.0691307 0 
v 0.493218 0.0843594 0 
v 0.490386 0.099508 0 
v 0.487089 0.114562 0 
v 0.48333 0.129508 0 
v 0.479113 0.144331 0 
v 0.474441 0.159016 0 
v 0.469319 0.173551 0 
v 0.463752 0.187922 0 
v 0.457745 0.202114 0 
v 0.463123 0.189407 0 
v 0.451303 0.216114 0 
v 0.444434 0.22991 0 
v 0.437143 0.243487 0 
v 0.432688 0.251204 0 
v 0.429438 0.256834 0 
v 0.421325 0.269936 0 
v 0.412812 0.282783 0 
v 0.403908 0.295361 0 
v 0.394621 0.30766 0 
v 0.387724 0.31623 0 
v 0.392809 0.309912 0 
v 0.384959 0.319666 0 
v 0.374933 0.331369 0 
v 0.36455 0.342758 0 
v 0.353822 0.353822 0 
v -0.335572 0.138998 0 
v -0.330844 0.149903 0 
v -0.325762 0.160648 0 
v -0.320331 0.171221 0 
v -0.309885 0.189407 0 
v -0.308447 0.191805 0 
v -0.302006 0.201794 0 
v -0.295242 0.211568 0 
v -0.288162 0.221114 0 
v -0.314558 0.18161 0 
v 0.0412227 0.422172 0 
v 0.0553666 0.420551 0 
v 0.0270323 0.423318 0 
v 0.0128115 0.423986 0 
v -0.00142372 0.424178 0 
v -0.0156573 0.423891 0 
v -0.0298733 0.423127 0 
v -0.0440557 0.421886 0 
v -0.0581884 0.42017 0 
v -0.0722556 0.417981 0 
v -0.0862414 0.41532 0 
v -0.10013 0.412192 0 
v -0.113906 0.4086 0 
v -0.127553 0.404548 0 
v -0.136252 0.401644 0 
v -0.141057 0.400039 0 
v -0.154402 0.395081 0 
v -0.167573 0.389677 0 
v -0.180556 0.383834 0 
v -0.193334 0.377559 0 
v -0.205896 0.370858 0 
v -0.205748 0.370937 0 
v -0.218225 0.36374 0 
v -0.230308 0.356212 0 
v -0.242132 0.348283 0 
v -0.253683 0.339961 0 
v -0.264949 0.331257 0 
v -0.275916 0.322179 0 
v -0.282631 0.31623 0 
v -0.286572 0.312738 0 
v -0.296905 0.302945 0 
v -0.306904 0.292811 0 
v -0.316557 0.282347 0 
v -0.325854 0.271565 0 
v -0.334784 0.260478 0 
v -0.341752 0.251204 0 
v -0.343336 0.249096 0 
v -0.351502 0.237434 0 
v -0.359272 0.225505 0 
v -0.366637 0.213322 0 
v -0.373589 0.200898 0 
v -0.379522 0.189407 0 
v -0.38012 0.188248 0 
v -0.386223 0.175386 0 
v -0.391891 0.162327 0 
v -0.360113 0.0474097 0 
v -0.327375 0.0430997 0 
v -0.269298 0.191077 0 
v -0.261965 0.201013 0 
v -0.276254 0.180874 0 
v -0.270437 0.189407 0 
v -0.282824 0.170418 0 
v -0.288999 0.159724 0 
v -0.294769 0.148806 0 
v -0.300127 0.13768 0 
v -0.305065 0.126362 0 
v -0.309577 0.114867 0 
v -0.313655 0.103211 0 
v -0.317295 0.0914111 0 
v -0.320491 0.0794831 0 
v -0.323239 0.067444 0 
v -0.325535 0.0553106 0 
v -0.323822 0.0643603 0 
v -0.325648 0.0545605 0 
v -0.359052 0.0545605 0 
v -0.358369 0.0591669 0 
v -0.356241 0.0708607 0 
v -0.357424 0.0643603 0 
v -0.353732 0.0824786 0 
v -0.350844 0.0940083 0 
v 0.258224 0.336525 0 
v 0.330129 0.31623 0 
v 0.325691 0.32081 0 
v 0.333341 0.312915 0 
v 0.34306 0.302228 0 
v 0.352436 0.291239 0 
v 0.361461 0.27996 0 
v 0.370125 0.268401 0 
v 0.386336 0.244492 0 
v 0.381938 0.251204 0 
v 0.392809 0.233897 0 
v 0.393867 0.232165 0 
v 0.401005 0.219606 0 
v 0.407742 0.206829 0 
v 0.41999 0.180666 0 
v 0.416065 0.189407 0 
v 0.425488 0.167308 0 
v 0.430561 0.153783 0 
v 0.435204 0.140104 0 
v 0.439413 0.126286 0 
v 0.443183 0.112341 0 
v 0.446511 0.0982845 0 
v 0.449393 0.0841296 0 
v 0.453809 0.0555821 0 
v 0.452593 0.0643603 0 
v 0.455338 0.041218 0 
v 0.453918 0.0545605 0 
v 0.456413 0.0268127 0 
v 0.457032 0.0123807 0 
v 0.457195 -0.00206369 0 
v 0.456902 -0.016506 0 
v 0.456152 -0.0309319 0 
v 0.454948 -0.0453268 0 
v 0.453289 -0.0596766 0 
v 0.451826 0.0698907 0 
v 0.414073 0.193844 0 
v 0.378419 0.256575 0 
v 0.323289 0.323289 0 
v 0.420551 -0.0553666 0 
v 0.422137 -0.0415769 0 
v 0.423272 -0.0277427 0 
v 0.423953 -0.0138788 0 
v 0.42418 2.40321e-16 0 
v 0.423953 0.0138788 0 
v 0.423272 0.0277427 0 
v 0.422137 0.0415769 0 
v 0.420644 0.0545605 0 
v 0.420551 0.0553666 0 
v 0.419217 0.0643603 0 
v 0.418514 0.069097 0 
v 0.41603 0.0827534 0 
v 0.413099 0.0963212 0 
v 0.409726 0.109786 0 
v 0.405915 0.123133 0 
v 0.401669 0.136348 0 
v 0.396993 0.149417 0 
v 0.392809 0.160005 0 
v 0.391891 0.162327 0 
v 0.38637 0.175062 0 
v 0.380435 0.18761 0 
v 0.374093 0.199957 0 
v 0.379513 0.189407 0 
v 0.367351 0.21209 0 
v 0.360215 0.223996 0 
v 0.352693 0.235662 0 
v 0.344793 0.247075 0 
v 0.336525 0.258224 0 
v 0.341731 0.251204 0 
v 0.327896 0.269097 0 
v 0.318915 0.279681 0 
v 0.325691 0.271695 0 
v 0.309594 0.289966 0 
v 0.299941 0.299941 0 
v 0.289966 0.309594 0 
v 0.282644 0.31623 0 
v 0.279681 0.318915 0 
v 0.269097 0.327896 0 
v -0.21209 -0.367351 0 
v -0.336525 -0.258224 0 
v -0.327896 -0.269097 0 
v -0.318915 -0.279681 0 
v -0.309594 -0.289966 0 
v -0.299941 -0.299941 0 
v -0.289966 -0.309594 0 
v -0.279681 -0.318915 0 
v -0.289472 -0.310042 0 
v -0.269097 -0.327896 0 
v -0.258224 -0.336525 0 
v -0.247075 -0.344793 0 
v -0.235662 -0.352693 0 
v -0.223996 -0.360215 0 
v -0.430246 -0.056643 0 
v -0.420551 -0.0553666 0 
v -0.323289 0.323289 0 
v -0.312915 0.333341 0 
v -0.302228 0.34306 0 
v -0.291239 0.352436 0 
v -0.27996 0.361461 0 
v -0.268401 0.370125 0 
v -0.256575 0.378419 0 
v -0.244492 0.386336 0 
v -0.232165 0.393867 0 
v -0.219606 0.401005 0 
v -0.193844 0.414073 0 
v -0.205748 0.408269 0 
v -0.180666 0.41999 0 
v -0.167308 0.425488 0 
v -0.153783 0.430561 0 
v -0.126286 0.439413 0 
v -0.136252 0.436378 0 
v -0.112341 0.443183 0 
v -0.0982845 0.446511 0 
v -0.0841296 0.449393 0 
v -0.0698907 0.451826 0 
v -0.0555821 0.453809 0 
v -0.041218 0.455338 0 
v -0.0268127 0.456413 0 
v -0.0123807 0.457032 0 
v 0.00206369 0.457195 0 
v 0.016506 0.456902 0 
v 0.0309319 0.456152 0 
v 0.0453268 0.454948 0 
v 0.0596766 0.453289 0 
v -0.140104 0.435204 0 
v -0.206829 0.407742 0 
v -0.413099 0.0963212 0 
v -0.409726 0.109786 0 
v -0.41603 0.0827534 0 
v -0.418514 0.069097 0 
v -0.420551 0.0553666 0 
v -0.419217 0.0643603 0 
v -0.422137 0.0415769 0 
v -0.420644 0.0545605 0 
v -0.423272 0.0277427 0 
v -0.423953 0.0138788 0 
v -0.42418 -1.03894e-16 0 
v -0.423953 -0.0138788 0 
v -0.423272 -0.0277427 0 
v -0.422137 -0.0415769 0 
v 0.325691 0.325691 0 
v -0.136252 -0.336635 0 
v -0.142982 -0.333894 0 
v -0.154808 -0.328578 0 
v -0.166437 -0.322843 0 
v -0.177854 -0.316697 0 
v -0.189044 -0.310147 0 
v -0.18921 -0.310042 0 
v -0.199994 -0.303202 0 
v -0.25065 -0.262875 0 
v -0.268765 -0.244324 0 
v -0.241108 -0.271653 0 
v -0.221114 -0.288162 0 
v -0.231259 -0.280086 0 
v -0.205748 -0.299257 0 
v -0.210688 -0.29587 0 
v -0.277314 -0.234575 0 
v -0.259873 -0.253761 0 
v -0.28551 -0.224528 0 
v -0.286274 -0.22352 0 
v -0.345973 -0.110596 0 
v -0.3497 -0.0981765 0 
v -0.341805 -0.122874 0 
v -0.320839 -0.170267 0 
v -0.326712 -0.158707 0 
v -0.332169 -0.146945 0 
v -0.337202 -0.134995 0 
v -0.314558 -0.18161 0 
v -0.352981 -0.0856324 0 
v -0.3008 -0.203588 0 
v -0.307875 -0.192722 0 
v -0.293342 -0.214194 0 
v -0.355813 -0.0729791 0 
v -0.318949 -0.085462 0 
v -0.260066 -0.0696844 0 
v -0.261129 -0.0653644 0 
v -0.323651 -0.0653644 0 
v -0.321574 -0.0749806 0 
v -0.327375 -0.0430997 0 
v -0.268799 -0.0154106 0 
v -0.269204 -0.00440523 0 
v -0.32579 -0.0537881 0 
v -0.264891 -0.0481985 0 
v -0.26664 -0.0373255 0 
v -0.323855 -0.0644188 0 
v -0.267944 -0.0263901 0 
v -0.262698 -0.0589908 0 
v -0.266326 0.0395057 0 
v -0.269159 0.00660748 0 
v -0.268664 0.0176091 0 
v -0.360113 -0.0474097 0 
v -0.264488 0.050364 0 
v -0.358191 -0.0602328 0 
v -0.267719 0.0285813 0 
v -0.263599 0.0545605 0 
v -0.357234 -0.0653644 0 
v -0.262207 0.061138 0 
v -0.228639 0.142177 0 
v -0.234262 0.132708 0 
v -0.239493 0.123017 0 
v -0.222634 0.151408 0 
v -0.244324 0.11312 0 
v -0.248745 0.103034 0 
v -0.252751 0.0927751 0 
v -0.261385 0.0643603 0 
v -0.259487 0.0718097 0 
v -0.216256 0.160386 0 
v -0.256333 0.0823613 0 
v -0.209516 0.169096 0 
v -0.205748 0.173574 0 
v -0.202425 0.177522 0 
v -0.194996 0.185652 0 
v -0.144043 0.227468 0 
v -0.153225 0.221387 0 
v -0.179172 0.200966 0 
v -0.170804 0.208125 0 
v -0.16215 0.214936 0 
v -0.187241 0.193471 0 
v -0.191272 0.189407 0 
v -0.136252 0.196045 0 
v -0.136947 0.195581 0 
v -0.145348 0.189421 0 
v -0.224361 0.0816607 0 
v -0.227709 0.0717965 0 
v -0.21639 0.100904 0 
v -0.220585 0.0913695 0 
v -0.205748 0.121068 0 
v -0.206772 0.11938 0 
v -0.211783 0.110247 0 
v -0.229877 0.0643603 0 
v -0.230624 0.0617956 0 
v -0.205748 -0.0270872 0 
v -0.238533 0.0104146 0 
v -0.23876 -5.84793e-17 0 
v -0.238533 -0.0104146 0 
v -0.236717 0.0311644 0 
v -0.237851 0.0208093 0 
v -0.235133 0.0414602 0 
v -0.232395 0.0545605 0 
v -0.2331 0.0516771 0 
v -0.237851 -0.0208093 0 
v -0.150085 -0.026464 0 
v -0.148788 -0.0329854 0 
v -0.143209 -0.0521239 0 
v -0.140799 -0.058321 0 
v -0.147207 -0.039444 0 
v -0.145346 -0.0458276 0 
v -0.151096 -0.0198922 0 
v -0.205748 -0.0852236 0 
v -0.282412 -0.1711 0 
v -0.275708 -0.181707 0 
v -0.294589 -0.149162 0 
v -0.288709 -0.160247 0 
v -0.305065 -0.126362 0 
v -0.300044 -0.137861 0 
v -0.261114 -0.202117 0 
v -0.253246 -0.211892 0 
v -0.268605 -0.192051 0 
v -0.245013 -0.221361 0 
v -0.242987 -0.22352 0 
v -0.227497 -0.239327 0 
v -0.21824 -0.247797 0 
v -0.208667 -0.25591 0 
v -0.236426 -0.23051 0 
v 0.336525 -0.258224 0 
v 0.344793 -0.247075 0 
v 0.352693 -0.235662 0 
v 0.327896 -0.269097 0 
v 0.325691 -0.271695 0 
v 0.360215 -0.223996 0 
v 0.422398 -0.174963 0 
v 0.392809 -0.162707 0 
v 0.416584 -0.188387 0 
v 0.410344 -0.201618 0 
v 0.403684 -0.214642 0 
v 0.392809 -0.233837 0 
v 0.39661 -0.227447 0 
v 0.39878 -0.22352 0 
v 0.355311 -0.287725 0 
v 0.345924 -0.298945 0 
v 0.364334 -0.276211 0 
v 0.381253 -0.252346 0 
v 0.372984 -0.264414 0 
v 0.389131 -0.240019 0 
v 0.336183 -0.309859 0 
v 0.336009 -0.310042 0 
v 0.326098 -0.320456 0 
v 0.325691 -0.320857 0 
v 0.195628 -0.413233 0 
v 0.18333 -0.418816 0 
v 0.246774 -0.384882 0 
v 0.258961 -0.37679 0 
v 0.270883 -0.368313 0 
v 0.282527 -0.359458 0 
v 0.208749 -0.406763 0 
v 0.221655 -0.399876 0 
v 0.234334 -0.39258 0 
v 0.293882 -0.350236 0 
v 0.304937 -0.340654 0 
v 0.315679 -0.330724 0 
v 0.0989562 -0.446363 0 
v 0.0846254 -0.4493 0 
v 0.127299 -0.43912 0 
v 0.113186 -0.442968 0 
v 0.0119681 -0.457043 0 
v -0.00265987 -0.457192 0 
v 0.070208 -0.451777 0 
v 0.0557187 -0.453792 0 
v -0.0172851 -0.456873 0 
v 0.0265838 -0.456426 0 
v -0.0318927 -0.456086 0 
v -0.0464676 -0.454833 0 
v 0.0411723 -0.455342 0 
v 0.141283 -0.434823 0 
v 0.155121 -0.430081 0 
v 0.168801 -0.424898 0 
v -0.0754598 -0.45093 0 
v -0.0898474 -0.448285 0 
v -0.0609949 -0.453113 0 
v 0.182308 -0.41928 0 
v -0.106471 -0.347265 0 
v -0.118798 -0.343243 0 
v -0.104143 -0.445181 0 
v -0.130973 -0.338784 0 
v -0.118332 -0.441621 0 
v -0.0940083 -0.350844 0 
v 0.325691 0.05412 0 
v 0.329493 0.0215961 0 
v 0.32849 0.0335599 0 
v 0.33006 0.00960377 0 
v 0.330191 -0.00240126 0 
v 0.329144 -0.0263859 0 
v 0.329886 -0.0144031 0 
v 0.326357 -0.0502311 0 
v 0.327967 -0.0383339 0 
v 0.325691 -0.0540906 0 
v 0.348662 0.101801 0 
v 0.352119 0.0891136 0 
v 0.344749 0.114356 0 
v 0.340383 0.12676 0 
v 0.335572 0.138998 0 
v 0.355114 0.0763091 0 
v 0.325691 0.134906 0 
v 0.357643 0.0634045 0 
v 0.359046 0.0545605 0 
v 0.357456 0.0643603 0 
v 0.363214 -0.0020232 0 
v 0.362903 -0.0151696 0 
v 0.362116 -0.0282962 0 
v 0.360855 -0.0413857 0 
v 0.36305 0.0111259 0 
v 0.361293 0.0373631 0 
v 0.362409 0.0242604 0 
v 0.35912 -0.0544209 0 
v 0.359704 0.0504169 0 
v 0.380435 -0.18761 0 
v 0.38637 -0.175062 0 
v 0.328617 -0.154725 0 
v 0.325691 -0.160658 0 
v 0.3605 -0.22352 0 
v 0.374093 -0.199957 0 
v 0.367351 -0.21209 0 
v 0.391891 -0.162327 0 
v 0.334002 -0.142728 0 
v 0.343453 -0.118189 0 
v 0.33895 -0.130544 0 
v 0.351104 -0.0930308 0 
v 0.347506 -0.105679 0 
v 0.356915 -0.0673848 0 
v 0.354241 -0.0802604 0 
v 0.357258 -0.0653644 0 
v 0.309907 -0.189437 0 
v 0.302847 -0.200531 0 
v 0.316561 -0.178095 0 
v 0.322801 -0.166519 0 
v 0.295389 -0.211362 0 
v 0.287545 -0.221916 0 
v 0.289472 -0.310042 0 
v 0.232956 -0.278676 0 
v 0.222716 -0.286926 0 
v 0.201373 -0.302287 0 
v 0.190299 -0.309378 0 
v 0.212184 -0.2948 0 
v 0.299941 -0.299941 0 
v 0.309594 -0.289966 0 
v 0.261793 -0.25178 0 
v 0.252508 -0.261091 0 
v 0.242891 -0.27006 0 
v 0.289966 -0.309594 0 
v 0.318915 -0.279681 0 
v 0.270736 -0.242138 0 
v 0.279323 -0.232179 0 
v 0.28626 -0.22352 0 
v 0.189176 -0.310042 0 
v 0.269097 -0.327896 0 
v 0.279681 -0.318915 0 
v 0.258224 -0.336525 0 
v 0.235662 -0.352693 0 
v 0.247075 -0.344793 0 
v 0.21209 -0.367351 0 
v 0.223996 -0.360215 0 
v 0.18333 -0.313493 0 
v 0.199957 -0.374093 0 
v 0.18333 -0.38246 0 
v 0.18761 -0.380435 0 
v 0.085462 -0.318949 0 
v -0.0623663 -0.324257 0 
v -0.0500015 -0.326392 0 
v -0.0375644 -0.328056 0 
v 0.0940083 -0.350844 0 
v 0.0827534 -0.41603 0 
v 0.0963212 -0.413099 0 
v 0.0553666 -0.420551 0 
v 0.069097 -0.418514 0 
v 1.93298e-17 -0.3302 0 
v 0.0415769 -0.422137 0 
v -0.0746411 -0.321653 0 
v -0.0988497 -0.315057 0 
v -0.0868081 -0.318585 0 
v 0.123133 -0.405915 0 
v 0.106647 -0.347211 0 
v 0.175062 -0.38637 0 
v 0.155639 -0.328185 0 
v 0.143658 -0.333603 0 
v -0.0250731 -0.329247 0 
v -0.0125456 -0.329962 0 
v 0.109786 -0.409726 0 
v 0.136348 -0.401669 0 
v 0.119145 -0.343123 0 
v 0.162327 -0.391891 0 
v 0.0277427 -0.423272 0 
v -7.8788e-17 -0.42418 0 
v 0.0138788 -0.423953 0 
v -0.113481 -0.310042 0 
v -0.110749 -0.311074 0 
v 0.149417 -0.396993 0 
v 0.131488 -0.338585 0 
v 0.167417 -0.322336 0 
v 0.0970921 -0.315603 0 
v 0.108592 -0.311833 0 
v 0.178975 -0.316064 0 
v 0.18333 -0.274611 0 
v 0.184167 -0.27407 0 
v 0.222229 -0.244226 0 
v 0.231029 -0.235919 0 
v 0.203745 -0.259846 0 
v 0.21313 -0.252205 0 
v 0.194087 -0.267137 0 
v 0.239519 -0.227295 0 
v 0.18333 0.0491232 0 
v 0.236717 0.0311644 0 
v 0.235133 0.0414602 0 
v 0.238533 0.0104146 0 
v 0.237851 0.0208093 0 
v 0.238533 -0.0104146 0 
v 0.23876 2.92397e-17 0 
v 0.237851 -0.0208093 0 
v 0.2331 -0.0516771 0 
v 0.235133 -0.0414602 0 
v 0.236717 -0.0311644 0 
v 0.229584 -0.0653644 0 
v 0.230624 -0.0617956 0 
v 0.2331 0.0516771 0 
v 0.232395 0.0545605 0 
v 0.203622 0.0545605 0 
v 0.0945015 0.0545605 0 
v 0.18333 0.105846 0 
v 0.201568 0.127972 0 
v 0.196007 0.136337 0 
v 0.190098 0.144461 0 
v 0.183854 0.152329 0 
v 0.206772 0.11938 0 
v 0.145289 0.189407 0 
v 0.0189554 0.238006 0 
v 0.00892752 0.238593 0 
v 0.0388929 0.235571 0 
v 0.0289498 0.236998 0 
v 0.105601 0.214137 0 
v 0.0965002 0.21839 0 
v 0.114515 0.209506 0 
v 0.139978 0.193423 0 
v 0.0585552 0.231468 0 
v 0.0487672 0.233727 0 
v 0.0872288 0.222255 0 
v 0.077803 0.225728 0 
v 0.131718 0.19914 0 
v -0.0011162 0.238757 0 
v -0.0111579 0.238499 0 
v 0.0682395 0.228801 0 
v 0.123226 0.204504 0 
v -0.0311644 0.236717 0 
v -0.11938 0.206772 0 
v -0.13462 0.233169 0 
v -0.128286 0.201368 0 
v -0.0330717 0.251204 0 
v -0.0211799 0.237819 0 
v -0.136252 0.232182 0 
v 0.156674 0.21896 0 
v 0.165682 0.212226 0 
v 0.174401 0.205121 0 
v 0.182815 0.197658 0 
v 0.128075 0.236827 0 
v 0.137854 0.231271 0 
v 0.107863 0.246689 0 
v 0.118072 0.241969 0 
v 0.147392 0.225312 0 
v 0.0968483 0.251204 0 
v 0.0974663 0.250979 0 
v 0.320158 0.0808143 0 
v 0.317008 0.0923995 0 
v 0.258658 0.074741 0 
v 0.261424 0.0643603 0 
v 0.323813 0.0643603 0 
v 0.322884 0.0691221 0 
v 0.31344 0.103863 0 
v 0.255311 0.0854785 0 
v 0.309457 0.115189 0 
v 0.251518 0.0960668 0 
v 0.305065 0.126362 0 
v 0.232036 0.136563 0 
v 0.237537 0.126753 0 
v 0.213145 0.164497 0 
v 0.247286 0.106487 0 
v 0.22613 0.146135 0 
v 0.206089 0.173256 0 
v 0.242623 0.116722 0 
v 0.219829 0.155452 0 
v 0.198673 0.181712 0 
v 0.191334 0.189407 0 
v 0.263623 0.0545605 0 
v 0.325184 0.0573386 0 
v 0.325621 0.0545605 0 
v 0.261554 0.0638731 0 
v 0.269114 0.00824717 0 
v 0.269223 -0.00299938 0 
v 0.265972 0.0418221 0 
v 0.264974 -0.0477373 0 
v 0.262749 -0.0587622 0 
v 0.323621 -0.0653644 0 
v 0.324315 -0.062062 0 
v 0.267487 0.0306775 0 
v 0.263993 0.0528938 0 
v 0.266737 -0.0366292 0 
v 0.268863 -0.0142407 0 
v 0.268034 -0.0254572 0 
v 0.268534 0.0194793 0 
v 0.318949 -0.085462 0 
v 0.321845 -0.0738108 0 
v 0.261127 -0.0653644 0 
v 0.260066 -0.0696844 0 
v -0.136252 0.068198 0 
v -0.138121 0.064407 0 
v -0.140799 0.058321 0 
v -0.155379 0.0643603 0 
v -0.138142 0.0643603 0 
v -0.182901 0.153472 0 
v -0.137011 0.113317 0 
v -0.136252 0.114196 0 
v -0.168829 0.168829 0 
v -0.176032 0.161304 0 
v -0.153472 0.182901 0 
v -0.161304 0.176032 0 
v -0.145366 0.189407 0 
v -0.189421 0.145348 0 
v -0.141715 0.107377 0 
v -0.195581 0.136947 0 
v -0.146161 0.101242 0 
v -0.154249 0.0884308 0 
v -0.150342 0.0949224 0 
v -0.164266 0.0680411 0 
v -0.201368 0.128286 0 
v -0.157877 0.0817787 0 
v -0.161218 0.074978 0 
v 0.019722 0.0736035 0 
v -0.0164927 0.0743938 0 
v -0.019722 0.0736035 0 
v 2.04002e-17 0.0762 0 
v 0.0099461 0.0755481 0 
v 0.00664127 0.07591 0 
v -0.0229138 0.0726732 0 
v 0.013232 0.0750424 0 
v -0.0033238 0.0761275 0 
v 0.064407 0.138121 0 
v 0.0347492 0.0954728 0 
v 0.0388806 0.0938662 0 
v -0.013232 0.0750424 0 
v -0.00664127 0.07591 0 
v -0.0099461 0.0755481 0 
v 0.0033238 0.0761275 0 
v 0.0164927 0.0743938 0 
v 0.0762 0.131982 0 
v 0.0703705 0.13518 0 
v 0.087413 0.124839 0 
v 0.0818845 0.128533 0 
v 0.0402424 0.173186 0 
v 0.0475845 0.171314 0 
v 0.0178314 0.176904 0 
v 0.0253523 0.175983 0 
v -0.00487069 0.177733 0 
v 0.00270617 0.177779 0 
v 0.108238 0.141058 0 
v 0.14799 0.187364 0 
v 0.163214 0.174262 0 
v 0.15574 0.180973 0 
v 0.0328271 0.174743 0 
v 0.0102781 0.177503 0 
v -0.0388806 0.0938662 0 
v 5.83474e-17 0.1524 0 
v -0.00664759 0.152255 0 
v -0.0260619 0.0716046 0 
v 0.0260619 0.0716046 0 
v 0.0229138 0.0726732 0 
v 0.0927752 0.120907 0 
v 0.177284 0.159927 0 
v 0.1704 0.167243 0 
v -0.0124387 0.177364 0 
v -0.0274932 0.175661 0 
v -0.0199841 0.176673 0 
v -0.0423482 0.172683 0 
v -0.0349524 0.174331 0 
v -0.07791 0.159821 0 
v -0.0710299 0.162996 0 
v 0.00664759 0.152255 0 
v 0.0305517 0.0968976 0 
v 0.0132615 0.100731 0 
v 0.0176427 0.100056 0 
v 0.00443173 0.101503 0 
v 0.00885502 0.101213 0 
v -0.00443173 0.101503 0 
v 6.48025e-17 0.1016 0 
v 0.06904 0.163848 0 
v 0.0759581 0.160758 0 
v -0.0568956 0.168451 0 
v -0.049667 0.170722 0 
v -0.0640209 0.165874 0 
v -0.103894 0.144287 0 
v -0.0976524 0.148583 0 
v -0.132059 0.119052 0 
v 0.0132825 0.15182 0 
v -0.0291605 0.0703996 0 
v -0.13518 0.0703705 0 
v -0.124839 0.087413 0 
v -0.128533 0.0818845 0 
v -0.116745 0.0979608 0 
v -0.120907 0.0927752 0 
v -0.10296 0.112361 0 
v 0.0291605 0.0703996 0 
v 0.026296 0.0981381 0 
v 0.0219903 0.0991917 0 
v -0.0132615 0.100731 0 
v -0.00885502 0.101213 0 
v -0.0219903 0.0991917 0 
v -0.0176427 0.100056 0 
v -0.0347492 0.0954728 0 
v 0.18333 0.152935 0 
v 0.0827384 0.157376 0 
v 0.0548403 0.169131 0 
v 0.0619964 0.166641 0 
v -0.109947 0.13973 0 
v -0.126867 0.12457 0 
v -0.0703705 0.13518 0 
v -0.0762 0.131982 0 
v -0.058321 0.140799 0 
v -0.064407 0.138121 0 
v -0.026464 0.150085 0 
v -0.0329854 0.148788 0 
v -0.0132825 0.15182 0 
v -0.0198922 0.151096 0 
v 0.0198922 0.151096 0 
v 0.0329854 0.148788 0 
v 0.026464 0.150085 0 
v 0.0458276 0.145346 0 
v 0.039444 0.147207 0 
v -0.131982 0.0762 0 
v -0.107763 0.107763 0 
v -0.112361 0.10296 0 
v -0.0979608 0.116745 0 
v -0.026296 0.0981381 0 
v -0.0305517 0.0968976 0 
v 0.095836 0.149761 0 
v 0.10213 0.145542 0 
v -0.115801 0.134919 0 
v -0.121444 0.129862 0 
v -0.087413 0.124839 0 
v -0.0927752 0.120907 0 
v -0.0818845 0.128533 0 
v -0.0521239 0.143209 0 
v -0.039444 0.147207 0 
v -0.0458276 0.145346 0 
v 0.0521239 0.143209 0 
v 0.058321 0.140799 0 
v 0.111475 0.0643603 0 
v 0.0893683 0.153708 0 
v -0.0912333 0.152608 0 
v -0.0846485 0.156357 0 
v 0.0104146 -0.238533 0 
v 0.0311644 -0.236717 0 
v 0.0414602 -0.235133 0 
v 0.0208093 -0.237851 0 
v 0.0516771 -0.2331 0 
v -0.0104146 -0.238533 0 
v 4.38595e-17 -0.23876 0 
v -0.0414602 -0.235133 0 
v -0.0311644 -0.236717 0 
v -0.0816607 -0.224361 0 
v 0.0617956 -0.230624 0 
v -0.0208093 -0.237851 0 
v -0.0516771 -0.2331 0 
v -0.0717965 -0.227709 0 
v -0.0617956 -0.230624 0 
v 0.0717965 -0.227709 0 
v 0.0816607 -0.224361 0 
v 0.0838234 -0.22352 0 
v -0.0838234 -0.22352 0 
v 0.220585 -0.0913695 0 
v 0.276929 -0.17984 0 
v 0.283333 -0.169571 0 
v 0.190381 -0.190381 0 
v 0.270153 -0.189867 0 
v 0.289356 -0.159075 0 
v 0.18333 -0.18333 0 
v 0.224361 -0.0816607 0 
v 0.227709 -0.0717965 0 
v 0.247687 -0.218365 0 
v 0.255522 -0.209142 0 
v 0.242971 -0.22352 0 
v 0.294991 -0.148365 0 
v 0.263014 -0.199639 0 
v 0.18333 -0.197147 0 
v 0.30023 -0.137456 0 
v 0.305065 -0.126362 0 
v 0.182351 -0.198086 0 
v 0.165371 -0.212468 0 
v 0.156449 -0.219121 0 
v 0.17401 -0.205453 0 
v -0.0222337 -0.26832 0 
v -0.033303 -0.267172 0 
v 0.1636 -0.286822 0 
v 0.13782 -0.231292 0 
v 0.128144 -0.23679 0 
v -0.0111263 -0.26901 0 
v 0.113447 -0.310042 0 
v 4.94586e-17 -0.26924 0 
v 0.15298 -0.292624 0 
v 0.118249 -0.241883 0 
v 0.0222337 -0.26832 0 
v 0.0111263 -0.26901 0 
v 0.142155 -0.298034 0 
v 0.108152 -0.246563 0 
v 0.174001 -0.280635 0 
v -0.122488 -0.306641 0 
v -0.0978709 -0.250822 0 
v -0.108152 -0.246563 0 
v 0.0978709 -0.250822 0 
v 0.0874221 -0.254652 0 
v 0.131138 -0.303043 0 
v 0.14726 -0.225399 0 
v -0.118249 -0.241883 0 
v -0.136252 -0.300737 0 
v -0.0874221 -0.254652 0 
v -0.0443154 -0.265568 0 
v 0.0443154 -0.265568 0 
v 0.033303 -0.267172 0 
v 0.0660945 -0.261001 0 
v 0.0552522 -0.26351 0 
v 0.119946 -0.307644 0 
v 0.15001 -0.22352 0 
v -0.13405 -0.301766 0 
v -0.0768239 -0.258047 0 
v -0.0552522 -0.26351 0 
v -0.0660945 -0.261001 0 
v 0.0768239 -0.258047 0 
v -0.128144 -0.23679 0 
v -0.1782 -0.277987 0 
v -0.14726 -0.225399 0 
v -0.15001 -0.22352 0 
v -0.136252 -0.232183 0 
v -0.156577 -0.290716 0 
v -0.145418 -0.296455 0 
v -0.167509 -0.284557 0 
v -0.198794 -0.263653 0 
v -0.188633 -0.271016 0 
v -0.205748 -0.2582 0 
v -0.13782 -0.231292 0 
v -0.157804 -0.0653644 0 
v -0.168829 -0.168829 0 
v -0.161304 -0.176032 0 
v -0.156449 -0.219121 0 
v -0.165371 -0.212468 0 
v -0.145348 -0.189421 0 
v -0.136947 -0.195581 0 
v -0.153472 -0.182901 0 
v -0.190381 -0.190381 0 
v -0.17401 -0.205453 0 
v -0.182351 -0.198086 0 
v -0.11938 -0.206772 0 
v -0.0889 -0.153979 0 
v -0.0955319 -0.149955 0 
v -0.110247 -0.211783 0 
v -0.0820989 -0.157711 0 
v -0.0913695 -0.220585 0 
v -0.0680411 -0.164266 0 
v -0.0751415 -0.161142 0 
v -0.0608112 -0.167077 0 
v -0.136252 -0.196045 0 
v -0.128286 -0.201368 0 
v -0.100904 -0.21639 0 
v -0.0534655 -0.169571 0 
v -0.038483 -0.173585 0 
v -0.046018 -0.171742 0 
v -0.0154963 -0.177123 0 
v -0.0232076 -0.176279 0 
v -0.00775553 -0.177631 0 
v -0.0308746 -0.175099 0 
v 3.26613e-17 -0.1778 0 
v 0.00775553 -0.177631 0 
v 0.0308746 -0.175099 0 
v 0.0232076 -0.176279 0 
v 0.0608112 -0.167077 0 
v 0.0534655 -0.169571 0 
v 0.0154963 -0.177123 0 
v 0.038483 -0.173585 0 
v 0.046018 -0.171742 0 
v 0.110247 -0.211783 0 
v 0.0820989 -0.157711 0 
v 0.0751415 -0.161142 0 
v 0.11938 -0.206772 0 
v 0.0889 -0.153979 0 
v 0.145348 -0.189421 0 
v 0.108238 -0.141058 0 
v 0.101982 -0.145645 0 
v 0.153472 -0.182901 0 
v 0.114288 -0.136203 0 
v -0.101982 -0.145645 0 
v 0.0913695 -0.220585 0 
v 0.0680411 -0.164266 0 
v 0.100904 -0.21639 0 
v 0.128286 -0.201368 0 
v 0.0955319 -0.149955 0 
v 0.136947 -0.195581 0 
v 0.168829 -0.168829 0 
v 0.136203 -0.114288 0 
v 0.131088 -0.12012 0 
v 0.153979 -0.0889 0 
v 0.149955 -0.0955319 0 
v 0.161142 -0.0751415 0 
v 0.157711 -0.0820989 0 
v -0.108238 -0.141058 0 
v -0.0715649 -0.0721181 0 
v -0.074554 -0.0690236 0 
v -0.0652073 -0.0779139 0 
v -0.0684475 -0.0750833 0 
v 0.161304 -0.176032 0 
v 0.12012 -0.131088 0 
v 0.125724 -0.125724 0 
v 0.141058 -0.108238 0 
v 0.165307 -0.0653644 0 
v 0.164266 -0.0680411 0 
v -0.0774095 -0.0658053 0 
v -0.0777684 -0.0653644 0 
v 0.145645 -0.101982 0 
v -0.0618502 -0.0806047 0 
v -0.0463876 -0.0604535 0 
v 0.0538815 -0.0538815 0 
v 0.0561805 -0.05148 0 
v 0.0463876 -0.0604535 0 
v 0.0489804 -0.0583726 0 
v -0.0409422 -0.0642664 0 
v -0.0391328 -0.0653644 0 
v 0.0391328 -0.0653644 0 
v 0.0604535 -0.0463876 0 
v 0.0624194 -0.0437065 0 
v 0.05148 -0.0561805 0 
v 0.0437065 -0.0624194 0 
v 0.0409422 -0.0642664 0 
v -0.0254 0.0381 0 
v -0.0254 0.04572 0 
v -0.0659911 0.0381 0 
v 0.0583726 -0.0489804 0 
v -0.0437065 -0.0624194 0 
v 0.0642664 -0.0409422 0 
v -0.05148 -0.0561805 0 
v -0.0489804 -0.0583726 0 
v -0.0703996 -0.0291605 0 
v -0.0690607 -0.0322035 0 
v -0.0761275 -0.0033238 0 
v -0.07591 -0.00664127 0 
v -0.0736035 0.019722 0 
v -0.0743938 0.0164927 0 
v -0.0716046 0.0260619 0 
v -0.0726732 0.0229138 0 
v -0.0675902 0.0351852 0 
v -0.0538815 -0.0538815 0 
v -0.0583726 -0.0489804 0 
v -0.0561805 -0.05148 0 
v -0.0659911 -0.0381 0 
v -0.0642664 -0.0409422 0 
v -0.0716046 -0.0260619 0 
v -0.0743938 -0.0164927 0 
v -0.0736035 -0.019722 0 
v -0.0989901 0.0228804 0 
v -0.0979327 0.0270509 0 
v -0.0762 -2.00735e-16 0 
v -0.07591 0.00664127 0 
v -0.0761275 0.0033238 0 
v -0.0750424 0.013232 0 
v -0.0755481 0.0099461 0 
v -0.0690607 0.0322035 0 
v -0.0750424 -0.013232 0 
v 0.0675902 -0.0351852 0 
v 0.0690607 -0.0322035 0 
v -0.0624194 -0.0437065 0 
v -0.0675902 -0.0351852 0 
v -0.0726732 -0.0229138 0 
v 0.0254 0.0381 0 
v 0.07591 -0.00664127 0 
v 0.0761275 -0.0033238 0 
v -0.0966996 0.0311728 0 
v -0.0963331 -0.0322876 0 
v -0.0976137 -0.0281802 0 
v -0.0932563 -0.0403215 0 
v -0.0948798 -0.0363371 0 
v -0.0703996 0.0291605 0 
v 0.0716046 -0.0260619 0 
v 0.0726732 -0.0229138 0 
v 0.0703996 -0.0291605 0 
v -0.0604535 -0.0463876 0 
v 0.0736035 0.019722 0 
v 0.0726732 0.0229138 0 
v 0.0750424 0.013232 0 
v 0.0743938 0.0164927 0 
v 0.07591 0.00664127 0 
v 0.0755481 0.0099461 0 
v 0.0762 9.24986e-17 0 
v -0.0998701 0.018669 0 
v -0.0987193 -0.0240222 0 
v -0.0996478 -0.0198212 0 
v -0.0873956 -0.0518129 0 
v -0.0895108 -0.0480663 0 
v -0.0755481 -0.0099461 0 
v 0.0743938 -0.0164927 0 
v 0.0750424 -0.013232 0 
v 0.0659911 -0.0381 0 
v 0.0716046 0.0260619 0 
v 0.0703996 0.0291605 0 
v 0.0761275 0.0033238 0 
v 0.0755481 -0.0099461 0 
v -0.100571 0.014424 0 
v -0.101431 0.00586413 0 
v -0.101091 0.0101532 0 
v -0.101563 -0.00273778 0 
v -0.100967 -0.0113201 0 
v -0.101356 -0.00703523 0 
v -0.100398 -0.0155846 0 
v -0.0914656 -0.0442336 0 
v -0.0851236 -0.0554665 0 
v -0.0801261 -0.062469 0 
v -0.082699 -0.0590206 0 
v -0.0879882 0.0508 0 
v 0.0675902 0.0351852 0 
v 0.0659911 0.0381 0 
v 0.0690607 0.0322035 0 
v -0.0952931 0.0352389 0 
v -0.0937158 0.0392417 0 
v -0.101588 0.00156457 0 
v 0.0736035 -0.019722 0 
v -0.0919704 0.0431742 0 
v 0.0254 0.04572 0 
v -0.09006 0.0470293 0 
v 0.0777565 -0.0653644 0 
v 0.129357 -0.080576 0 
v 0.132673 -0.0749915 0 
v 0.0115871 -0.151959 0 
v 0.0180509 -0.151327 0 
v 0.0388806 -0.0938662 0 
v 0.0291605 -0.0703996 0 
v -0.0291605 -0.0703996 0 
v -0.00139178 -0.152394 0 
v 0.0844759 -0.126845 0 
v 0.0577401 -0.0835981 0 
v 0.0541491 -0.0859677 0 
v 0.0898035 -0.12313 0 
v 0.0612277 -0.0810786 0 
v 0.125807 -0.0860142 0 
v 0.118027 -0.0964123 0 
v 0.122028 -0.0912961 0 
v 0.0769005 -0.0663994 0 
v 0.00510231 -0.152315 0 
v -0.00788334 -0.152196 0 
v -0.0272251 -0.149949 0 
v -0.0208117 -0.150972 0 
v 0.0789949 -0.130329 0 
v 0.0504609 -0.0881831 0 
v 0.135747 -0.0692708 0 
v 0.113812 -0.101353 0 
v -0.0143606 -0.151722 0 
v 0.094968 -0.119192 0 
v 0.0646054 -0.0784136 0 
v 0.104771 -0.110675 0 
v 0.0710075 -0.072667 0 
v 0.0678673 -0.0756081 0 
v 0.109391 -0.10611 0 
v 0.0740204 -0.0695956 0 
v 0.0322035 -0.0690607 0 
v 0.0351852 -0.0675902 0 
v -0.039892 -0.147086 0 
v -0.033589 -0.148652 0 
v -0.0522692 -0.143156 0 
v -0.0461224 -0.145253 0 
v 0.0617323 -0.139337 0 
v 0.0428198 -0.0921359 0 
v 0.0434618 -0.146071 0 
v 0.0496458 -0.144087 0 
v 0.0244819 -0.150421 0 
v 0.0308684 -0.149241 0 
v 0.0999601 -0.115038 0 
v 0.137637 -0.0653644 0 
v -0.058321 -0.140799 0 
v 0.0557397 -0.141841 0 
v 0.0371989 -0.14779 0 
v 0.0676128 -0.136581 0 
v 0.0466822 -0.0902404 0 
v 0.0733705 -0.133576 0 
v 0.0381 -0.0659911 0 
v -0.0351852 -0.0675902 0 
v -0.0322035 -0.0690607 0 
v -0.0381 -0.0659911 0 
v 0.151096 -0.0198922 0 
v 0.100877 -0.0120972 0 
v 0.100275 -0.0163572 0 
v 0.101299 -0.00781545 0 
v 0.101597 0.00078231 0 
v 0.101539 -0.00351973 0 
v 0.143472 -0.0513966 0 
v 0.0960817 -0.0330284 0 
v 0.0945972 -0.0370666 0 
v 0.145531 -0.0452372 0 
v 0.0973938 -0.028931 0 
v 0.147326 -0.0389957 0 
v 0.0985314 -0.0247816 0 
v 0.148854 -0.0326834 0 
v 0.0994922 -0.0205879 0 
v 0.101167 0.00937447 0 
v 0.101473 0.00508295 0 
v 0.0991634 0.0221175 0 
v 0.100011 0.0178994 0 
v 0.084694 -0.0561203 0 
v 0.0822421 -0.0596557 0 
v 0.0891381 -0.0487541 0 
v 0.086994 -0.0524843 0 
v 0.0929431 -0.0410384 0 
v 0.0911223 -0.0449365 0 
v 0.141152 -0.0574626 0 
v 0.100679 0.0136492 0 
v 0.138575 -0.0634243 0 
v 0.150111 -0.0263117 0 
v 0.169571 -0.0534655 0 
v 0.167077 -0.0608112 0 
v 0.173585 -0.038483 0 
v 0.171742 -0.046018 0 
v 0.0796427 -0.0630841 0 
v 0.0981381 0.026296 0 
v 0.176279 -0.0232076 0 
v 0.175099 -0.0308746 0 
v 0.201013 0.261965 0 
v 0.191077 0.269298 0 
v 0.214225 0.251204 0 
v 0.210668 0.254266 0 
v 0.0308287 0.328758 0 
v -0.067444 0.323239 0 
v -0.0794831 0.320491 0 
v -0.0553106 0.325535 0 
v -0.0430997 0.327375 0 
v -0.0308287 0.328758 0 
v 0.00617437 0.330142 0 
v -0.00617437 0.330142 0 
v 0.0185145 0.329681 0 
v -0.0914111 0.317295 0 
v 0.067444 0.323239 0 
v 0.0553106 0.325535 0 
v -0.0185145 0.329681 0 
v 0.0430997 0.327375 0 
v 0.0914111 0.317295 0 
v 0.0794831 0.320491 0 
v 0.0948634 0.31623 0 
v 0.13768 0.300127 0 
v 0.126362 0.305065 0 
v -0.0948634 0.31623 0 
v -0.00149971 0.269236 0 
v 0.114867 0.309577 0 
v 0.103211 0.313655 0 
v 0.0868993 0.254831 0 
v 0.148806 0.294769 0 
v 0.00974605 0.269064 0 
v 0.170418 0.282824 0 
v 0.159724 0.288999 0 
v 0.180874 0.276254 0 
v 0.0761807 0.258238 0 
v -0.0127429 0.268938 0 
v 0.18333 0.27458 0 
v 0.0653291 0.261194 0 
v 0.032167 0.267312 0 
v 0.043303 0.265735 0 
v -0.0239638 0.268171 0 
v 0.0543635 0.263695 0 
v 0.0209748 0.268422 0 
v -0.0351429 0.266937 0 
v -0.114867 0.309577 0 
v -0.103211 0.313655 0 
v -0.126362 0.305065 0 
v -0.136252 0.30075 0 
v -0.191077 0.269298 0 
v -0.201013 0.261965 0 
v -0.180874 0.276254 0 
v -0.170418 0.282824 0 
v -0.148806 0.294769 0 
v -0.159724 0.288999 0 
v -0.13768 0.300127 0 
v -0.221114 0.288162 0 
v -0.205748 0.268136 0 
v -0.210688 0.29587 0 
v -0.205748 0.299257 0 
v -0.199994 0.303202 0 
v -0.189044 0.310147 0 
v -0.142982 0.333894 0 
v -0.136252 0.336635 0 
v -0.166437 0.322843 0 
v -0.154808 0.328578 0 
v -0.177854 0.316697 0 
v -0.178651 0.31623 0 
v -0.0559661 0.358882 0 
v -0.0431211 0.360651 0 
v -0.0302212 0.361961 0 
v -0.0940083 0.350844 0 
v -0.106471 0.347265 0 
v 0.0086438 0.363117 0 
v 0.0215988 0.362577 0 
v -0.00432221 0.363194 0 
v -0.0172827 0.362809 0 
v -0.0687398 0.356656 0 
v -0.0814259 0.353975 0 
v 0.122874 0.341805 0 
v 0.0474097 0.360113 0 
v 0.0602328 0.358191 0 
v 0.0345263 0.361575 0 
v 0.134995 0.337202 0 
v 0.110596 0.345973 0 
v 0.0729791 0.355813 0 
v -0.130973 0.338784 0 
v -0.118798 0.343243 0 
v 0.146945 0.332169 0 
v 0.0856324 0.352981 0 
v 0.0981765 0.3497 0 
v 0.158707 0.326712 0 
v 0.170267 0.320839 0 
v 0.17859 0.31623 0 
v 0.18161 0.314558 0 
v 0.262327 0.251204 0 
v 0.244324 0.268765 0 
v 0.253761 0.259873 0 
v 0.234575 0.277314 0 
v 0.214194 0.293342 0 
v 0.224528 0.28551 0 
v 0.192722 0.307875 0 
v 0.203588 0.3008 0 
v 0.18333 0.313523 0 
v 0.237812 0.22908 0 
v 0.190911 0.18985 0 
v 0.22908 0.237812 0 
v 0.18333 0.197162 0 
v 0.254266 0.210668 0 
v 0.246211 0.220028 0 
v 0.220028 0.246211 0 
v 0.261965 0.201013 0 
v 0.280086 0.231259 0 
v 0.288162 0.221114 0 
v 0.271653 0.241108 0 
v 0.262875 0.25065 0 
v 0.230624 0.0617956 0 
v 0.327053 0.0454793 0 
v -0.236717 -0.0311644 0 
v -0.205748 0.31623 0 
v -0.205748 0.251204 0 
v -0.205748 0.189407 0 
v -0.430246 0.189407 0 
v -0.430246 0.251204 0 
v -0.430246 -0.0653644 0 
v -0.430246 -0.22352 0 
v -0.205748 -0.310042 0 
v -0.136252 -0.47879 0 
v 0.392809 0.251204 0 
v 0.392809 0.0545605 0 
v 0.392809 -0.0653644 0 
v 0.392809 0.0643603 0 
v 0.325691 0.189407 0 
v 0.325691 0.251204 0 
v 0.18333 0.31623 0 
v -0.136252 0.251204 0 
v -0.136252 0.189407 0 
v -0.205748 0.0643603 0 
v -0.205748 0.0545605 0 
v -0.136252 0.0545605 0 
v -0.136252 -0.0653644 0 
v -0.205748 -0.22352 0 
v 0.325691 -0.22352 0 
v 0.18333 -0.22352 0 
v 0.18333 -0.0653644 0 
v -0.136252 0.0643603 0 
v 0.18333 0.251204 0 
v -0.0940083 -0.350844 0.0762 
v -0.106471 -0.347265 0.0762 
v -0.118798 -0.343243 0.0762 
v -0.130973 -0.338784 0.0762 
v -0.142982 -0.333894 0.0762 
v -0.154808 -0.328578 0.0762 
v -0.166437 -0.322843 0.0762 
v -0.177854 -0.316697 0.0762 
v -0.189044 -0.310147 0.0762 
v -0.199994 -0.303202 0.0762 
v -0.210688 -0.29587 0.0762 
v -0.221114 -0.288162 0.0762 
v -0.231259 -0.280086 0.0762 
v -0.241108 -0.271653 0.0762 
v -0.25065 -0.262875 0.0762 
v -0.259873 -0.253761 0.0762 
v -0.268765 -0.244324 0.0762 
v -0.277314 -0.234575 0.0762 
v -0.28551 -0.224528 0.0762 
v -0.293342 -0.214194 0.0762 
v -0.3008 -0.203588 0.0762 
v -0.307875 -0.192722 0.0762 
v -0.314558 -0.18161 0.0762 
v -0.320839 -0.170267 0.0762 
v -0.326712 -0.158707 0.0762 
v -0.332169 -0.146945 0.0762 
v -0.337202 -0.134995 0.0762 
v -0.341805 -0.122874 0.0762 
v -0.345973 -0.110596 0.0762 
v -0.3497 -0.0981765 0.0762 
v -0.352981 -0.0856324 0.0762 
v -0.355813 -0.0729791 0.0762 
v -0.358191 -0.0602328 0.0762 
v -0.360113 -0.0474097 0.0762 
v -0.198794 -0.263653 0.0762 
v -0.208667 -0.25591 0.0762 
v -0.188633 -0.271016 0.0762 
v -0.1782 -0.277987 0.0762 
v -0.145418 -0.296455 0.0762 
v -0.167509 -0.284557 0.0762 
v -0.156577 -0.290716 0.0762 
v 0.0557187 -0.453792 0.0762 
v 0.0553666 -0.420551 0.0762 
v 0.0415769 -0.422137 0.0762 
v 0.070208 -0.451777 0.0762 
v 0.069097 -0.418514 0.0762 
v 0.0846254 -0.4493 0.0762 
v 0.0827534 -0.41603 0.0762 
v 0.0989562 -0.446363 0.0762 
v 0.0963212 -0.413099 0.0762 
v -0.202425 0.177522 0.0762 
v -0.209516 0.169096 0.0762 
v -0.182901 0.153472 0.0762 
v -0.222634 0.151408 0.0762 
v -0.228639 0.142177 0.0762 
v -0.201368 0.128286 0.0762 
v -0.234262 0.132708 0.0762 
v -0.206772 0.11938 0.0762 
v -0.262207 0.061138 0.0762 
v -0.2331 0.0516771 0.0762 
v -0.230624 0.0617956 0.0762 
v -0.264488 0.050364 0.0762 
v -0.235133 0.0414602 0.0762 
v -0.268664 0.0176091 0.0762 
v -0.238533 0.0104146 0.0762 
v -0.237851 0.0208093 0.0762 
v -0.300044 -0.137861 0.0762 
v -0.305065 -0.126362 0.0762 
v -0.21824 -0.247797 0.0762 
v -0.13405 -0.301766 0.0762 
v 0.113186 -0.442968 0.0762 
v 0.109786 -0.409726 0.0762 
v 0.127299 -0.43912 0.0762 
v 0.123133 -0.405915 0.0762 
v 0.155121 -0.430081 0.0762 
v 0.149417 -0.396993 0.0762 
v 0.136348 -0.401669 0.0762 
v 0.168801 -0.424898 0.0762 
v 0.162327 -0.391891 0.0762 
v 0.345924 -0.298945 0.0762 
v 0.355311 -0.287725 0.0762 
v 0.327896 -0.269097 0.0762 
v 0.364334 -0.276211 0.0762 
v 0.336525 -0.258224 0.0762 
v 0.381253 -0.252346 0.0762 
v 0.389131 -0.240019 0.0762 
v 0.360215 -0.223996 0.0762 
v 0.39661 -0.227447 0.0762 
v 0.367351 -0.21209 0.0762 
v -0.176032 0.161304 0.0762 
v -0.194996 0.185652 0.0762 
v -0.216256 0.160386 0.0762 
v -0.189421 0.145348 0.0762 
v -0.195581 0.136947 0.0762 
v -0.239493 0.123017 0.0762 
v -0.244324 0.11312 0.0762 
v -0.21639 0.100904 0.0762 
v -0.248745 0.103034 0.0762 
v -0.220585 0.0913695 0.0762 
v -0.266326 0.0395057 0.0762 
v -0.236717 0.0311644 0.0762 
v -0.267719 0.0285813 0.0762 
v -0.294589 -0.149162 0.0762 
v -0.288709 -0.160247 0.0762 
v -0.245013 -0.221361 0.0762 
v -0.236426 -0.23051 0.0762 
v -0.227497 -0.239327 0.0762 
v -0.122488 -0.306641 0.0762 
v -0.110749 -0.311074 0.0762 
v 0.0119681 -0.457043 0.0762 
v 0.0138788 -0.423953 0.0762 
v -7.8788e-17 -0.42418 0.0762 
v 0.141283 -0.434823 0.0762 
v 0.208749 -0.406763 0.0762 
v 0.221655 -0.399876 0.0762 
v 0.199957 -0.374093 0.0762 
v 0.270883 -0.368313 0.0762 
v 0.282527 -0.359458 0.0762 
v 0.258224 -0.336525 0.0762 
v 0.293882 -0.350236 0.0762 
v 0.269097 -0.327896 0.0762 
v 0.372984 -0.264414 0.0762 
v 0.344793 -0.247075 0.0762 
v 0.352693 -0.235662 0.0762 
v 0.403684 -0.214642 0.0762 
v 0.374093 -0.199957 0.0762 
v 0.410344 -0.201618 0.0762 
v 0.380435 -0.18761 0.0762 
v -0.211783 0.110247 0.0762 
v -0.252751 0.0927751 0.0762 
v -0.224361 0.0816607 0.0762 
v -0.256333 0.0823613 0.0762 
v -0.227709 0.0717965 0.0762 
v -0.259487 0.0718097 0.0762 
v -0.269159 0.00660748 0.0762 
v -0.269204 -0.00440523 0.0762 
v -0.23876 -5.84793e-17 0.0762 
v -0.268799 -0.0154106 0.0762 
v -0.238533 -0.0104146 0.0762 
v -0.267944 -0.0263901 0.0762 
v -0.237851 -0.0208093 0.0762 
v -0.26664 -0.0373255 0.0762 
v -0.236717 -0.0311644 0.0762 
v -0.260066 -0.0696844 0.0762 
v -0.143209 -0.0521239 0.0762 
v -0.145346 -0.0458276 0.0762 
v -0.282412 -0.1711 0.0762 
v -0.275708 -0.181707 0.0762 
v -0.261114 -0.202117 0.0762 
v -0.253246 -0.211892 0.0762 
v -0.0988497 -0.315057 0.0762 
v -0.0868081 -0.318585 0.0762 
v -0.0623663 -0.324257 0.0762 
v -0.0746411 -0.321653 0.0762 
v -0.0172851 -0.456873 0.0762 
v -0.00265987 -0.457192 0.0762 
v 0.0265838 -0.456426 0.0762 
v 0.0277427 -0.423272 0.0762 
v 0.0411723 -0.455342 0.0762 
v 0.182308 -0.41928 0.0762 
v 0.175062 -0.38637 0.0762 
v 0.195628 -0.413233 0.0762 
v 0.18761 -0.380435 0.0762 
v 0.234334 -0.39258 0.0762 
v 0.21209 -0.367351 0.0762 
v 0.246774 -0.384882 0.0762 
v 0.258961 -0.37679 0.0762 
v 0.235662 -0.352693 0.0762 
v 0.247075 -0.344793 0.0762 
v 0.304937 -0.340654 0.0762 
v 0.279681 -0.318915 0.0762 
v 0.336183 -0.309859 0.0762 
v 0.318915 -0.279681 0.0762 
v 0.416584 -0.188387 0.0762 
v 0.38637 -0.175062 0.0762 
v 0.422398 -0.174963 0.0762 
v 0.391891 -0.162327 0.0762 
v -0.264891 -0.0481985 0.0762 
v -0.262698 -0.0589908 0.0762 
v -0.147207 -0.039444 0.0762 
v -0.0609949 -0.453113 0.0762 
v -0.0464676 -0.454833 0.0762 
v -0.0375644 -0.328056 0.0762 
v -0.0500015 -0.326392 0.0762 
v -0.0898474 -0.448285 0.0762 
v -0.0754598 -0.45093 0.0762 
v -0.0318927 -0.456086 0.0762 
v -0.0250731 -0.329247 0.0762 
v -0.268605 -0.192051 0.0762 
v 0.223996 -0.360215 0.0762 
v 0.326098 -0.320456 0.0762 
v 0.309594 -0.289966 0.0762 
v -0.170804 0.208125 0.0762 
v -0.153472 0.182901 0.0762 
v -0.145348 0.189421 0.0762 
v -0.179172 0.200966 0.0762 
v -0.161304 0.176032 0.0762 
v -0.187241 0.193471 0.0762 
v -0.168829 0.168829 0.0762 
v -0.323855 -0.0644188 0.0762 
v -0.321574 -0.0749806 0.0762 
v -0.318949 -0.085462 0.0762 
v -0.148788 -0.0329854 0.0762 
v -0.150085 -0.026464 0.0762 
v -0.140799 -0.058321 0.0762 
v -0.118332 -0.441621 0.0762 
v -0.104143 -0.445181 0.0762 
v -0.0125456 -0.329962 0.0762 
v 0.315679 -0.330724 0.0762 
v 0.289966 -0.309594 0.0762 
v 0.299941 -0.299941 0.0762 
v 1.93298e-17 -0.3302 0.0762 
v -0.153225 0.221387 0.0762 
v -0.136947 0.195581 0.0762 
v -0.128286 0.201368 0.0762 
v -0.16215 0.214936 0.0762 
v -0.32579 -0.0537881 0.0762 
v -0.151096 -0.0198922 0.0762 
v -0.144043 0.227468 0.0762 
v -0.11938 0.206772 0.0762 
v -0.327375 -0.0430997 0.0762 
v -0.13462 0.233169 0.0762 
v 0.305065 -0.126362 0.0762 
v 0.220585 -0.0913695 0.0762 
v 0.362903 -0.0151696 0.0762 
v 0.363214 -0.0020232 0.0762 
v 0.330191 -0.00240126 0.0762 
v 0.36305 0.0111259 0.0762 
v 0.33006 0.00960377 0.0762 
v 0.362409 0.0242604 0.0762 
v 0.329493 0.0215961 0.0762 
v 0.0577401 -0.0835981 0.0762 
v 0.0437065 -0.0624194 0.0762 
v 0.0409422 -0.0642664 0.0762 
v 0.0612277 -0.0810786 0.0762 
v 0.0463876 -0.0604535 0.0762 
v 0.0678673 -0.0756081 0.0762 
v 0.05148 -0.0561805 0.0762 
v 0.0489804 -0.0583726 0.0762 
v 0.0710075 -0.072667 0.0762 
v 0.0538815 -0.0538815 0.0762 
v 0.261554 0.0638731 0.0762 
v 0.258658 0.074741 0.0762 
v 0.230624 0.0617956 0.0762 
v 0.361293 0.0373631 0.0762 
v 0.32849 0.0335599 0.0762 
v 0.0428198 -0.0921359 0.0762 
v 0.0322035 -0.0690607 0.0762 
v 0.0291605 -0.0703996 0.0762 
v 0.0466822 -0.0902404 0.0762 
v 0.0351852 -0.0675902 0.0762 
v 0.0504609 -0.0881831 0.0762 
v 0.0381 -0.0659911 0.0762 
v 0.0541491 -0.0859677 0.0762 
v 0.0646054 -0.0784136 0.0762 
v 0.0740204 -0.0695956 0.0762 
v 0.0561805 -0.05148 0.0762 
v 0.101597 0.00078231 0.0762 
v 0.101473 0.00508295 0.0762 
v 0.0761275 0.0033238 0.0762 
v 0.101167 0.00937447 0.0762 
v 0.07591 0.00664127 0.0762 
v 0.268034 -0.0254572 0.0762 
v 0.237851 -0.0208093 0.0762 
v 0.236717 -0.0311644 0.0762 
v 0.268863 -0.0142407 0.0762 
v 0.238533 -0.0104146 0.0762 
v 0.2331 0.0516771 0.0762 
v 0.263993 0.0528938 0.0762 
v 0.359704 0.0504169 0.0762 
v 0.327053 0.0454793 0.0762 
v 0.357643 0.0634045 0.0762 
v 0.325184 0.0573386 0.0762 
v 0.355114 0.0763091 0.0762 
v 0.322884 0.0691221 0.0762 
v 0.0769005 -0.0663994 0.0762 
v 0.0583726 -0.0489804 0.0762 
v 0.0796427 -0.0630841 0.0762 
v 0.0604535 -0.0463876 0.0762 
v 0.0994922 -0.0205879 0.0762 
v 0.100275 -0.0163572 0.0762 
v 0.0750424 -0.013232 0.0762 
v 0.100877 -0.0120972 0.0762 
v 0.0755481 -0.0099461 0.0762 
v 0.100679 0.0136492 0.0762 
v 0.0755481 0.0099461 0.0762 
v 0.100011 0.0178994 0.0762 
v 0.0750424 0.013232 0.0762 
v 0.0991634 0.0221175 0.0762 
v 0.0743938 0.0164927 0.0762 
v 0.269223 -0.00299938 0.0762 
v 0.23876 2.92397e-17 0.0762 
v 0.360855 -0.0413857 0.0762 
v 0.362116 -0.0282962 0.0762 
v 0.329144 -0.0263859 0.0762 
v 0.329886 -0.0144031 0.0762 
v 0.0822421 -0.0596557 0.0762 
v 0.0624194 -0.0437065 0.0762 
v 0.101299 -0.00781545 0.0762 
v 0.07591 -0.00664127 0.0762 
v 0.0981381 0.026296 0.0762 
v 0.0736035 0.019722 0.0762 
v 0.190911 0.18985 0.0762 
v 0.182815 0.197658 0.0762 
v 0.163214 0.174262 0.0762 
v 0.174401 0.205121 0.0762 
v 0.15574 0.180973 0.0762 
v 0.156674 0.21896 0.0762 
v 0.147392 0.225312 0.0762 
v 0.131718 0.19914 0.0762 
v 0.137854 0.231271 0.0762 
v 0.123226 0.204504 0.0762 
v 0.128075 0.236827 0.0762 
v 0.114515 0.209506 0.0762 
v 0.118072 0.241969 0.0762 
v 0.105601 0.214137 0.0762 
v 0.106647 -0.347211 0.0762 
v 0.0970921 -0.315603 0.0762 
v 0.085462 -0.318949 0.0762 
v 0.119145 -0.343123 0.0762 
v 0.108592 -0.311833 0.0762 
v 0.131488 -0.338585 0.0762 
v 0.119946 -0.307644 0.0762 
v 0.143658 -0.333603 0.0762 
v 0.131138 -0.303043 0.0762 
v 0.155639 -0.328185 0.0762 
v 0.142155 -0.298034 0.0762 
v 0.167417 -0.322336 0.0762 
v 0.15298 -0.292624 0.0762 
v 0.178975 -0.316064 0.0762 
v 0.1636 -0.286822 0.0762 
v 0.190299 -0.309378 0.0762 
v 0.174001 -0.280635 0.0762 
v 0.334002 -0.142728 0.0762 
v 0.30023 -0.137456 0.0762 
v 0.262749 -0.0587622 0.0762 
v 0.2331 -0.0516771 0.0762 
v 0.230624 -0.0617956 0.0762 
v 0.264974 -0.0477373 0.0762 
v 0.235133 -0.0414602 0.0762 
v 0.266737 -0.0366292 0.0762 
v 0.269114 0.00824717 0.0762 
v 0.238533 0.0104146 0.0762 
v 0.268534 0.0194793 0.0762 
v 0.237851 0.0208093 0.0762 
v 0.267487 0.0306775 0.0762 
v 0.236717 0.0311644 0.0762 
v 0.265972 0.0418221 0.0762 
v 0.235133 0.0414602 0.0762 
v 0.255311 0.0854785 0.0762 
v 0.352119 0.0891136 0.0762 
v 0.320158 0.0808143 0.0762 
v 0.348662 0.101801 0.0762 
v 0.317008 0.0923995 0.0762 
v 0.084694 -0.0561203 0.0762 
v 0.0642664 -0.0409422 0.0762 
v 0.086994 -0.0524843 0.0762 
v 0.0659911 -0.0381 0.0762 
v 0.0911223 -0.0449365 0.0762 
v 0.0929431 -0.0410384 0.0762 
v 0.0690607 -0.0322035 0.0762 
v 0.0973938 -0.028931 0.0762 
v 0.0985314 -0.0247816 0.0762 
v 0.0736035 -0.019722 0.0762 
v 0.0743938 -0.0164927 0.0762 
v 0.101539 -0.00351973 0.0762 
v 0.0761275 -0.0033238 0.0762 
v 0.0762 9.24986e-17 0.0762 
v 0.0726732 0.0229138 0.0762 
v 0.0703996 0.0291605 0.0762 
v 0.0716046 0.0260619 0.0762 
v 0.219829 0.155452 0.0762 
v 0.213145 0.164497 0.0762 
v 0.190098 0.144461 0.0762 
v 0.206089 0.173256 0.0762 
v 0.183854 0.152329 0.0762 
v 0.198673 0.181712 0.0762 
v 0.177284 0.159927 0.0762 
v 0.1704 0.167243 0.0762 
v 0.165682 0.212226 0.0762 
v 0.14799 0.187364 0.0762 
v 0.139978 0.193423 0.0762 
v 0.107863 0.246689 0.0762 
v 0.0965002 0.21839 0.0762 
v 0.0974663 0.250979 0.0762 
v 0.0872288 0.222255 0.0762 
v 0.0868993 0.254831 0.0762 
v 0.077803 0.225728 0.0762 
v 0.222716 -0.286926 0.0762 
v 0.203745 -0.259846 0.0762 
v 0.194087 -0.267137 0.0762 
v 0.232956 -0.278676 0.0762 
v 0.21313 -0.252205 0.0762 
v 0.242891 -0.27006 0.0762 
v 0.222229 -0.244226 0.0762 
v 0.252508 -0.261091 0.0762 
v 0.231029 -0.235919 0.0762 
v 0.270736 -0.242138 0.0762 
v 0.247687 -0.218365 0.0762 
v 0.239519 -0.227295 0.0762 
v 0.279323 -0.232179 0.0762 
v 0.255522 -0.209142 0.0762 
v 0.295389 -0.211362 0.0762 
v 0.270153 -0.189867 0.0762 
v 0.263014 -0.199639 0.0762 
v 0.302847 -0.200531 0.0762 
v 0.276929 -0.17984 0.0762 
v 0.322801 -0.166519 0.0762 
v 0.294991 -0.148365 0.0762 
v 0.289356 -0.159075 0.0762 
v 0.328617 -0.154725 0.0762 
v 0.33895 -0.130544 0.0762 
v 0.343453 -0.118189 0.0762 
v 0.251518 0.0960668 0.0762 
v 0.356915 -0.0673848 0.0762 
v 0.35912 -0.0544209 0.0762 
v 0.326357 -0.0502311 0.0762 
v 0.327967 -0.0383339 0.0762 
v 0.344749 0.114356 0.0762 
v 0.31344 0.103863 0.0762 
v 0.340383 0.12676 0.0762 
v 0.309457 0.115189 0.0762 
v 0.0891381 -0.0487541 0.0762 
v 0.0675902 -0.0351852 0.0762 
v 0.0945972 -0.0370666 0.0762 
v 0.0960817 -0.0330284 0.0762 
v 0.0716046 -0.0260619 0.0762 
v 0.0726732 -0.0229138 0.0762 
v 0.232036 0.136563 0.0762 
v 0.22613 0.146135 0.0762 
v 0.201568 0.127972 0.0762 
v 0.0761807 0.258238 0.0762 
v 0.0653291 0.261194 0.0762 
v 0.0585552 0.231468 0.0762 
v 0.0543635 0.263695 0.0762 
v 0.0487672 0.233727 0.0762 
v 0.201373 -0.302287 0.0762 
v 0.184167 -0.27407 0.0762 
v 0.212184 -0.2948 0.0762 
v 0.261793 -0.25178 0.0762 
v 0.309907 -0.189437 0.0762 
v 0.283333 -0.169571 0.0762 
v 0.260066 -0.0696844 0.0762 
v 0.227709 -0.0717965 0.0762 
v 0.224361 -0.0816607 0.0762 
v 0.351104 -0.0930308 0.0762 
v 0.354241 -0.0802604 0.0762 
v 0.321845 -0.0738108 0.0762 
v 0.335572 0.138998 0.0762 
v 0.305065 0.126362 0.0762 
v 0.0703996 -0.0291605 0.0762 
v 0.0659911 0.0381 0.0762 
v 0.0675902 0.0351852 0.0762 
v 0.206772 0.11938 0.0762 
v 0.237537 0.126753 0.0762 
v 0.247286 0.106487 0.0762 
v 0.242623 0.116722 0.0762 
v 0.196007 0.136337 0.0762 
v 0.0682395 0.228801 0.0762 
v 0.043303 0.265735 0.0762 
v 0.0388929 0.235571 0.0762 
v 0.032167 0.267312 0.0762 
v 0.0289498 0.236998 0.0762 
v 0.0209748 0.268422 0.0762 
v 0.0189554 0.238006 0.0762 
v 0.00974605 0.269064 0.0762 
v 0.00892752 0.238593 0.0762 
v -0.00149971 0.269236 0.0762 
v -0.0011162 0.238757 0.0762 
v -0.0127429 0.268938 0.0762 
v -0.0111579 0.238499 0.0762 
v -0.0239638 0.268171 0.0762 
v -0.0211799 0.237819 0.0762 
v -0.0351429 0.266937 0.0762 
v -0.0311644 0.236717 0.0762 
v 0.287545 -0.221916 0.0762 
v 0.316561 -0.178095 0.0762 
v 0.347506 -0.105679 0.0762 
v 0.318949 -0.085462 0.0762 
v 0.324315 -0.062062 0.0762 
v 0.0690607 0.0322035 0.0762 
v 0.0388806 -0.0938662 0.0762 
v 0.0940083 -0.350844 0.0762 
v 0.0254 0.04572 0.0508 
v -0.0254 0.04572 0.0508 
v -0.0254 0.0381 0.0508 
v 0.0254 0.0381 0.0508 
v 0.0927752 0.120907 0.0762 
v 0.087413 0.124839 0.0762 
v 0.0818845 0.128533 0.0762 
v 0.0762 0.131982 0.0762 
v 0.0703705 0.13518 0.0762 
v 0.064407 0.138121 0.0762 
v 0.058321 0.140799 0.0762 
v 0.0521239 0.143209 0.0762 
v 0.0458276 0.145346 0.0762 
v 0.039444 0.147207 0.0762 
v 0.0329854 0.148788 0.0762 
v 0.026464 0.150085 0.0762 
v 0.0198922 0.151096 0.0762 
v 0.0132825 0.15182 0.0762 
v 0.00664759 0.152255 0.0762 
v 5.83474e-17 0.1524 0.0762 
v -0.00664759 0.152255 0.0762 
v -0.0132825 0.15182 0.0762 
v -0.0198922 0.151096 0.0762 
v -0.026464 0.150085 0.0762 
v -0.0329854 0.148788 0.0762 
v -0.039444 0.147207 0.0762 
v -0.0458276 0.145346 0.0762 
v -0.0521239 0.143209 0.0762 
v -0.058321 0.140799 0.0762 
v -0.064407 0.138121 0.0762 
v -0.0703705 0.13518 0.0762 
v -0.0762 0.131982 0.0762 
v -0.0818845 0.128533 0.0762 
v -0.087413 0.124839 0.0762 
v -0.0927752 0.120907 0.0762 
v -0.0979608 0.116745 0.0762 
v -0.10296 0.112361 0.0762 
v -0.107763 0.107763 0.0762 
v -0.112361 0.10296 0.0762 
v -0.116745 0.0979608 0.0762 
v -0.120907 0.0927752 0.0762 
v -0.124839 0.087413 0.0762 
v -0.128533 0.0818845 0.0762 
v -0.131982 0.0762 0.0762 
v -0.138121 0.064407 0.0762 
v -0.13518 0.0703705 0.0762 
v -0.140799 0.058321 0.0762 
v 0.108238 0.141058 0.0762 
v -0.164266 0.0680411 0.0762 
v -0.161218 0.074978 0.0762 
v -0.157877 0.0817787 0.0762 
v -0.154249 0.0884308 0.0762 
v -0.150342 0.0949224 0.0762 
v -0.146161 0.101242 0.0762 
v -0.141715 0.107377 0.0762 
v -0.137011 0.113317 0.0762 
v -0.132059 0.119052 0.0762 
v -0.126867 0.12457 0.0762 
v -0.121444 0.129862 0.0762 
v -0.115801 0.134919 0.0762 
v -0.109947 0.13973 0.0762 
v -0.103894 0.144287 0.0762 
v -0.0976524 0.148583 0.0762 
v -0.0912333 0.152608 0.0762 
v -0.0846485 0.156357 0.0762 
v -0.07791 0.159821 0.0762 
v -0.0710299 0.162996 0.0762 
v -0.0640209 0.165874 0.0762 
v -0.0568956 0.168451 0.0762 
v -0.049667 0.170722 0.0762 
v -0.0423482 0.172683 0.0762 
v -0.0349524 0.174331 0.0762 
v -0.0274932 0.175661 0.0762 
v -0.0199841 0.176673 0.0762 
v -0.0124387 0.177364 0.0762 
v -0.00487069 0.177733 0.0762 
v 0.00270617 0.177779 0.0762 
v 0.0102781 0.177503 0.0762 
v 0.0178314 0.176904 0.0762 
v 0.0253523 0.175983 0.0762 
v 0.0328271 0.174743 0.0762 
v 0.0402424 0.173186 0.0762 
v 0.0475845 0.171314 0.0762 
v 0.0548403 0.169131 0.0762 
v 0.0619964 0.166641 0.0762 
v 0.06904 0.163848 0.0762 
v 0.0759581 0.160758 0.0762 
v 0.0827384 0.157376 0.0762 
v 0.0893683 0.153708 0.0762 
v 0.095836 0.149761 0.0762 
v 0.10213 0.145542 0.0762 
v 0.0291605 0.0703996 0.0762 
v 0.0260619 0.0716046 0.0762 
v 0.0229138 0.0726732 0.0762 
v 0.019722 0.0736035 0.0762 
v 0.0164927 0.0743938 0.0762 
v 0.013232 0.0750424 0.0762 
v 0.0099461 0.0755481 0.0762 
v 0.00664127 0.07591 0.0762 
v 0.0033238 0.0761275 0.0762 
v 2.04002e-17 0.0762 0.0762 
v -0.0033238 0.0761275 0.0762 
v -0.00664127 0.07591 0.0762 
v -0.0099461 0.0755481 0.0762 
v -0.013232 0.0750424 0.0762 
v -0.0164927 0.0743938 0.0762 
v -0.019722 0.0736035 0.0762 
v -0.0229138 0.0726732 0.0762 
v -0.0260619 0.0716046 0.0762 
v -0.0291605 0.0703996 0.0762 
v 0.0388806 0.0938662 0.0762 
v -0.0388806 0.0938662 0.0762 
v -0.0347492 0.0954728 0.0762 
v -0.0305517 0.0968976 0.0762 
v -0.026296 0.0981381 0.0762 
v -0.0219903 0.0991917 0.0762 
v -0.0176427 0.100056 0.0762 
v -0.0132615 0.100731 0.0762 
v -0.00885502 0.101213 0.0762 
v -0.00443173 0.101503 0.0762 
v 6.48025e-17 0.1016 0.0762 
v 0.00443173 0.101503 0.0762 
v 0.00885502 0.101213 0.0762 
v 0.0132615 0.100731 0.0762 
v 0.0176427 0.100056 0.0762 
v 0.0219903 0.0991917 0.0762 
v 0.026296 0.0981381 0.0762 
v 0.0305517 0.0968976 0.0762 
v 0.0347492 0.0954728 0.0762 
v -0.0659911 0.0381 0.0762 
v -0.0675902 0.0351852 0.0762 
v -0.0690607 0.0322035 0.0762 
v -0.0703996 0.0291605 0.0762 
v -0.0716046 0.0260619 0.0762 
v -0.0726732 0.0229138 0.0762 
v -0.0736035 0.019722 0.0762 
v -0.0743938 0.0164927 0.0762 
v -0.0750424 0.013232 0.0762 
v -0.0755481 0.0099461 0.0762 
v -0.07591 0.00664127 0.0762 
v -0.0761275 0.0033238 0.0762 
v -0.0762 -2.00735e-16 0.0762 
v -0.0761275 -0.0033238 0.0762 
v -0.07591 -0.00664127 0.0762 
v -0.0755481 -0.0099461 0.0762 
v -0.0750424 -0.013232 0.0762 
v -0.0743938 -0.0164927 0.0762 
v -0.0736035 -0.019722 0.0762 
v -0.0726732 -0.0229138 0.0762 
v -0.0716046 -0.0260619 0.0762 
v -0.0703996 -0.0291605 0.0762 
v -0.0690607 -0.0322035 0.0762 
v -0.0675902 -0.0351852 0.0762 
v -0.0659911 -0.0381 0.0762 
v -0.0642664 -0.0409422 0.0762 
v -0.0624194 -0.0437065 0.0762 
v -0.0604535 -0.0463876 0.0762 
v -0.0583726 -0.0489804 0.0762 
v -0.0561805 -0.05148 0.0762 
v -0.0538815 -0.0538815 0.0762 
v -0.05148 -0.0561805 0.0762 
v -0.0489804 -0.0583726 0.0762 
v -0.0463876 -0.0604535 0.0762 
v -0.0437065 -0.0624194 0.0762 
v -0.0409422 -0.0642664 0.0762 
v -0.0381 -0.0659911 0.0762 
v -0.0351852 -0.0675902 0.0762 
v -0.0322035 -0.0690607 0.0762 
v -0.0291605 -0.0703996 0.0762 
v 0.12012 -0.131088 0.0762 
v 0.104771 -0.110675 0.0762 
v 0.0999601 -0.115038 0.0762 
v 0.125724 -0.125724 0.0762 
v 0.109391 -0.10611 0.0762 
v 0.101982 -0.145645 0.0762 
v 0.0898035 -0.12313 0.0762 
v 0.0844759 -0.126845 0.0762 
v 0.108238 -0.141058 0.0762 
v 0.094968 -0.119192 0.0762 
v 0.114288 -0.136203 0.0762 
v 0.131088 -0.12012 0.0762 
v 0.113812 -0.101353 0.0762 
v 0.136203 -0.114288 0.0762 
v 0.118027 -0.0964123 0.0762 
v 0.141058 -0.108238 0.0762 
v 0.122028 -0.0912961 0.0762 
v 0.145645 -0.101982 0.0762 
v 0.125807 -0.0860142 0.0762 
v 0.149955 -0.0955319 0.0762 
v 0.129357 -0.080576 0.0762 
v -0.0996478 -0.0198212 0.0762 
v -0.0987193 -0.0240222 0.0762 
v -0.0963331 -0.0322876 0.0762 
v -0.0948798 -0.0363371 0.0762 
v -0.0932563 -0.0403215 0.0762 
v 0.153979 -0.0889 0.0762 
v 0.132673 -0.0749915 0.0762 
v -0.100398 -0.0155846 0.0762 
v -0.0976137 -0.0281802 0.0762 
v 0.0955319 -0.149955 0.0762 
v 0.0789949 -0.130329 0.0762 
v 0.161142 -0.0751415 0.0762 
v 0.138575 -0.0634243 0.0762 
v 0.135747 -0.0692708 0.0762 
v 0.164266 -0.0680411 0.0762 
v 0.141152 -0.0574626 0.0762 
v 0.169571 -0.0534655 0.0762 
v 0.145531 -0.0452372 0.0762 
v 0.143472 -0.0513966 0.0762 
v 0.171742 -0.046018 0.0762 
v 0.147326 -0.0389957 0.0762 
v -0.0895108 -0.0480663 0.0762 
v -0.0873956 -0.0518129 0.0762 
v -0.0851236 -0.0554665 0.0762 
v -0.0801261 -0.062469 0.0762 
v -0.0774095 -0.0658053 0.0762 
v -0.074554 -0.0690236 0.0762 
v -0.0652073 -0.0779139 0.0762 
v -0.0618502 -0.0806047 0.0762 
v 0.0889 -0.153979 0.0762 
v 0.157711 -0.0820989 0.0762 
v 0.167077 -0.0608112 0.0762 
v -0.0952931 0.0352389 0.0762 
v -0.0966996 0.0311728 0.0762 
v -0.101588 0.00156457 0.0762 
v -0.101563 -0.00273778 0.0762 
v -0.0914656 -0.0442336 0.0762 
v -0.082699 -0.0590206 0.0762 
v -0.0715649 -0.0721181 0.0762 
v -0.0684475 -0.0750833 0.0762 
v 0.0680411 -0.164266 0.0762 
v 0.0751415 -0.161142 0.0762 
v 0.0617323 -0.139337 0.0762 
v 0.0820989 -0.157711 0.0762 
v 0.0676128 -0.136581 0.0762 
v 0.173585 -0.038483 0.0762 
v 0.148854 -0.0326834 0.0762 
v -0.09006 0.0470293 0.0762 
v -0.0919704 0.0431742 0.0762 
v -0.0937158 0.0392417 0.0762 
v -0.0979327 0.0270509 0.0762 
v -0.0989901 0.0228804 0.0762 
v -0.0998701 0.018669 0.0762 
v -0.100571 0.014424 0.0762 
v -0.101356 -0.00703523 0.0762 
v -0.100967 -0.0113201 0.0762 
v 0.0608112 -0.167077 0.0762 
v 0.0557397 -0.141841 0.0762 
v 0.175099 -0.0308746 0.0762 
v 0.150111 -0.0263117 0.0762 
v 0.176279 -0.0232076 0.0762 
v 0.151096 -0.0198922 0.0762 
v -0.0534655 -0.169571 0.0762 
v -0.046018 -0.171742 0.0762 
v -0.039892 -0.147086 0.0762 
v -0.038483 -0.173585 0.0762 
v -0.033589 -0.148652 0.0762 
v -0.0308746 -0.175099 0.0762 
v -0.0272251 -0.149949 0.0762 
v -0.0232076 -0.176279 0.0762 
v -0.0208117 -0.150972 0.0762 
v -0.0154963 -0.177123 0.0762 
v -0.00775553 -0.177631 0.0762 
v -0.00788334 -0.152196 0.0762 
v 3.26613e-17 -0.1778 0.0762 
v -0.00139178 -0.152394 0.0762 
v 0.00775553 -0.177631 0.0762 
v 0.00510231 -0.152315 0.0762 
v 0.0154963 -0.177123 0.0762 
v 0.0115871 -0.151959 0.0762 
v 0.046018 -0.171742 0.0762 
v 0.0534655 -0.169571 0.0762 
v 0.0434618 -0.146071 0.0762 
v 0.0496458 -0.144087 0.0762 
v 0.0733705 -0.133576 0.0762 
v -0.101091 0.0101532 0.0762 
v -0.101431 0.00586413 0.0762 
v -0.0143606 -0.151722 0.0762 
v 0.0232076 -0.176279 0.0762 
v 0.0180509 -0.151327 0.0762 
v 0.038483 -0.173585 0.0762 
v 0.0371989 -0.14779 0.0762 
v -0.0608112 -0.167077 0.0762 
v -0.0461224 -0.145253 0.0762 
v 0.0308746 -0.175099 0.0762 
v 0.0244819 -0.150421 0.0762 
v 0.0308684 -0.149241 0.0762 
v -0.0955319 -0.149955 0.0762 
v -0.0889 -0.153979 0.0762 
v -0.058321 -0.140799 0.0762 
v -0.0820989 -0.157711 0.0762 
v -0.0751415 -0.161142 0.0762 
v -0.108238 -0.141058 0.0762 
v -0.101982 -0.145645 0.0762 
v -0.0680411 -0.164266 0.0762 
v -0.0522692 -0.143156 0.0762 
v -0.0879882 0.0508 0.0762 
v 0.168829 -0.168829 0.0762 
v 0.190381 -0.190381 0.0762 
v -0.168829 -0.168829 0.0762 
v -0.161304 -0.176032 0.0762 
v -0.153472 -0.182901 0.0762 
v -0.145348 -0.189421 0.0762 
v -0.128286 -0.201368 0.0762 
v -0.136947 -0.195581 0.0762 
v -0.11938 -0.206772 0.0762 
v -0.110247 -0.211783 0.0762 
v -0.100904 -0.21639 0.0762 
v -0.0913695 -0.220585 0.0762 
v -0.0816607 -0.224361 0.0762 
v -0.0717965 -0.227709 0.0762 
v -0.0617956 -0.230624 0.0762 
v -0.0516771 -0.2331 0.0762 
v -0.0414602 -0.235133 0.0762 
v -0.0311644 -0.236717 0.0762 
v -0.0208093 -0.237851 0.0762 
v -0.0104146 -0.238533 0.0762 
v 4.38595e-17 -0.23876 0.0762 
v 0.0104146 -0.238533 0.0762 
v 0.0208093 -0.237851 0.0762 
v 0.0311644 -0.236717 0.0762 
v 0.0414602 -0.235133 0.0762 
v 0.0516771 -0.2331 0.0762 
v 0.0617956 -0.230624 0.0762 
v 0.0717965 -0.227709 0.0762 
v 0.0913695 -0.220585 0.0762 
v 0.0816607 -0.224361 0.0762 
v 0.100904 -0.21639 0.0762 
v 0.110247 -0.211783 0.0762 
v 0.11938 -0.206772 0.0762 
v 0.128286 -0.201368 0.0762 
v 0.136947 -0.195581 0.0762 
v 0.145348 -0.189421 0.0762 
v 0.153472 -0.182901 0.0762 
v 0.161304 -0.176032 0.0762 
v -0.190381 -0.190381 0.0762 
v 0.182351 -0.198086 0.0762 
v 0.17401 -0.205453 0.0762 
v 0.165371 -0.212468 0.0762 
v 0.156449 -0.219121 0.0762 
v 0.14726 -0.225399 0.0762 
v 0.13782 -0.231292 0.0762 
v 0.128144 -0.23679 0.0762 
v 0.118249 -0.241883 0.0762 
v 0.108152 -0.246563 0.0762 
v 0.0978709 -0.250822 0.0762 
v 0.0874221 -0.254652 0.0762 
v 0.0768239 -0.258047 0.0762 
v 0.0660945 -0.261001 0.0762 
v 0.0552522 -0.26351 0.0762 
v 0.0443154 -0.265568 0.0762 
v 0.033303 -0.267172 0.0762 
v 0.0222337 -0.26832 0.0762 
v 0.0111263 -0.26901 0.0762 
v 4.94586e-17 -0.26924 0.0762 
v -0.0111263 -0.26901 0.0762 
v -0.0222337 -0.26832 0.0762 
v -0.033303 -0.267172 0.0762 
v -0.0443154 -0.265568 0.0762 
v -0.0552522 -0.26351 0.0762 
v -0.0660945 -0.261001 0.0762 
v -0.0768239 -0.258047 0.0762 
v -0.0874221 -0.254652 0.0762 
v -0.0978709 -0.250822 0.0762 
v -0.108152 -0.246563 0.0762 
v -0.118249 -0.241883 0.0762 
v -0.128144 -0.23679 0.0762 
v -0.13782 -0.231292 0.0762 
v -0.14726 -0.225399 0.0762 
v -0.156449 -0.219121 0.0762 
v -0.165371 -0.212468 0.0762 
v -0.17401 -0.205453 0.0762 
v -0.182351 -0.198086 0.0762 
v -0.221114 0.288162 0.0762 
v -0.201013 0.261965 0.0762 
v 0.261965 0.201013 0.0762 
v 0.254266 0.210668 0.0762 
v 0.246211 0.220028 0.0762 
v 0.237812 0.22908 0.0762 
v 0.22908 0.237812 0.0762 
v 0.220028 0.246211 0.0762 
v 0.210668 0.254266 0.0762 
v 0.201013 0.261965 0.0762 
v 0.191077 0.269298 0.0762 
v 0.180874 0.276254 0.0762 
v 0.170418 0.282824 0.0762 
v 0.159724 0.288999 0.0762 
v 0.148806 0.294769 0.0762 
v 0.13768 0.300127 0.0762 
v 0.126362 0.305065 0.0762 
v 0.114867 0.309577 0.0762 
v 0.103211 0.313655 0.0762 
v 0.0914111 0.317295 0.0762 
v 0.0794831 0.320491 0.0762 
v 0.067444 0.323239 0.0762 
v 0.0553106 0.325535 0.0762 
v 0.0430997 0.327375 0.0762 
v 0.0308287 0.328758 0.0762 
v 0.0185145 0.329681 0.0762 
v 0.00617437 0.330142 0.0762 
v -0.00617437 0.330142 0.0762 
v -0.0185145 0.329681 0.0762 
v -0.0308287 0.328758 0.0762 
v -0.0430997 0.327375 0.0762 
v -0.0553106 0.325535 0.0762 
v -0.067444 0.323239 0.0762 
v -0.0794831 0.320491 0.0762 
v -0.103211 0.313655 0.0762 
v -0.0914111 0.317295 0.0762 
v -0.114867 0.309577 0.0762 
v -0.126362 0.305065 0.0762 
v -0.13768 0.300127 0.0762 
v -0.148806 0.294769 0.0762 
v -0.159724 0.288999 0.0762 
v -0.170418 0.282824 0.0762 
v -0.180874 0.276254 0.0762 
v -0.191077 0.269298 0.0762 
v 0.288162 0.221114 0.0762 
v -0.210688 0.29587 0.0762 
v -0.199994 0.303202 0.0762 
v -0.189044 0.310147 0.0762 
v -0.177854 0.316697 0.0762 
v -0.166437 0.322843 0.0762 
v -0.154808 0.328578 0.0762 
v -0.142982 0.333894 0.0762 
v -0.130973 0.338784 0.0762 
v -0.118798 0.343243 0.0762 
v -0.106471 0.347265 0.0762 
v -0.0940083 0.350844 0.0762 
v -0.0814259 0.353975 0.0762 
v -0.0687398 0.356656 0.0762 
v -0.0559661 0.358882 0.0762 
v -0.0431211 0.360651 0.0762 
v -0.0302212 0.361961 0.0762 
v -0.0172827 0.362809 0.0762 
v -0.00432221 0.363194 0.0762 
v 0.0086438 0.363117 0.0762 
v 0.0215988 0.362577 0.0762 
v 0.0345263 0.361575 0.0762 
v 0.0474097 0.360113 0.0762 
v 0.0602328 0.358191 0.0762 
v 0.0729791 0.355813 0.0762 
v 0.0856324 0.352981 0.0762 
v 0.0981765 0.3497 0.0762 
v 0.110596 0.345973 0.0762 
v 0.122874 0.341805 0.0762 
v 0.134995 0.337202 0.0762 
v 0.146945 0.332169 0.0762 
v 0.158707 0.326712 0.0762 
v 0.170267 0.320839 0.0762 
v 0.18161 0.314558 0.0762 
v 0.192722 0.307875 0.0762 
v 0.203588 0.3008 0.0762 
v 0.214194 0.293342 0.0762 
v 0.224528 0.28551 0.0762 
v 0.234575 0.277314 0.0762 
v 0.244324 0.268765 0.0762 
v 0.253761 0.259873 0.0762 
v 0.262875 0.25065 0.0762 
v 0.271653 0.241108 0.0762 
v 0.280086 0.231259 0.0762 
vn 0 0 -1 
vn 1 0 0 
vn 0.99953 0.0306449 0 
vn 0.998122 0.061261 0 
vn 0.995776 0.0918195 0 
vn 0.992494 0.122292 0 
vn 0.98828 0.152649 0 
vn 0.983138 0.182863 0 
vn 0.977073 0.212906 0 
vn 0.970089 0.242748 0 
vn 0.962195 0.272362 0 
vn 0.953396 0.301721 0 
vn 0.943702 0.330796 0 
vn 0.933122 0.35956 0 
vn 0.921665 0.387986 0 
vn 0.909342 0.416049 0 
vn 0.896166 0.44372 0 
vn 0.882147 0.470974 0 
vn 0.8673 0.497786 0 
vn 0.851638 0.524131 0 
vn 0.835176 0.549983 0 
vn 0.817929 0.575319 0 
vn 0.799915 0.600114 0 
vn 0.781149 0.624345 0 
vn 0.761649 0.64799 0 
vn 0.741433 0.671027 0 
vn 0.720522 0.693433 0 
vn 0.698933 0.715187 0 
vn 0.676688 0.73627 0 
vn 0.653807 0.756661 0 
vn 0.630312 0.776342 0 
vn 0.606225 0.795293 0 
vn 0.581569 0.813497 0 
vn 0.556366 0.830937 0 
vn 0.530641 0.847597 0 
vn 0.504417 0.86346 0 
vn 0.47772 0.878512 0 
vn 0.450574 0.892739 0 
vn 0.423004 0.906128 0 
vn 0.395037 0.918665 0 
vn 0.366699 0.93034 0 
vn 0.338017 0.94114 0 
vn 0.309017 0.951057 0 
vn 0.279727 0.96008 0 
vn 0.250174 0.968201 0 
vn 0.220386 0.975413 0 
vn 0.190391 0.981708 0 
vn 0.160217 0.987082 0 
vn 0.129893 0.991528 0 
vn 0.0994468 0.995043 0 
vn 0.0689071 0.997623 0 
vn 0.0383027 0.999266 0 
vn 0.00766235 0.999971 0 
vn -0.0229852 0.999736 0 
vn -0.0536112 0.998562 0 
vn -0.0841869 0.99645 0 
vn -0.114683 0.993402 0 
vn -0.145072 0.989421 0 
vn -0.175325 0.984511 0 
vn -0.205413 0.978675 0 
vn -0.235308 0.971921 0 
vn -0.264982 0.964253 0 
vn -0.294406 0.95568 0 
vn -0.323555 0.946209 0 
vn -0.352399 0.93585 0 
vn -0.380913 0.924611 0 
vn -0.409069 0.912504 0 
vn -0.43684 0.899539 0 
vn -0.464201 0.88573 0 
vn -0.491126 0.871088 0 
vn -0.51759 0.855629 0 
vn -0.543568 0.839365 0 
vn -0.569035 0.822314 0 
vn -0.593967 0.804489 0 
vn -0.618341 0.78591 0 
vn -0.642135 0.766591 0 
vn -0.665326 0.746553 0 
vn -0.687891 0.725814 0 
vn -0.709811 0.704393 0 
vn -0.731063 0.68231 0 
vn -0.751629 0.659586 0 
vn -0.771489 0.636242 0 
vn -0.790624 0.612301 0 
vn -0.809017 0.587785 0 
vn -0.82665 0.562717 0 
vn -0.843506 0.53712 0 
vn -0.85957 0.511019 0 
vn -0.874826 0.484437 0 
vn -0.889261 0.457401 0 
vn -0.90286 0.429935 0 
vn -0.915611 0.402065 0 
vn -0.927502 0.373817 0 
vn -0.938522 0.345218 0 
vn -0.948661 0.316295 0 
vn -0.957908 0.287075 0 
vn -0.966256 0.257585 0 
vn -0.973695 0.227854 0 
vn -0.980221 0.197908 0 
vn -0.985825 0.167776 0 
vn -0.990504 0.137487 0 
vn -0.994252 0.107068 0 
vn -0.997066 0.0765493 0 
vn -0.998943 0.0459583 0 
vn -0.999883 0.0153242 0 
vn -0.999883 -0.0153242 0 
vn -0.998943 -0.0459583 0 
vn -0.997066 -0.0765493 0 
vn -0.994252 -0.107068 0 
vn -0.990504 -0.137487 0 
vn -0.985825 -0.167776 0 
vn -0.980221 -0.197908 0 
vn -0.973695 -0.227854 0 
vn -0.966256 -0.257585 0 
vn -0.957908 -0.287075 0 
vn -0.948661 -0.316295 0 
vn -0.938522 -0.345218 0 
vn -0.927502 -0.373817 0 
vn -0.915611 -0.402065 0 
vn -0.90286 -0.429935 0 
vn -0.889261 -0.457401 0 
vn -0.874826 -0.484437 0 
vn -0.85957 -0.511019 0 
vn -0.843506 -0.53712 0 
vn -0.82665 -0.562717 0 
vn -0.809017 -0.587785 0 
vn -0.790624 -0.612301 0 
vn -0.771489 -0.636242 0 
vn -0.751629 -0.659586 0 
vn -0.731063 -0.68231 0 
vn -0.709811 -0.704393 0 
vn -0.687891 -0.725814 0 
vn -0.665326 -0.746553 0 
vn -0.642135 -0.766591 0 
vn -0.618341 -0.78591 0 
vn -0.593967 -0.804489 0 
vn -0.569035 -0.822314 0 
vn -0.543568 -0.839365 0 
vn -0.51759 -0.855629 0 
vn -0.491126 -0.871088 0 
vn -0.464201 -0.88573 0 
vn -0.43684 -0.899539 0 
vn -0.409069 -0.912504 0 
vn -0.380913 -0.924611 0 
vn -0.352399 -0.93585 0 
vn -0.323555 -0.946209 0 
vn -0.294406 -0.95568 0 
vn -0.264982 -0.964253 0 
vn -0.235308 -0.971921 0 
vn -0.205413 -0.978675 0 
vn -0.175325 -0.984511 0 
vn -0.145072 -0.989421 0 
vn -0.114683 -0.993402 0 
vn -0.0841869 -0.99645 0 
vn -0.0536112 -0.998562 0 
vn -0.0229852 -0.999736 0 
vn 0.00766235 -0.999971 0 
vn 0.0383027 -0.999266 0 
vn 0.0689071 -0.997623 0 
vn 0.0994468 -0.995043 0 
vn 0.129893 -0.991528 0 
vn 0.160217 -0.987082 0 
vn 0.190391 -0.981708 0 
vn 0.220386 -0.975413 0 
vn 0.250174 -0.968201 0 
vn 0.279727 -0.96008 0 
vn 0.309017 -0.951057 0 
vn 0.338017 -0.94114 0 
vn 0.366699 -0.93034 0 
vn 0.395037 -0.918665 0 
vn 0.423004 -0.906128 0 
vn 0.450574 -0.892739 0 
vn 0.47772 -0.878512 0 
vn 0.504417 -0.86346 0 
vn 0.530641 -0.847597 0 
vn 0.556366 -0.830937 0 
vn 0.581569 -0.813497 0 
vn 0.606225 -0.795293 0 
vn 0.630312 -0.776342 0 
vn 0.653807 -0.756661 0 
vn 0.676688 -0.73627 0 
vn 0.698933 -0.715187 0 
vn 0.720522 -0.693433 0 
vn 0.741433 -0.671027 0 
vn 0.761649 -0.64799 0 
vn 0.781149 -0.624345 0 
vn 0.799915 -0.600114 0 
vn 0.817929 -0.575319 0 
vn 0.835176 -0.549983 0 
vn 0.851638 -0.524131 0 
vn 0.8673 -0.497786 0 
vn 0.882147 -0.470974 0 
vn 0.896166 -0.44372 0 
vn 0.909342 -0.416049 0 
vn 0.921665 -0.387986 0 
vn 0.933122 -0.35956 0 
vn 0.943702 -0.330796 0 
vn 0.953396 -0.301721 0 
vn 0.962195 -0.272362 0 
vn 0.970089 -0.242748 0 
vn 0.977073 -0.212906 0 
vn 0.983138 -0.182863 0 
vn 0.98828 -0.152649 0 
vn 0.992494 -0.122292 0 
vn 0.995776 -0.0918195 0 
vn 0.998122 -0.061261 0 
vn 0.99953 -0.0306449 0 
vn 0 0 1 
vn -0.584174 -0.811628 0 
vn -0.608761 -0.793353 0 
vn -0.559039 -0.829141 0 
vn -0.584174 -0.811628 0 
vn -0.533379 -0.845876 0 
vn -0.559039 -0.829141 0 
vn -0.507218 -0.861818 0 
vn -0.533379 -0.845876 0 
vn -0.480582 -0.87695 0 
vn -0.507218 -0.861818 0 
vn -0.453494 -0.891259 0 
vn -0.480582 -0.87695 0 
vn -0.425981 -0.904732 0 
vn -0.453494 -0.891259 0 
vn -0.398068 -0.917356 0 
vn -0.425981 -0.904732 0 
vn -0.369781 -0.929119 0 
vn -0.398068 -0.917356 0 
vn -0.341148 -0.94001 0 
vn -0.3664 -0.930457 0 
vn -0.369781 -0.929119 0 
vn -0.312194 -0.950018 0 
vn -0.282947 -0.959136 0 
vn -0.253435 -0.967353 0 
vn -0.223684 -0.974662 0 
vn -0.193724 -0.981056 0 
vn -0.163582 -0.98653 0 
vn -0.133287 -0.991077 0 
vn -0.102866 -0.994695 0 
vn -0.0723493 -0.997379 0 
vn -0.0417643 -0.999127 0 
vn -0.0111402 -0.999938 0 
vn 0.0194945 -0.99981 0 
vn 0.0501108 -0.998744 0 
vn 0.0806801 -0.99674 0 
vn 0.111174 -0.993801 0 
vn 0.141563 -0.989929 0 
vn 0.171819 -0.985128 0 
vn 0.201915 -0.979403 0 
vn 0.23182 -0.972759 0 
vn 0.261508 -0.965201 0 
vn 0.290951 -0.956738 0 
vn 0.272326 -0.962205 0 
vn 0.261508 -0.965201 0 
vn 0.320121 -0.947377 0 
vn 0.34899 -0.937127 0 
vn 0.377531 -0.925997 0 
vn 0.405719 -0.913998 0 
vn 0.433525 -0.901141 0 
vn 0.411214 -0.911539 0 
vn 0.405719 -0.913998 0 
vn 0.460925 -0.887439 0 
vn 0.487892 -0.872904 0 
vn 0.514401 -0.85755 0 
vn 0.540428 -0.84139 0 
vn 0.565947 -0.824442 0 
vn 0.590935 -0.806719 0 
vn 0.615369 -0.788239 0 
vn 0.639225 -0.76902 0 
vn 0.662481 -0.749079 0 
vn 0.685115 -0.728435 0 
vn 0.707107 -0.707107 0 
vn 0.811515 -0.584332 0 
vn 0.793353 -0.608761 0 
vn 0.828924 -0.559361 0 
vn 0.811515 -0.584332 0 
vn 0.845565 -0.533872 0 
vn 0.828924 -0.559361 0 
vn 0.861423 -0.507888 0 
vn 0.859875 -0.510505 0 
vn 0.876483 -0.481434 0 
vn 0.864829 -0.502067 0 
vn 0.89073 -0.454533 0 
vn 0.904152 -0.427211 0 
vn 0.916736 -0.399493 0 
vn 0.928471 -0.371406 0 
vn 0.925577 -0.378559 0 
vn 0.939345 -0.342973 0 
vn 0.949349 -0.314224 0 
vn 0.958473 -0.285183 0 
vn 0.966709 -0.255877 0 
vn 0.97405 -0.226335 0 
vn 0.980487 -0.196583 0 
vn 0.986016 -0.166649 0 
vn 0.990632 -0.13656 0 
vn 0.994329 -0.106345 0 
vn 0.994037 -0.109042 0 
vn 0.991692 -0.128634 0 
vn 0.990632 -0.13656 0 
vn 0.994329 -0.106345 0 
vn 0.997105 -0.076031 0 
vn 0.998958 -0.0456468 0 
vn 0.999884 -0.0152203 0 
vn 0.999884 0.0152203 0 
vn 0.998958 0.0456468 0 
vn 0.997105 0.076031 0 
vn 0.994329 0.106345 0 
vn 0.990632 0.13656 0 
vn 0.99143 0.130639 0 
vn 0.986016 0.166649 0 
vn 0.980487 0.196583 0 
vn 0.97405 0.226335 0 
vn 0.966709 0.255877 0 
vn 0.958473 0.285183 0 
vn 0.949349 0.314224 0 
vn 0.939345 0.342973 0 
vn 0.928471 0.371406 0 
vn 0.916736 0.399493 0 
vn 0.904152 0.427211 0 
vn 0.89073 0.454533 0 
vn 0.894662 0.446743 0 
vn 0.876483 0.481434 0 
vn 0.861423 0.507888 0 
vn 0.845565 0.533872 0 
vn 0.859875 0.510505 0 
vn 0.861423 0.507888 0 
vn 0.828924 0.559361 0 
vn 0.811515 0.584332 0 
vn 0.793353 0.608761 0 
vn -0.5 -0.866025 0 
vn -0.524977 -0.851117 0 
vn -0.549509 -0.835488 0 
vn -0.573576 -0.819152 0 
vn -0.597159 -0.802123 0 
vn -0.620235 -0.784416 0 
vn -0.642788 -0.766044 0 
vn -0.664796 -0.747025 0 
vn -0.686242 -0.727374 0 
vn -0.707107 -0.707107 0 
vn -0.991445 -0.130526 0 
vn -0.995056 -0.0993197 0 
vn -0.997684 -0.0680153 0 
vn -0.999328 -0.0366437 0 
vn -0.999986 -0.00523596 0 
vn -0.999657 0.0261769 0 
vn -0.998342 0.057564 0 
vn -0.996041 0.0888943 0 
vn -0.992757 0.120137 0 
vn -0.992854 0.119338 0 
vn -0.988494 0.151261 0 
vn -0.99004 0.140786 0 
vn -0.983255 0.182236 0 
vn -0.977046 0.21303 0 
vn -0.969872 0.243615 0 
vn -0.961741 0.273959 0 
vn -0.952661 0.304033 0 
vn -0.942641 0.333807 0 
vn -0.931691 0.363251 0 
vn -0.941104 0.338117 0 
vn -0.919821 0.392337 0 
vn -0.907044 0.421036 0 
vn -0.910135 0.414312 0 
vn -0.893371 0.449319 0 
vn -0.878817 0.477159 0 
vn -0.863396 0.504528 0 
vn -0.847122 0.531399 0 
vn -0.830012 0.557745 0 
vn -0.835494 0.549499 0 
vn -0.812084 0.583541 0 
vn -0.793353 0.608761 0 
vn -0.847122 0.531399 0 
vn -0.919821 0.392337 0 
vn -0.942641 0.333807 0 
vn -0.996041 0.0888943 0 
vn 0.684996 0.728547 0 
vn 0.707107 0.707107 0 
vn 0.662235 0.749296 0 
vn 0.684996 0.728547 0 
vn 0.638847 0.769334 0 
vn 0.662235 0.749296 0 
vn 0.614852 0.788642 0 
vn 0.638847 0.769334 0 
vn 0.590274 0.807203 0 
vn 0.614852 0.788642 0 
vn 0.565136 0.824997 0 
vn 0.590274 0.807203 0 
vn 0.539463 0.84201 0 
vn 0.565136 0.824997 0 
vn 0.513277 0.858223 0 
vn 0.539463 0.84201 0 
vn 0.486604 0.873622 0 
vn 0.513277 0.858223 0 
vn 0.45947 0.888193 0 
vn 0.486604 0.873622 0 
vn 0.431901 0.901921 0 
vn 0.45947 0.888193 0 
vn 0.403921 0.914794 0 
vn 0.411221 0.911536 0 
vn 0.375558 0.926799 0 
vn 0.346839 0.937925 0 
vn 0.317791 0.948161 0 
vn 0.288442 0.957497 0 
vn 0.290477 0.956882 0 
vn 0.258819 0.965926 0 
vn 0.272329 0.962204 0 
vn 0.228951 0.973438 0 
vn 0.198865 0.980027 0 
vn 0.168591 0.985686 0 
vn 0.138156 0.99041 0 
vn 0.107591 0.994195 0 
vn 0.0769238 0.997037 0 
vn 0.0461835 0.998933 0 
vn 0.0153994 0.999881 0 
vn -0.0153994 0.999881 0 
vn -0.0461835 0.998933 0 
vn -0.0769238 0.997037 0 
vn -0.107591 0.994195 0 
vn -0.138156 0.99041 0 
vn -0.168591 0.985686 0 
vn -0.198865 0.980027 0 
vn -0.228951 0.973438 0 
vn -0.258819 0.965926 0 
vn -0.288442 0.957497 0 
vn -0.317791 0.948161 0 
vn -0.290477 0.956882 0 
vn -0.288442 0.957497 0 
vn -0.346839 0.937925 0 
vn -0.375558 0.926799 0 
vn -0.36642 0.93045 0 
vn -0.403921 0.914794 0 
vn -0.431901 0.901921 0 
vn -0.45947 0.888193 0 
vn -0.486604 0.873622 0 
vn -0.513277 0.858223 0 
vn -0.539463 0.84201 0 
vn -0.565136 0.824997 0 
vn -0.590274 0.807203 0 
vn -0.614852 0.788642 0 
vn -0.638847 0.769334 0 
vn -0.662235 0.749296 0 
vn -0.650964 0.759108 0 
vn -0.684996 0.728547 0 
vn -0.707107 0.707107 0 
vn -0.728547 0.684996 0 
vn -0.749296 0.662235 0 
vn -0.769334 0.638847 0 
vn -0.788642 0.614852 0 
vn -0.785078 0.619397 0 
vn -0.784871 0.619659 0 
vn -0.769334 0.638847 0 
vn -0.788642 0.614852 0 
vn -0.807203 0.590274 0 
vn -0.824997 0.565136 0 
vn -0.84201 0.539463 0 
vn -0.858223 0.513277 0 
vn -0.873622 0.486604 0 
vn -0.888193 0.45947 0 
vn -0.901921 0.431901 0 
vn -0.894657 0.446753 0 
vn -0.888193 0.45947 0 
vn -0.914794 0.403921 0 
vn -0.926799 0.375558 0 
vn -0.937925 0.346839 0 
vn -0.948161 0.317791 0 
vn -0.957497 0.288442 0 
vn -0.965926 0.258819 0 
vn -0.973438 0.228951 0 
vn -0.980027 0.198865 0 
vn -0.985686 0.168591 0 
vn -0.99041 0.138156 0 
vn -0.994195 0.107591 0 
vn -0.99143 0.130641 0 
vn -0.99041 0.138156 0 
vn -0.997037 0.0769238 0 
vn -0.998933 0.0461835 0 
vn -0.999881 0.0153994 0 
vn -0.999881 -0.0153994 0 
vn -0.998933 -0.0461835 0 
vn -0.997037 -0.0769238 0 
vn -0.994195 -0.107591 0 
vn -0.99041 -0.138156 0 
vn -0.991692 -0.128636 0 
vn -0.994037 -0.10904 0 
vn -0.99041 -0.138156 0 
vn -0.985686 -0.168591 0 
vn -0.980027 -0.198865 0 
vn -0.973438 -0.228951 0 
vn -0.965926 -0.258819 0 
vn -0.957497 -0.288442 0 
vn -0.948161 -0.317791 0 
vn -0.937925 -0.346839 0 
vn -0.926799 -0.375558 0 
vn -0.914794 -0.403921 0 
vn -0.925584 -0.378542 0 
vn -0.926799 -0.375558 0 
vn -0.901921 -0.431901 0 
vn -0.888193 -0.45947 0 
vn -0.873622 -0.486604 0 
vn -0.858223 -0.513277 0 
vn -0.864818 -0.502085 0 
vn -0.84201 -0.539463 0 
vn -0.824997 -0.565136 0 
vn -0.807203 -0.590274 0 
vn -0.788642 -0.614852 0 
vn -0.769334 -0.638847 0 
vn -0.774935 -0.632041 0 
vn -0.785078 -0.619397 0 
vn -0.769334 -0.638847 0 
vn -0.749296 -0.662235 0 
vn -0.728547 -0.684996 0 
vn -0.707107 -0.707107 0 
vn -0.92388 0.382683 0 
vn -0.910864 0.412707 0 
vn -0.896873 0.442289 0 
vn -0.881921 0.471397 0 
vn -0.866025 0.5 0 
vn -0.849202 0.528068 0 
vn -0.853242 0.521515 0 
vn -0.83147 0.55557 0 
vn -0.812847 0.582478 0 
vn -0.793353 0.608761 0 
vn -0.866025 0.5 0 
vn -0.097182 -0.995267 0 
vn -0.130526 -0.991445 0 
vn -0.0637284 -0.997967 0 
vn -0.097182 -0.995267 0 
vn -0.030203 -0.999544 0 
vn -0.0637284 -0.997967 0 
vn 0.0033564 -0.999994 0 
vn -0.030203 -0.999544 0 
vn 0.036912 -0.999319 0 
vn 0.0033564 -0.999994 0 
vn 0.0704261 -0.997517 0 
vn 0.036912 -0.999319 0 
vn 0.103861 -0.994592 0 
vn 0.0704261 -0.997517 0 
vn 0.137179 -0.990546 0 
vn 0.103861 -0.994592 0 
vn 0.170342 -0.985385 0 
vn 0.137179 -0.990546 0 
vn 0.203313 -0.979114 0 
vn 0.170342 -0.985385 0 
vn 0.236055 -0.97174 0 
vn 0.203313 -0.979114 0 
vn 0.268532 -0.963271 0 
vn 0.236055 -0.97174 0 
vn 0.300706 -0.953717 0 
vn 0.268532 -0.963271 0 
vn 0.332541 -0.943089 0 
vn 0.321254 -0.946993 0 
vn 0.364002 -0.931398 0 
vn 0.395052 -0.918659 0 
vn 0.425658 -0.904884 0 
vn 0.455784 -0.89009 0 
vn 0.485397 -0.874294 0 
vn 0.485052 -0.874485 0 
vn 0.455784 -0.89009 0 
vn 0.514463 -0.857513 0 
vn 0.542949 -0.839766 0 
vn 0.570824 -0.821073 0 
vn 0.598056 -0.801455 0 
vn 0.624614 -0.780934 0 
vn 0.650468 -0.759533 0 
vn 0.67559 -0.737277 0 
vn 0.666386 -0.745607 0 
vn 0.699951 -0.714191 0 
vn 0.723523 -0.6903 0 
vn 0.746281 -0.665631 0 
vn 0.768198 -0.640213 0 
vn 0.789249 -0.614073 0 
vn 0.809411 -0.587242 0 
vn 0.805745 -0.592262 0 
vn 0.828662 -0.559749 0 
vn 0.846979 -0.531626 0 
vn 0.864342 -0.502904 0 
vn 0.880732 -0.473615 0 
vn 0.896129 -0.443793 0 
vn 0.894761 -0.446545 0 
vn 0.910517 -0.413471 0 
vn 0.92388 -0.382683 0 
vn -0.130526 -0.991445 0 
vn 0.815561 -0.578671 0 
vn 0.793353 -0.608761 0 
vn 0.836628 -0.547772 0 
vn 0.819089 -0.573666 0 
vn 0.815561 -0.578671 0 
vn 0.856525 -0.516106 0 
vn 0.875223 -0.483719 0 
vn 0.892698 -0.450655 0 
vn 0.908924 -0.416961 0 
vn 0.92388 -0.382683 0 
vn 0.937542 -0.347871 0 
vn 0.949894 -0.312572 0 
vn 0.960917 -0.276836 0 
vn 0.970597 -0.240712 0 
vn 0.978918 -0.204252 0 
vn 0.985871 -0.167506 0 
vn 0.980815 -0.194939 0 
vn 0.978918 -0.204252 0 
vn 0.991445 -0.130526 0 
vn 0.986253 -0.165241 0 
vn 0.608761 0.793353 0 
vn -0.991445 0.130526 0 
vn -0.986643 0.162895 0 
vn -0.988651 0.150232 0 
vn -0.980785 0.19509 0 
vn -0.984172 0.177217 0 
vn -0.973877 0.227076 0 
vn -0.965926 0.258819 0 
vn -0.991445 0.130526 0 
vn -0.793353 0.608761 0 
vn 0.707107 0.707107 0 
vn 0.729092 0.684415 0 
vn 0.722145 0.691742 0 
vn 0.712424 0.701749 0 
vn 0.729092 0.684415 0 
vn 0.75035 0.661041 0 
vn 0.770858 0.637007 0 
vn 0.790597 0.612336 0 
vn 0.809547 0.587055 0 
vn 0.827689 0.561187 0 
vn 0.845004 0.534759 0 
vn 0.835488 0.549509 0 
vn 0.861476 0.507798 0 
vn 0.859214 0.511617 0 
vn 0.877088 0.480329 0 
vn 0.891825 0.452381 0 
vn 0.905671 0.423981 0 
vn 0.918613 0.395159 0 
vn 0.910131 0.414321 0 
vn 0.930638 0.365941 0 
vn 0.941734 0.336359 0 
vn 0.95189 0.30644 0 
vn 0.961096 0.276216 0 
vn 0.969342 0.245716 0 
vn 0.976621 0.21497 0 
vn 0.982924 0.184011 0 
vn 0.988247 0.152867 0 
vn 0.992583 0.121571 0 
vn 0.99004 0.140787 0 
vn 0.995928 0.0901531 0 
vn 0.992853 0.11934 0 
vn 0.998279 0.0586455 0 
vn 0.999633 0.0270794 0 
vn 0.99999 -0.00451377 0 
vn 0.999348 -0.0361024 0 
vn 0.997709 -0.067655 0 
vn 0.995073 -0.0991401 0 
vn 0.991445 -0.130526 0 
vn 0.988247 0.152867 0 
vn 0.905671 0.423981 0 
vn 0.827689 0.561187 0 
vn 0.707107 0.707107 0 
vn -0.130526 -0.991445 0 
vn -0.995185 0.0980171 0 
vn -0.991445 0.130526 0 
vn -0.997859 0.0654031 0 
vn -0.995185 0.0980171 0 
vn -0.999465 0.0327191 0 
vn -0.997859 0.0654031 0 
vn -1 -5.66554e-16 0 
vn -0.999465 0.0327191 0 
vn -0.999465 -0.0327191 0 
vn -1 -5.66554e-16 0 
vn -0.997859 -0.0654031 0 
vn -0.999465 -0.0327191 0 
vn -0.995185 -0.0980171 0 
vn -0.997859 -0.0654031 0 
vn -0.991445 -0.130526 0 
vn -0.991693 -0.12863 0 
vn -0.986643 -0.162895 0 
vn -0.988419 -0.151747 0 
vn -0.980785 -0.19509 0 
vn -0.973877 -0.227076 0 
vn -0.965926 -0.258819 0 
vn -0.95694 -0.290285 0 
vn -0.94693 -0.321439 0 
vn -0.935906 -0.35225 0 
vn -0.92388 -0.382683 0 
vn -0.926116 -0.377239 0 
vn -0.910864 -0.412707 0 
vn -0.896873 -0.442289 0 
vn -0.881921 -0.471397 0 
vn -0.894757 -0.446554 0 
vn -0.896873 -0.442289 0 
vn -0.866025 -0.5 0 
vn -0.849202 -0.528068 0 
vn -0.83147 -0.55557 0 
vn -0.812847 -0.582478 0 
vn -0.793353 -0.608761 0 
vn -0.805728 -0.592286 0 
vn -0.812847 -0.582478 0 
vn -0.77301 -0.634393 0 
vn -0.75184 -0.659346 0 
vn -0.767889 -0.640583 0 
vn -0.77301 -0.634393 0 
vn -0.729864 -0.683592 0 
vn -0.707107 -0.707107 0 
vn -0.683592 -0.729864 0 
vn -0.659346 -0.75184 0 
vn -0.666404 -0.745591 0 
vn -0.634393 -0.77301 0 
vn -0.608761 -0.793353 0 
vn 0.866025 -0.5 0 
vn -0.608761 0.793353 0 
vn 0.77301 0.634393 0 
vn 0.793353 0.608761 0 
vn 0.75184 0.659346 0 
vn 0.77301 0.634393 0 
vn 0.729864 0.683592 0 
vn 0.75184 0.659346 0 
vn 0.707107 0.707107 0 
vn 0.729864 0.683592 0 
vn 0.683592 0.729864 0 
vn 0.707107 0.707107 0 
vn 0.659346 0.75184 0 
vn 0.682444 0.730938 0 
vn 0.683592 0.729864 0 
vn 0.634393 0.77301 0 
vn 0.608761 0.793353 0 
vn 0.582478 0.812847 0 
vn 0.55557 0.83147 0 
vn 0.528068 0.849202 0 
vn 0.5 0.866025 0 
vn 0.130526 -0.991445 0 
vn -0.707107 0.707107 0 
vn -0.684415 0.729092 0 
vn -0.661041 0.75035 0 
vn -0.637007 0.770858 0 
vn -0.612336 0.790597 0 
vn -0.587055 0.809547 0 
vn -0.561187 0.827689 0 
vn -0.534759 0.845004 0 
vn -0.507798 0.861476 0 
vn -0.480329 0.877088 0 
vn -0.452381 0.891825 0 
vn -0.423981 0.905671 0 
vn -0.450034 0.893011 0 
vn -0.395159 0.918613 0 
vn -0.365941 0.930638 0 
vn -0.336359 0.941734 0 
vn -0.30644 0.95189 0 
vn -0.276216 0.961096 0 
vn -0.298043 0.954552 0 
vn -0.245716 0.969342 0 
vn -0.21497 0.976621 0 
vn -0.184011 0.982924 0 
vn -0.152867 0.988247 0 
vn -0.121571 0.992583 0 
vn -0.0901531 0.995928 0 
vn -0.0586455 0.998279 0 
vn -0.0270794 0.999633 0 
vn 0.00451377 0.99999 0 
vn 0.0361024 0.999348 0 
vn 0.067655 0.997709 0 
vn 0.0991401 0.995073 0 
vn 0.130526 0.991445 0 
vn -0.30644 0.95189 0 
vn -0.452381 0.891825 0 
vn 0.991445 -0.130526 0 
vn 0.973877 -0.227076 0 
vn 0.965926 -0.258819 0 
vn 0.980785 -0.19509 0 
vn 0.973877 -0.227076 0 
vn 0.986643 -0.162895 0 
vn 0.980785 -0.19509 0 
vn 0.991445 -0.130526 0 
vn 0.988419 -0.151747 0 
vn 0.986643 -0.162895 0 
vn 0.995185 -0.0980171 0 
vn 0.991693 -0.12863 0 
vn 0.997859 -0.0654031 0 
vn 0.999465 -0.0327191 0 
vn 1 2.44929e-16 0 
vn 0.999465 0.0327191 0 
vn 0.997859 0.0654031 0 
vn 0.995185 0.0980171 0 
vn 0.991445 0.130526 0 
vn -0.258819 -0.965926 0 
vn 0.382683 0.92388 0 
vn 0.707107 -0.707107 0 
vn -0.608761 -0.793353 0 
vn 0.707107 0.707107 0 
vn 0 0 1 
vn -0.258819 -0.965926 0 
vn -0.29313 -0.956073 0 
vn -0.327068 -0.945001 0 
vn -0.360589 -0.932725 0 
vn -0.39365 -0.91926 0 
vn -0.375181 -0.926952 0 
vn -0.42621 -0.904624 0 
vn -0.458227 -0.888835 0 
vn -0.489659 -0.871914 0 
vn -0.520468 -0.853881 0 
vn -0.550613 -0.834761 0 
vn -0.520928 -0.8536 0 
vn -0.580057 -0.814576 0 
vn -0.566545 -0.824031 0 
vn -0.608761 -0.793353 0 
vn -0.63669 -0.77112 0 
vn -0.663808 -0.747903 0 
vn -0.690079 -0.723734 0 
vn -0.715471 -0.698642 0 
vn -0.739951 -0.67266 0 
vn -0.763489 -0.645821 0 
vn -0.786053 -0.618159 0 
vn -0.807616 -0.589709 0 
vn -0.7882 -0.615419 0 
vn -0.828149 -0.560508 0 
vn -0.847627 -0.530592 0 
vn -0.866025 -0.5 0 
vn -0.88332 -0.468771 0 
vn -0.899488 -0.436945 0 
vn -0.914511 -0.404561 0 
vn -0.928368 -0.371662 0 
vn -0.941042 -0.33829 0 
vn -0.952517 -0.304486 0 
vn -0.962778 -0.270295 0 
vn -0.971812 -0.235759 0 
vn -0.979607 -0.200922 0 
vn -0.986154 -0.16583 0 
vn -0.983669 -0.179986 0 
vn -0.991445 -0.130526 0 
vn -0.979607 -0.200922 0 
vn -0.786053 -0.618159 0 
vn -0.520468 -0.853881 0 
vn -0.360589 -0.932725 0 
vn 0 0 1 
vn 0.382683 -0.92388 0 
vn -0.258819 0.965926 0 
vn 0.5373 -0.843391 0 
vn 0.5 -0.866025 0 
vn 0.573576 -0.819152 0 
vn 0.570704 -0.821156 0 
vn 0.608761 -0.793353 0 
vn 0.642788 -0.766044 0 
vn 0.608839 -0.793294 0 
vn 0.608761 -0.793353 0 
vn 0.67559 -0.737277 0 
vn 0.707107 -0.707107 0 
vn 0.737277 -0.67559 0 
vn 0.766044 -0.642788 0 
vn 0.793353 -0.608761 0 
vn 0.819152 -0.573576 0 
vn 0.843391 -0.5373 0 
vn 0.866025 -0.5 0 
vn 0.861861 -0.507144 0 
vn 0.887011 -0.461749 0 
vn 0.906308 -0.422618 0 
vn 0.92388 -0.382683 0 
vn 0.939693 -0.34202 0 
vn 0.953717 -0.300706 0 
vn 0.965926 -0.258819 0 
vn 0.96297 -0.26961 0 
vn 0.976296 -0.21644 0 
vn 0.97353 -0.22856 0 
vn 0.984808 -0.173648 0 
vn 0.991445 -0.130526 0 
vn 0.996195 -0.0871557 0 
vn 0.999048 -0.0436194 0 
vn 1 2.44929e-16 0 
vn 0.999048 0.0436194 0 
vn 0.996195 0.0871557 0 
vn 0.991445 0.130526 0 
vn -0.975702 -0.219101 0 
vn -0.970071 -0.242823 0 
vn -0.965926 -0.258819 0 
vn -0.983846 -0.179017 0 
vn -0.990344 -0.138633 0 
vn -0.995185 -0.0980171 0 
vn -0.998361 -0.0572373 0 
vn -0.999866 -0.0163617 0 
vn -0.999699 0.0245412 0 
vn -0.997859 0.0654031 0 
vn -0.99435 0.106156 0 
vn -0.989177 0.14673 0 
vn -0.982349 0.18706 0 
vn -0.973877 0.227076 0 
vn -0.979244 0.202687 0 
vn -0.963776 0.266713 0 
vn -0.970998 0.239086 0 
vn -0.952063 0.305903 0 
vn -0.938756 0.344581 0 
vn -0.92388 0.382683 0 
vn -0.907457 0.420145 0 
vn -0.889516 0.456904 0 
vn -0.870087 0.492898 0 
vn -0.849202 0.528068 0 
vn -0.826897 0.562354 0 
vn -0.803208 0.595699 0 
vn -0.778175 0.628048 0 
vn -0.75184 0.659346 0 
vn -0.764339 0.644814 0 
vn -0.724247 0.689541 0 
vn -0.695443 0.718582 0 
vn -0.710564 0.703633 0 
vn -0.665475 0.74642 0 
vn -0.634393 0.77301 0 
vn -0.602251 0.798307 0 
vn -0.5691 0.822268 0 
vn -0.534998 0.844854 0 
vn -0.5 0.866025 0 
vn -0.506121 0.862462 0 
vn -0.534998 0.844854 0 
vn -0.724247 0.689541 0 
vn -0.778175 0.628048 0 
vn -0.982349 0.18706 0 
vn -0.965926 -0.258819 0 
vn 0.866025 0.5 0 
vn -0.130526 0.991445 0 
vn 0.984808 0.173648 0 
vn 0.991445 0.130526 0 
vn 0.976296 0.21644 0 
vn 0.984808 0.173648 0 
vn 0.965926 0.258819 0 
vn 0.976296 0.21644 0 
vn 0.953717 0.300706 0 
vn 0.965926 0.258819 0 
vn 0.939693 0.34202 0 
vn 0.953717 0.300706 0 
vn 0.92388 0.382683 0 
vn 0.939693 0.34202 0 
vn 0.908673 0.417509 0 
vn 0.92388 0.382683 0 
vn 0.892154 0.451732 0 
vn 0.908673 0.417509 0 
vn 0.874347 0.485302 0 
vn 0.892154 0.451732 0 
vn 0.855277 0.518171 0 
vn 0.874347 0.485302 0 
vn 0.834972 0.550293 0 
vn 0.855277 0.518171 0 
vn 0.813461 0.581619 0 
vn 0.834972 0.550293 0 
vn 0.790776 0.612106 0 
vn 0.813461 0.581619 0 
vn 0.766948 0.641709 0 
vn 0.790776 0.612106 0 
vn 0.742014 0.670385 0 
vn 0.766948 0.641709 0 
vn 0.716007 0.698093 0 
vn 0.735973 0.677011 0 
vn 0.742014 0.670385 0 
vn 0.688967 0.724793 0 
vn 0.660932 0.750446 0 
vn 0.631942 0.775016 0 
vn 0.60204 0.798466 0 
vn 0.623194 0.782067 0 
vn 0.631942 0.775016 0 
vn 0.571268 0.820763 0 
vn 0.539672 0.841876 0 
vn 0.507296 0.861772 0 
vn 0.474187 0.880424 0 
vn 0.440394 0.897805 0 
vn 0.405965 0.913889 0 
vn 0.412681 0.910876 0 
vn 0.37095 0.928653 0 
vn 0.335399 0.942076 0 
vn 0.343719 0.939073 0 
vn 0.299363 0.954139 0 
vn 0.262895 0.964824 0 
vn 0.226048 0.974116 0 
vn 0.188874 0.982001 0 
vn 0.151428 0.988468 0 
vn 0.113763 0.993508 0 
vn 0.0759331 0.997113 0 
vn 0.037994 0.999278 0 
vn -1.83697e-16 1 0 
vn 0.986643 0.162895 0 
vn 0.991445 0.130526 0 
vn 0.980785 0.19509 0 
vn 0.986643 0.162895 0 
vn 0.973877 0.227076 0 
vn 0.98021 0.197963 0 
vn 0.980785 0.19509 0 
vn 0.965926 0.258819 0 
vn 1 5.85396e-17 0 
vn -0.130526 0.991445 0 
vn 0.382683 0.92388 0 
vn 0.92388 -0.382683 0 
vn 0.911164 -0.412045 0 
vn 0.897515 -0.440984 0 
vn 0.882948 -0.469472 0 
vn 0.867476 -0.497479 0 
vn 0.872316 -0.488942 0 
vn 0.851117 -0.524977 0 
vn 0.859272 -0.511519 0 
vn 0.833886 -0.551937 0 
vn 0.815801 -0.578332 0 
vn 0.796882 -0.604136 0 
vn 0.777146 -0.62932 0 
vn 0.756615 -0.653861 0 
vn 0.735309 -0.677732 0 
vn 0.71325 -0.700909 0 
vn 0.734935 -0.678138 0 
vn 0.690462 -0.723369 0 
vn 0.712373 -0.701801 0 
vn 0.666966 -0.745088 0 
vn 0.642788 -0.766044 0 
vn 0.617951 -0.786217 0 
vn 0.592482 -0.805584 0 
vn 0.566406 -0.824126 0 
vn 0.539751 -0.841825 0 
vn 0.512543 -0.858662 0 
vn 0.48481 -0.87462 0 
vn 0.45658 -0.889682 0 
vn 0.427884 -0.903834 0 
vn 0.398749 -0.91706 0 
vn 0.400999 -0.916078 0 
vn 0.369206 -0.929348 0 
vn 0.339285 -0.940684 0 
vn 0.309017 -0.951057 0 
vn 0.278432 -0.960456 0 
vn 0.247563 -0.968872 0 
vn 0.21644 -0.976296 0 
vn 0.185095 -0.982721 0 
vn 0.153561 -0.988139 0 
vn 0.121869 -0.992546 0 
vn 0.0900532 -0.995937 0 
vn 0.0581448 -0.998308 0 
vn 0.0261769 -0.999657 0 
vn -0.00581773 -0.999983 0 
vn -0.0378065 -0.999285 0 
vn -0.0697565 -0.997564 0 
vn -0.101635 -0.994822 0 
vn -0.13341 -0.991061 0 
vn -0.165048 -0.986286 0 
vn -0.196517 -0.9805 0 
vn -0.227784 -0.973712 0 
vn -0.258819 -0.965926 0 
vn 0.427884 -0.903834 0 
vn 0.735309 -0.677732 0 
vn 0.882948 -0.469472 0 
vn -0.965926 0.258819 0 
vn -0.0327191 0.999465 0 
vn -1.83697e-16 1 0 
vn -0.0654031 0.997859 0 
vn -0.0327191 0.999465 0 
vn -0.0980171 0.995185 0 
vn -0.0654031 0.997859 0 
vn -0.130526 0.991445 0 
vn -0.0980171 0.995185 0 
vn -0.162895 0.986643 0 
vn -0.130526 0.991445 0 
vn -0.19509 0.980785 0 
vn -0.162895 0.986643 0 
vn -0.227076 0.973877 0 
vn -0.19509 0.980785 0 
vn -0.258819 0.965926 0 
vn -0.227076 0.973877 0 
vn -0.290285 0.95694 0 
vn -0.258819 0.965926 0 
vn -0.321439 0.94693 0 
vn -0.290285 0.95694 0 
vn -0.35225 0.935906 0 
vn -0.321439 0.94693 0 
vn -0.382683 0.92388 0 
vn -0.35225 0.935906 0 
vn -0.412707 0.910864 0 
vn -0.382683 0.92388 0 
vn -0.442289 0.896873 0 
vn -0.432251 0.901753 0 
vn -0.471397 0.881921 0 
vn -0.5 0.866025 0 
vn -0.528068 0.849202 0 
vn -0.55557 0.83147 0 
vn -0.582478 0.812847 0 
vn -0.608761 0.793353 0 
vn -0.634393 0.77301 0 
vn -0.659346 0.75184 0 
vn -0.683592 0.729864 0 
vn -0.682444 0.730938 0 
vn -0.707107 0.707107 0 
vn -0.729864 0.683592 0 
vn -0.75184 0.659346 0 
vn -0.77301 0.634393 0 
vn -0.767889 0.640583 0 
vn -0.793353 0.608761 0 
vn -0.812847 0.582478 0 
vn -0.83147 0.55557 0 
vn -0.849202 0.528068 0 
vn -0.866025 0.5 0 
vn -0.849892 0.526957 0 
vn -0.849202 0.528068 0 
vn -0.881921 0.471397 0 
vn -0.896873 0.442289 0 
vn -0.910864 0.412707 0 
vn -0.92388 0.382683 0 
vn -0.382683 -0.92388 0 
vn 0 0 1 
vn 0.258819 0.965926 0 
vn 0.258819 -0.965926 0 
vn -0.5 0.866025 0 
vn -0.422618 0.906308 0 
vn -0.382683 0.92388 0 
vn -0.461749 0.887011 0 
vn -0.422618 0.906308 0 
vn -0.5 0.866025 0 
vn -0.461749 0.887011 0 
vn -0.5373 0.843391 0 
vn -0.513667 0.85799 0 
vn -0.5 0.866025 0 
vn -0.573576 0.819152 0 
vn -0.608761 0.793353 0 
vn -0.642788 0.766044 0 
vn -0.67559 0.737277 0 
vn -0.707107 0.707107 0 
vn -0.737277 0.67559 0 
vn -0.766044 0.642788 0 
vn -0.793353 0.608761 0 
vn -0.819152 0.573576 0 
vn -0.843391 0.5373 0 
vn -0.866025 0.5 0 
vn -0.887011 0.461749 0 
vn -0.906308 0.422618 0 
vn -0.92388 0.382683 0 
vn -0.939693 0.34202 0 
vn -0.953717 0.300706 0 
vn -0.965926 0.258819 0 
vn -0.976296 0.21644 0 
vn -0.984808 0.173648 0 
vn -0.991445 0.130526 0 
vn -0.996195 0.0871557 0 
vn -0.999048 0.0436194 0 
vn -1 3.43025e-15 0 
vn -0.999048 -0.0436194 0 
vn -0.996195 -0.0871557 0 
vn -0.991445 -0.130526 0 
vn -0.984808 -0.173648 0 
vn -0.976296 -0.21644 0 
vn -0.965926 -0.258819 0 
vn -0.953717 -0.300706 0 
vn -0.939693 -0.34202 0 
vn -0.92388 -0.382683 0 
vn -0.906308 -0.422618 0 
vn -0.887011 -0.461749 0 
vn -0.866025 -0.5 0 
vn -0.92388 -0.382683 0 
vn 0.965926 0.258819 0 
vn 0.976017 0.217692 0 
vn 0.984359 0.176175 0 
vn 0.990935 0.134342 0 
vn 0.995734 0.0922684 0 
vn 0.998748 0.050029 0 
vn 0.99997 0.00769991 0 
vn 0.9994 -0.034643 0 
vn 0.997037 -0.0769238 0 
vn 0.992886 -0.119067 0 
vn 0.986955 -0.160996 0 
vn 0.979254 -0.202636 0 
vn 0.969797 -0.243914 0 
vn 0.958601 -0.284754 0 
vn 0.945686 -0.325083 0 
vn 0.931075 -0.364829 0 
vn 0.914794 -0.403921 0 
vn 0.896873 -0.442289 0 
vn 0.877343 -0.479863 0 
vn 0.856241 -0.516577 0 
vn 0.833602 -0.552365 0 
vn 0.809469 -0.587162 0 
vn 0.783885 -0.620906 0 
vn 0.756894 -0.653537 0 
vn 0.765468 -0.643474 0 
vn 0.728547 -0.684996 0 
vn 0.698893 -0.715226 0 
vn 0.667985 -0.744174 0 
vn 0.63588 -0.771788 0 
vn 0.602635 -0.798017 0 
vn 0.568308 -0.822816 0 
vn 0.532963 -0.846138 0 
vn 0.496662 -0.867944 0 
vn 0.45947 -0.888193 0 
vn 0.421455 -0.906849 0 
vn 0.382683 -0.92388 0 
vn 0.783885 -0.620906 0 
vn -0.939693 0.34202 0 
vn -0.92388 0.382683 0 
vn -0.953717 0.300706 0 
vn -0.939693 0.34202 0 
vn -0.965926 0.258819 0 
vn -0.961779 0.273826 0 
vn -0.976296 0.21644 0 
vn -0.984808 0.173648 0 
vn -0.991445 0.130526 0 
vn -0.996195 0.0871557 0 
vn -0.999048 0.0436194 0 
vn -1 -1.22465e-16 0 
vn -0.999048 -0.0436194 0 
vn -0.996195 -0.0871557 0 
vn -0.991445 -0.130526 0 
vn -0.984808 -0.173648 0 
vn -0.976296 -0.21644 0 
vn -0.965926 -0.258819 0 
vn -0.97353 -0.22856 0 
vn -0.976296 -0.21644 0 
vn -0.991445 -0.130526 0 
vn -0.844228 -0.535985 0 
vn -0.866025 -0.5 0 
vn -0.820936 -0.571021 0 
vn -0.844228 -0.535985 0 
vn -0.796191 -0.605046 0 
vn -0.820936 -0.571021 0 
vn -0.770036 -0.638 0 
vn -0.796191 -0.605046 0 
vn -0.742519 -0.669825 0 
vn -0.767893 -0.640578 0 
vn -0.770036 -0.638 0 
vn -0.713687 -0.700465 0 
vn -0.683592 -0.729864 0 
vn -0.652287 -0.757972 0 
vn -0.619828 -0.784738 0 
vn -0.586271 -0.810115 0 
vn -0.608636 -0.793449 0 
vn -0.619828 -0.784738 0 
vn -0.551677 -0.834058 0 
vn -0.516106 -0.856525 0 
vn -0.479622 -0.877475 0 
vn -0.442289 -0.896873 0 
vn -0.404173 -0.914683 0 
vn -0.365341 -0.930874 0 
vn -0.325863 -0.945417 0 
vn -0.285808 -0.958287 0 
vn -0.245247 -0.969461 0 
vn -0.204252 -0.978918 0 
vn -0.162895 -0.986643 0 
vn -0.121251 -0.992622 0 
vn -0.0793912 -0.996844 0 
vn -0.0373912 -0.999301 0 
vn 0.00467497 -0.999989 0 
vn 0.0467329 -0.998907 0 
vn 0.088708 -0.996058 0 
vn 0.130526 -0.991445 0 
vn -0.130526 0.991445 0 
vn -0.0890053 0.996031 0 
vn -0.047329 0.998879 0 
vn -0.00557017 0.999984 0 
vn 0.0361984 0.999345 0 
vn 0.0779038 0.996961 0 
vn 0.119473 0.992837 0 
vn 0.160834 0.986981 0 
vn 0.201915 0.979403 0 
vn 0.242642 0.970116 0 
vn 0.282947 0.959136 0 
vn 0.322758 0.946482 0 
vn 0.362005 0.932176 0 
vn 0.359727 0.933058 0 
vn 0.400621 0.916244 0 
vn 0.438538 0.898713 0 
vn 0.47569 0.879613 0 
vn 0.512011 0.858979 0 
vn 0.547439 0.836846 0 
vn 0.581912 0.813252 0 
vn 0.615369 0.788239 0 
vn 0.647752 0.761851 0 
vn 0.679005 0.734133 0 
vn 0.709073 0.705135 0 
vn 0.680953 0.732327 0 
vn 0.737904 0.674905 0 
vn 0.710678 0.703517 0 
vn 0.765447 0.643499 0 
vn 0.791655 0.610969 0 
vn 0.816481 0.577373 0 
vn 0.839882 0.542769 0 
vn 0.861818 0.507218 0 
vn 0.882249 0.470783 0 
vn 0.901141 0.433525 0 
vn 0.918461 0.395511 0 
vn 0.934178 0.356807 0 
vn 0.948265 0.317481 0 
vn 0.960697 0.2776 0 
vn 0.971452 0.237235 0 
vn 0.971006 0.239053 0 
vn 0.980513 0.196456 0 
vn 0.979247 0.202669 0 
vn 0.987862 0.155334 0 
vn 0.993488 0.113941 0 
vn 0.997379 0.0723493 0 
vn 0.999531 0.0306313 0 
vn 0.999938 -0.0111402 0 
vn 0.9986 -0.0528922 0 
vn 0.99552 -0.0945519 0 
vn 0.990702 -0.136047 0 
vn 0.984156 -0.177304 0 
vn 0.975892 -0.218252 0 
vn 0.965926 -0.258819 0 
vn 0.97007 -0.242824 0 
vn 0.975892 -0.218252 0 
vn 0.960697 0.2776 0 
vn 0.679005 0.734133 0 
vn 0.322758 0.946482 0 
vn -0.29404 0.955793 0 
vn -0.258819 0.965926 0 
vn -0.328867 0.944376 0 
vn -0.29404 0.955793 0 
vn -0.363251 0.931691 0 
vn -0.343628 0.939106 0 
vn -0.328867 0.944376 0 
vn -0.397148 0.917755 0 
vn -0.430511 0.902585 0 
vn -0.463296 0.886204 0 
vn -0.495459 0.868632 0 
vn -0.526956 0.849893 0 
vn -0.557745 0.830012 0 
vn -0.555238 0.831692 0 
vn -0.587785 0.809017 0 
vn -0.617036 0.786935 0 
vn -0.645458 0.763796 0 
vn -0.673013 0.739631 0 
vn -0.699663 0.714473 0 
vn -0.725374 0.688355 0 
vn -0.750111 0.661312 0 
vn -0.735952 0.677034 0 
vn -0.725374 0.688355 0 
vn -0.77384 0.633381 0 
vn -0.79653 0.604599 0 
vn -0.81815 0.575005 0 
vn -0.838671 0.544639 0 
vn -0.858065 0.513541 0 
vn -0.876307 0.481754 0 
vn -0.893371 0.449319 0 
vn -0.909236 0.416281 0 
vn -0.92388 0.382683 0 
vn -0.382683 0.92388 0 
vn -0.974696 0.223534 0 
vn -0.965926 0.258819 0 
vn -0.982178 0.187953 0 
vn -0.980206 0.19798 0 
vn -0.988362 0.152123 0 
vn -0.986488 0.163836 0 
vn -0.993238 0.116093 0 
vn -0.996802 0.079909 0 
vn -0.999048 0.0436194 0 
vn -0.999974 0.00727214 0 
vn -0.999577 -0.0290847 0 
vn -0.997859 -0.0654031 0 
vn -0.994822 -0.101635 0 
vn -0.990469 -0.137733 0 
vn -0.984808 -0.173648 0 
vn -0.986473 -0.163922 0 
vn -0.986251 -0.165254 0 
vn -0.984808 -0.173648 0 
vn -0.977844 -0.209334 0 
vn -0.980814 -0.194944 0 
vn -0.969588 -0.244743 0 
vn -0.96005 -0.279829 0 
vn -0.949243 -0.314545 0 
vn -0.937181 -0.348845 0 
vn -0.92388 -0.382683 0 
vn -0.965926 -0.258819 0 
vn 0.92388 0.382683 0 
vn 0.937127 0.34899 0 
vn 0.949145 0.314838 0 
vn 0.95992 0.280275 0 
vn 0.969436 0.245343 0 
vn 0.977682 0.210091 0 
vn 0.984646 0.174562 0 
vn 0.984175 0.177202 0 
vn 0.99032 0.138805 0 
vn 0.98865 0.150235 0 
vn 0.994695 0.102866 0 
vn 0.997767 0.0667926 0 
vn 0.999531 0.0306313 0 
vn 0.999984 -0.00557017 0 
vn 0.999127 -0.0417643 0 
vn 0.996961 -0.0779038 0 
vn 0.993488 -0.113941 0 
vn 0.988712 -0.149829 0 
vn 0.98264 -0.185521 0 
vn 0.983671 -0.179974 0 
vn 0.975281 -0.220969 0 
vn 0.966643 -0.256128 0 
vn 0.956738 -0.290951 0 
vn 0.945579 -0.325393 0 
vn 0.933181 -0.359408 0 
vn 0.919559 -0.392952 0 
vn 0.904732 -0.425981 0 
vn 0.888719 -0.458452 0 
vn 0.896824 -0.442388 0 
vn 0.871542 -0.490321 0 
vn 0.853222 -0.521548 0 
vn 0.833783 -0.552092 0 
vn 0.813252 -0.581912 0 
vn 0.791655 -0.610969 0 
vn 0.76902 -0.639225 0 
vn 0.788185 -0.615438 0 
vn 0.745377 -0.666643 0 
vn 0.720757 -0.693188 0 
vn 0.695192 -0.718824 0 
vn 0.668717 -0.743517 0 
vn 0.641364 -0.767237 0 
vn 0.613171 -0.78995 0 
vn 0.584174 -0.811628 0 
vn 0.554412 -0.832242 0 
vn 0.523923 -0.851766 0 
vn 0.492747 -0.870173 0 
vn 0.504814 -0.863228 0 
vn 0.52086 -0.853642 0 
vn 0.492747 -0.870173 0 
vn 0.460925 -0.887439 0 
vn 0.428499 -0.903542 0 
vn 0.395511 -0.918461 0 
vn 0.362005 -0.932176 0 
vn 0.328025 -0.944669 0 
vn 0.293614 -0.955924 0 
vn 0.258819 -0.965926 0 
vn 0.523923 -0.851766 0 
vn 0.791655 -0.610969 0 
vn 0.904732 -0.425981 0 
vn 0.988712 -0.149829 0 
vn 0.977682 0.210091 0 
vn -1.36592e-16 1 0 
vn -1 0 0 
vn 2.73185e-16 -1 0 
vn 1 0 0 
vn 0 0 1 
vn -0.573576 -0.819152 0 
vn -0.608761 -0.793353 0 
vn -0.5373 -0.843391 0 
vn -0.573576 -0.819152 0 
vn -0.5 -0.866025 0 
vn -0.5373 -0.843391 0 
vn -0.461749 -0.887011 0 
vn -0.5 -0.866025 0 
vn -0.422618 -0.906308 0 
vn -0.461749 -0.887011 0 
vn -0.382683 -0.92388 0 
vn -0.422618 -0.906308 0 
vn -0.34202 -0.939693 0 
vn -0.382683 -0.92388 0 
vn -0.300706 -0.953717 0 
vn -0.34202 -0.939693 0 
vn -0.258819 -0.965926 0 
vn -0.300706 -0.953717 0 
vn -0.21644 -0.976296 0 
vn -0.258819 -0.965926 0 
vn -0.173648 -0.984808 0 
vn -0.21644 -0.976296 0 
vn -0.130526 -0.991445 0 
vn -0.173648 -0.984808 0 
vn -0.0871557 -0.996195 0 
vn -0.130526 -0.991445 0 
vn -0.0436194 -0.999048 0 
vn -0.0871557 -0.996195 0 
vn -3.82857e-16 -1 0 
vn -0.0436194 -0.999048 0 
vn 0.0436194 -0.999048 0 
vn -3.82857e-16 -1 0 
vn 0.0871557 -0.996195 0 
vn 0.0436194 -0.999048 0 
vn 0.130526 -0.991445 0 
vn 0.0871557 -0.996195 0 
vn 0.173648 -0.984808 0 
vn 0.130526 -0.991445 0 
vn 0.21644 -0.976296 0 
vn 0.173648 -0.984808 0 
vn 0.258819 -0.965926 0 
vn 0.21644 -0.976296 0 
vn 0.300706 -0.953717 0 
vn 0.258819 -0.965926 0 
vn 0.34202 -0.939693 0 
vn 0.300706 -0.953717 0 
vn 0.382683 -0.92388 0 
vn 0.34202 -0.939693 0 
vn 0.422618 -0.906308 0 
vn 0.382683 -0.92388 0 
vn 0.461749 -0.887011 0 
vn 0.422618 -0.906308 0 
vn 0.5 -0.866025 0 
vn 0.461749 -0.887011 0 
vn 0.5373 -0.843391 0 
vn 0.5 -0.866025 0 
vn 0.573576 -0.819152 0 
vn 0.5373 -0.843391 0 
vn 0.608761 -0.793353 0 
vn 0.573576 -0.819152 0 
vn 0.642788 -0.766044 0 
vn 0.608761 -0.793353 0 
vn 0.67559 -0.737277 0 
vn 0.642788 -0.766044 0 
vn 0.707107 -0.707107 0 
vn 0.67559 -0.737277 0 
vn 0.737277 -0.67559 0 
vn 0.707107 -0.707107 0 
vn 0.766044 -0.642788 0 
vn 0.737277 -0.67559 0 
vn 0.793353 -0.608761 0 
vn 0.766044 -0.642788 0 
vn 0.819152 -0.573576 0 
vn 0.793353 -0.608761 0 
vn 0.843391 -0.5373 0 
vn 0.819152 -0.573576 0 
vn 0.866025 -0.5 0 
vn 0.843391 -0.5373 0 
vn 0.887011 -0.461749 0 
vn 0.866025 -0.5 0 
vn 0.906308 -0.422618 0 
vn 0.894238 -0.447592 0 
vn 0.887011 -0.461749 0 
vn 0.92388 -0.382683 0 
vn 0.906449 -0.422315 0 
vn 0.793353 -0.608761 0 
vn -0.92388 0.382683 0 
vn -0.906736 0.421698 0 
vn -0.887946 0.459948 0 
vn -0.867543 0.497361 0 
vn -0.845565 0.533872 0 
vn -0.822052 0.569413 0 
vn -0.797045 0.60392 0 
vn -0.770591 0.63733 0 
vn -0.742737 0.669583 0 
vn -0.766411 0.642351 0 
vn -0.713535 0.70062 0 
vn -0.683037 0.730384 0 
vn -0.651298 0.758822 0 
vn -0.618376 0.785882 0 
vn -0.584332 0.811515 0 
vn -0.549226 0.835674 0 
vn -0.513123 0.858315 0 
vn -0.476088 0.879397 0 
vn -0.438189 0.898883 0 
vn -0.399493 0.916736 0 
vn -0.360073 0.932924 0 
vn -0.319998 0.947418 0 
vn -0.279342 0.960192 0 
vn -0.238179 0.971221 0 
vn -0.196583 0.980487 0 
vn -0.15463 0.987972 0 
vn -0.112397 0.993663 0 
vn -0.0699589 0.99755 0 
vn -0.0273942 0.999625 0 
vn 0.0152203 0.999884 0 
vn 0.0578072 0.998328 0 
vn 0.100289 0.994958 0 
vn 0.142589 0.989782 0 
vn 0.18463 0.982808 0 
vn 0.226335 0.97405 0 
vn 0.267629 0.963522 0 
vn 0.308438 0.951244 0 
vn 0.348686 0.93724 0 
vn 0.388301 0.921533 0 
vn 0.427211 0.904152 0 
vn 0.465345 0.885129 0 
vn 0.502634 0.864499 0 
vn 0.53901 0.842299 0 
vn 0.574407 0.81857 0 
vn 0.608761 0.793353 0 
vn -0.770591 0.63733 0 
vn -0.382683 -0.92388 0 
vn 0 0 1 
vn -0.34202 -0.939693 0 
vn -0.382683 -0.92388 0 
vn -0.300706 -0.953717 0 
vn -0.34202 -0.939693 0 
vn -0.258819 -0.965926 0 
vn -0.300706 -0.953717 0 
vn -0.21644 -0.976296 0 
vn -0.258819 -0.965926 0 
vn -0.173648 -0.984808 0 
vn -0.21644 -0.976296 0 
vn -0.130526 -0.991445 0 
vn -0.173648 -0.984808 0 
vn -0.0871557 -0.996195 0 
vn -0.130526 -0.991445 0 
vn -0.0436194 -0.999048 0 
vn -0.0871557 -0.996195 0 
vn 3.16986e-15 -1 0 
vn -0.0436194 -0.999048 0 
vn 0.0436194 -0.999048 0 
vn 3.16986e-15 -1 0 
vn 0.0871557 -0.996195 0 
vn 0.0436194 -0.999048 0 
vn 0.130526 -0.991445 0 
vn 0.0871557 -0.996195 0 
vn 0.173648 -0.984808 0 
vn 0.130526 -0.991445 0 
vn 0.21644 -0.976296 0 
vn 0.173648 -0.984808 0 
vn 0.258819 -0.965926 0 
vn 0.21644 -0.976296 0 
vn 0.300706 -0.953717 0 
vn 0.258819 -0.965926 0 
vn 0.34202 -0.939693 0 
vn 0.300706 -0.953717 0 
vn 0.382683 -0.92388 0 
vn 0.34202 -0.939693 0 
vn 0.92388 -0.382683 0 
vn -0.382683 0.92388 0 
vn -0.34202 0.939693 0 
vn -0.300706 0.953717 0 
vn -0.258819 0.965926 0 
vn -0.21644 0.976296 0 
vn -0.173648 0.984808 0 
vn -0.130526 0.991445 0 
vn -0.0871557 0.996195 0 
vn -0.0436194 0.999048 0 
vn -2.72577e-15 1 0 
vn 0.0436194 0.999048 0 
vn 0.0871557 0.996195 0 
vn 0.130526 0.991445 0 
vn 0.173648 0.984808 0 
vn 0.21644 0.976296 0 
vn 0.258819 0.965926 0 
vn 0.300706 0.953717 0 
vn 0.34202 0.939693 0 
vn 0.382683 0.92388 0 
vn -0.92388 -0.382683 0 
vn 0 0 1 
vn 0.887011 -0.461749 0 
vn 0.866025 -0.5 0 
vn 0.906308 -0.422618 0 
vn 0.887011 -0.461749 0 
vn 0.92388 -0.382683 0 
vn 0.906308 -0.422618 0 
vn 0.939693 -0.34202 0 
vn 0.92388 -0.382683 0 
vn 0.953717 -0.300706 0 
vn 0.939693 -0.34202 0 
vn 0.965926 -0.258819 0 
vn 0.953717 -0.300706 0 
vn 0.976296 -0.21644 0 
vn 0.965926 -0.258819 0 
vn 0.984808 -0.173648 0 
vn 0.976296 -0.21644 0 
vn 0.991445 -0.130526 0 
vn 0.984808 -0.173648 0 
vn 0.996195 -0.0871557 0 
vn 0.991445 -0.130526 0 
vn 0.999048 -0.0436194 0 
vn 0.996195 -0.0871557 0 
vn 1 -2.41961e-15 0 
vn 0.999048 -0.0436194 0 
vn 0.999048 0.0436194 0 
vn 1 -2.41961e-15 0 
vn 0.996195 0.0871557 0 
vn 0.999048 0.0436194 0 
vn 0.991445 0.130526 0 
vn 0.996195 0.0871557 0 
vn 0.984808 0.173648 0 
vn 0.991445 0.130526 0 
vn 0.976296 0.21644 0 
vn 0.984808 0.173648 0 
vn 0.965926 0.258819 0 
vn 0.976296 0.21644 0 
vn 0.953717 0.300706 0 
vn 0.965926 0.258819 0 
vn 0.939693 0.34202 0 
vn 0.953717 0.300706 0 
vn 0.92388 0.382683 0 
vn 0.939693 0.34202 0 
vn 0.906308 0.422618 0 
vn 0.92388 0.382683 0 
vn 0.887011 0.461749 0 
vn 0.906308 0.422618 0 
vn 0.866025 0.5 0 
vn 0.887011 0.461749 0 
vn 0.843391 0.5373 0 
vn 0.866025 0.5 0 
vn 0.819152 0.573576 0 
vn 0.843391 0.5373 0 
vn 0.793353 0.608761 0 
vn 0.819152 0.573576 0 
vn 0.766044 0.642788 0 
vn 0.793353 0.608761 0 
vn 0.737277 0.67559 0 
vn 0.766044 0.642788 0 
vn 0.707107 0.707107 0 
vn 0.737277 0.67559 0 
vn 0.67559 0.737277 0 
vn 0.707107 0.707107 0 
vn 0.642788 0.766044 0 
vn 0.67559 0.737277 0 
vn 0.608761 0.793353 0 
vn 0.642788 0.766044 0 
vn 0.573576 0.819152 0 
vn 0.608761 0.793353 0 
vn 0.5373 0.843391 0 
vn 0.573576 0.819152 0 
vn 0.5 0.866025 0 
vn 0.513667 0.85799 0 
vn 0.461749 0.887011 0 
vn 0.422618 0.906308 0 
vn 0.382683 0.92388 0 
vn 0 0 1 
vn 0.5 0.866025 0 
vn -0.608761 -0.793353 0 
vn -0.641804 -0.766869 0 
vn -0.673696 -0.739009 0 
vn -0.704379 -0.709824 0 
vn -0.7338 -0.679366 0 
vn -0.761904 -0.64769 0 
vn -0.788642 -0.614852 0 
vn -0.765516 -0.643417 0 
vn -0.813966 -0.580912 0 
vn -0.837831 -0.54593 0 
vn -0.860193 -0.509969 0 
vn -0.881012 -0.473094 0 
vn -0.900252 -0.43537 0 
vn -0.917877 -0.396865 0 
vn -0.933856 -0.357649 0 
vn -0.948161 -0.317791 0 
vn -0.960765 -0.277364 0 
vn -0.971646 -0.236439 0 
vn -0.980785 -0.19509 0 
vn -0.988165 -0.153392 0 
vn -0.993774 -0.111418 0 
vn -0.9976 -0.0692444 0 
vn -0.999637 -0.0269467 0 
vn -0.999881 0.0153994 0 
vn -0.998333 0.0577178 0 
vn -0.994994 0.0999327 0 
vn -0.989871 0.141968 0 
vn -0.982973 0.18375 0 
vn -0.974312 0.225201 0 
vn -0.963904 0.266249 0 
vn -0.951768 0.306819 0 
vn -0.937925 0.346839 0 
vn -0.922399 0.386238 0 
vn -0.90522 0.424943 0 
vn -0.886418 0.462887 0 
vn -0.866025 0.5 0 
vn -0.761904 -0.64769 0 
vn -0.793353 0.608761 0 
vn 0.92388 -0.382683 0 
vn 0.130526 0.991445 0 
vn 0.342973 0.939345 0 
vn 0.382683 0.92388 0 
vn 0.302641 0.953105 0 
vn 0.342973 0.939345 0 
vn 0.261758 0.965133 0 
vn 0.302641 0.953105 0 
vn 0.220401 0.975409 0 
vn 0.261758 0.965133 0 
vn 0.178642 0.983914 0 
vn 0.220401 0.975409 0 
vn 0.13656 0.990632 0 
vn 0.178642 0.983914 0 
vn 0.0942295 0.99555 0 
vn 0.13656 0.990632 0 
vn 0.0517279 0.998661 0 
vn 0.0942295 0.99555 0 
vn 0.00913241 0.999958 0 
vn 0.0517279 0.998661 0 
vn -0.0334797 0.999439 0 
vn 0.00913241 0.999958 0 
vn -0.076031 0.997105 0 
vn -0.0334797 0.999439 0 
vn -0.118444 0.992961 0 
vn -0.076031 0.997105 0 
vn -0.160642 0.987013 0 
vn -0.118444 0.992961 0 
vn -0.202549 0.979272 0 
vn -0.160642 0.987013 0 
vn -0.244087 0.969753 0 
vn -0.202549 0.979272 0 
vn -0.285183 0.958473 0 
vn -0.244087 0.969753 0 
vn -0.32576 0.945452 0 
vn -0.285183 0.958473 0 
vn -0.365746 0.930715 0 
vn -0.32576 0.945452 0 
vn -0.405067 0.914287 0 
vn -0.365746 0.930715 0 
vn -0.443653 0.896198 0 
vn -0.405067 0.914287 0 
vn -0.481434 0.876483 0 
vn -0.443653 0.896198 0 
vn -0.518339 0.855175 0 
vn -0.481434 0.876483 0 
vn -0.554304 0.832314 0 
vn -0.518339 0.855175 0 
vn -0.589262 0.807942 0 
vn -0.554304 0.832314 0 
vn -0.62315 0.782103 0 
vn -0.589262 0.807942 0 
vn -0.655906 0.754843 0 
vn -0.62315 0.782103 0 
vn -0.687471 0.726212 0 
vn -0.655906 0.754843 0 
vn -0.717787 0.696262 0 
vn -0.687471 0.726212 0 
vn -0.7468 0.665049 0 
vn -0.717787 0.696262 0 
vn -0.774457 0.632627 0 
vn -0.7468 0.665049 0 
vn -0.800707 0.599056 0 
vn -0.774457 0.632627 0 
vn -0.825503 0.564398 0 
vn -0.800707 0.599056 0 
vn -0.8488 0.528714 0 
vn -0.825503 0.564398 0 
vn -0.870555 0.49207 0 
vn -0.8488 0.528714 0 
vn -0.89073 0.454533 0 
vn -0.870555 0.49207 0 
vn -0.909287 0.41617 0 
vn -0.903311 0.428987 0 
vn -0.926192 0.377051 0 
vn -0.941416 0.337248 0 
vn -0.95493 0.296832 0 
vn -0.966709 0.255877 0 
vn -0.976733 0.214458 0 
vn -0.984983 0.172649 0 
vn -0.991445 0.130526 0 
vn 0.991445 -0.130526 0 
vn 0.984808 -0.173648 0 
vn 0.976296 -0.21644 0 
vn 0.965926 -0.258819 0 
vn 0.953717 -0.300706 0 
vn 0.939693 -0.34202 0 
vn 0.92388 -0.382683 0 
vn 0.92994 -0.36771 0 
vn 0.906308 -0.422618 0 
vn 0.887011 -0.461749 0 
vn 0.866025 -0.5 0 
vn 0.843391 -0.5373 0 
vn 0.819152 -0.573576 0 
vn 0.793353 -0.608761 0 
vn 0.766044 -0.642788 0 
vn 0.737277 -0.67559 0 
vn 0.707107 -0.707107 0 
vn 0.67559 -0.737277 0 
vn 0.642788 -0.766044 0 
vn 0.608761 -0.793353 0 
vn 0.573576 -0.819152 0 
vn 0.5373 -0.843391 0 
vn 0.5 -0.866025 0 
vn 0.461749 -0.887011 0 
vn 0.422618 -0.906308 0 
vn 0.382683 -0.92388 0 
vn 0.34202 -0.939693 0 
vn 0.300706 -0.953717 0 
vn 0.258819 -0.965926 0 
vn 0.21644 -0.976296 0 
vn 0.173648 -0.984808 0 
vn 0.130526 -0.991445 0 
vn 0.0871557 -0.996195 0 
vn 0.0436194 -0.999048 0 
vn 1.83697e-16 -1 0 
vn -0.0436194 -0.999048 0 
vn -0.0871557 -0.996195 0 
vn -0.130526 -0.991445 0 
vn -0.173648 -0.984808 0 
vn -0.21644 -0.976296 0 
vn -0.258819 -0.965926 0 
vn -0.300706 -0.953717 0 
vn -0.34202 -0.939693 0 
vn -0.382683 -0.92388 0 
vn -0.422618 -0.906308 0 
vn -0.461749 -0.887011 0 
vn -0.5 -0.866025 0 
vn -0.5373 -0.843391 0 
vn -0.573576 -0.819152 0 
vn -0.608761 -0.793353 0 
vn 0.939693 -0.34202 0 
vn 0.707107 0.707107 0 
vn 0.67559 0.737277 0 
vn 0.642788 0.766044 0 
vn 0.608761 0.793353 0 
vn 0.573576 0.819152 0 
vn 0.5373 0.843391 0 
vn 0.570704 0.821156 0 
vn 0.573576 0.819152 0 
vn 0.5 0.866025 0 
vn 0.461749 0.887011 0 
vn 0.422618 0.906308 0 
vn 0.382683 0.92388 0 
vn 0.34202 0.939693 0 
vn 0.351136 0.936325 0 
vn 0.300706 0.953717 0 
vn 0.258819 0.965926 0 
vn 0.21644 0.976296 0 
vn 0.173648 0.984808 0 
vn 0.130526 0.991445 0 
vn 0.0871557 0.996195 0 
vn 0.0436194 0.999048 0 
vn -1.83697e-16 1 0 
vn -0.0436194 0.999048 0 
vn -0.0871557 0.996195 0 
vn -0.130526 0.991445 0 
vn -0.173648 0.984808 0 
vn -0.21644 0.976296 0 
vn -0.258819 0.965926 0 
vn -0.300706 0.953717 0 
vn -0.34202 0.939693 0 
vn -0.382683 0.92388 0 
vn -0.351136 0.936325 0 
vn -0.34202 0.939693 0 
vn -0.422618 0.906308 0 
vn -0.461749 0.887011 0 
vn -0.5 0.866025 0 
vn -0.5373 0.843391 0 
vn -0.573576 0.819152 0 
vn -0.608761 0.793353 0 
vn -0.642788 0.766044 0 
vn -0.67559 0.737277 0 
vn -0.707107 0.707107 0 
vn 0.707107 -0.707107 0 
vn 0.677282 -0.735724 0 
vn 0.68098 -0.732302 0 
vn 0.646299 -0.763084 0 
vn 0.614213 -0.789141 0 
vn 0.581077 -0.813849 0 
vn 0.546948 -0.837166 0 
vn 0.557261 -0.830337 0 
vn 0.511885 -0.859054 0 
vn 0.475947 -0.879474 0 
vn 0.439197 -0.898391 0 
vn 0.401695 -0.915773 0 
vn 0.363508 -0.931591 0 
vn 0.324699 -0.945817 0 
vn 0.285336 -0.958427 0 
vn 0.245485 -0.9694 0 
vn 0.205215 -0.978717 0 
vn 0.164595 -0.986361 0 
vn 0.123693 -0.992321 0 
vn 0.0825793 -0.996584 0 
vn 0.041325 -0.999146 0 
vn 1.83697e-16 -1 0 
vn -0.041325 -0.999146 0 
vn -0.0825793 -0.996584 0 
vn -0.123693 -0.992321 0 
vn -0.164595 -0.986361 0 
vn -0.205215 -0.978717 0 
vn -0.245485 -0.9694 0 
vn -0.285336 -0.958427 0 
vn -0.324699 -0.945817 0 
vn -0.363508 -0.931591 0 
vn -0.401695 -0.915773 0 
vn -0.439197 -0.898391 0 
vn -0.475947 -0.879474 0 
vn -0.511885 -0.859054 0 
vn -0.506119 -0.862463 0 
vn -0.546948 -0.837166 0 
vn -0.581077 -0.813849 0 
vn -0.557261 -0.830337 0 
vn -0.614213 -0.789141 0 
vn -0.646299 -0.763084 0 
vn -0.677282 -0.735724 0 
vn -0.707107 -0.707107 0 
vn -0.546948 -0.837166 0 
vn -0.475947 -0.879474 0 
vn 0.581077 -0.813849 0 
vn 0.707107 -0.707107 0 
vn 0 0 1 
vn -0.793353 -0.608761 0 
vn -0.770036 -0.638 0 
vn -0.745642 -0.666347 0 
vn -0.720205 -0.693761 0 
vn -0.693761 -0.720205 0 
vn -0.666347 -0.745642 0 
vn -0.638 -0.770036 0 
vn -0.648881 -0.76089 0 
vn -0.608761 -0.793353 0 
vn -0.578671 -0.815561 0 
vn -0.547772 -0.836628 0 
vn -0.55528 -0.831663 0 
vn -0.516106 -0.856525 0 
vn -0.483719 -0.875223 0 
vn -0.450655 -0.892698 0 
vn -0.416961 -0.908924 0 
vn -0.382683 -0.92388 0 
vn -0.347871 -0.937542 0 
vn -0.312572 -0.949894 0 
vn -0.276836 -0.960917 0 
vn -0.287332 -0.957831 0 
vn -0.240712 -0.970597 0 
vn -0.204252 -0.978918 0 
vn -0.167506 -0.985871 0 
vn -0.130526 -0.991445 0 
vn -0.0933636 -0.995632 0 
vn -0.0560704 -0.998427 0 
vn -0.0186989 -0.999825 0 
vn 0.0186989 -0.999825 0 
vn 0.0560704 -0.998427 0 
vn 0.0933636 -0.995632 0 
vn 0.130526 -0.991445 0 
vn 0.167506 -0.985871 0 
vn 0.204252 -0.978918 0 
vn 0.240712 -0.970597 0 
vn 0.276836 -0.960917 0 
vn 0.312572 -0.949894 0 
vn 0.287332 -0.957831 0 
vn 0.276836 -0.960917 0 
vn 0.347871 -0.937542 0 
vn 0.382683 -0.92388 0 
vn 0.416961 -0.908924 0 
vn 0.412666 -0.910882 0 
vn 0.450655 -0.892698 0 
vn 0.483719 -0.875223 0 
vn 0.516106 -0.856525 0 
vn 0.547772 -0.836628 0 
vn 0.578671 -0.815561 0 
vn 0.608761 -0.793353 0 
vn -0.608761 0.793353 0 
vn -0.580057 0.814576 0 
vn -0.550613 0.834761 0 
vn -0.566545 0.824031 0 
vn -0.520468 0.853881 0 
vn -0.489659 0.871914 0 
vn -0.491875 0.870666 0 
vn -0.458227 0.888835 0 
vn -0.42621 0.904624 0 
vn -0.39365 0.91926 0 
vn -0.360589 0.932725 0 
vn -0.375181 0.926952 0 
vn -0.327068 0.945001 0 
vn -0.29313 0.956073 0 
vn -0.258819 0.965926 0 
vn -0.224178 0.974548 0 
vn -0.189251 0.981929 0 
vn -0.154083 0.988058 0 
vn -0.118719 0.992928 0 
vn -0.0832035 0.996533 0 
vn -0.0475819 0.998867 0 
vn -0.0118997 0.999929 0 
vn 0.0237977 0.999717 0 
vn 0.0594648 0.99823 0 
vn 0.095056 0.995472 0 
vn 0.130526 0.991445 0 
vn 0.16583 0.986154 0 
vn 0.200922 0.979607 0 
vn 0.235759 0.971812 0 
vn 0.270295 0.962778 0 
vn 0.304486 0.952517 0 
vn 0.33829 0.941042 0 
vn 0.371662 0.928368 0 
vn 0.404561 0.914511 0 
vn 0.436945 0.899488 0 
vn 0.468771 0.88332 0 
vn 0.5 0.866025 0 
vn 0.491748 0.870738 0 
vn 0.530592 0.847627 0 
vn 0.504778 0.863249 0 
vn 0.560508 0.828149 0 
vn 0.589709 0.807616 0 
vn 0.618159 0.786053 0 
vn 0.645821 0.763489 0 
vn 0.67266 0.739951 0 
vn 0.698642 0.715471 0 
vn 0.723734 0.690079 0 
vn 0.722253 0.691629 0 
vn 0.747903 0.663808 0 
vn 0.77112 0.63669 0 
vn 0.793353 0.608761 0 
vn 0.698642 0.715471 0 
vn 0.468771 0.88332 0 
vn -0.39365 0.91926 0 
vn -0.520468 0.853881 0 
vn -0.580057 0.814576 0 
vn 0 0 1 
usemtl 0.768627_0.886275_0.952941_0.000000_0.000000
o mesh0
f 206//1 1//1 2//1 
f 2//1 3//1 206//1 
f 3//1 4//1 206//1 
f 4//1 5//1 206//1 
f 5//1 6//1 206//1 
f 6//1 7//1 206//1 
f 7//1 8//1 206//1 
f 8//1 9//1 206//1 
f 9//1 10//1 206//1 
f 10//1 11//1 206//1 
f 11//1 12//1 206//1 
f 12//1 13//1 206//1 
f 13//1 14//1 206//1 
f 14//1 15//1 206//1 
f 15//1 16//1 206//1 
f 16//1 17//1 206//1 
f 17//1 18//1 206//1 
f 18//1 19//1 206//1 
f 19//1 20//1 206//1 
f 20//1 21//1 206//1 
f 21//1 22//1 206//1 
f 22//1 23//1 206//1 
f 23//1 24//1 206//1 
f 24//1 25//1 206//1 
f 25//1 26//1 206//1 
f 26//1 27//1 206//1 
f 27//1 28//1 206//1 
f 28//1 29//1 206//1 
f 29//1 30//1 206//1 
f 30//1 31//1 206//1 
f 31//1 32//1 206//1 
f 32//1 33//1 206//1 
f 33//1 34//1 206//1 
f 34//1 35//1 206//1 
f 35//1 36//1 206//1 
f 36//1 37//1 206//1 
f 37//1 38//1 206//1 
f 38//1 39//1 206//1 
f 39//1 40//1 206//1 
f 40//1 41//1 206//1 
f 41//1 42//1 206//1 
f 42//1 43//1 206//1 
f 43//1 44//1 206//1 
f 44//1 45//1 206//1 
f 45//1 46//1 206//1 
f 46//1 47//1 206//1 
f 47//1 48//1 206//1 
f 48//1 49//1 206//1 
f 49//1 50//1 206//1 
f 50//1 51//1 206//1 
f 51//1 52//1 206//1 
f 52//1 53//1 206//1 
f 53//1 54//1 206//1 
f 54//1 55//1 206//1 
f 55//1 56//1 206//1 
f 56//1 57//1 206//1 
f 57//1 58//1 206//1 
f 58//1 59//1 206//1 
f 59//1 60//1 206//1 
f 60//1 61//1 206//1 
f 61//1 62//1 206//1 
f 62//1 63//1 206//1 
f 63//1 64//1 206//1 
f 64//1 65//1 206//1 
f 65//1 66//1 206//1 
f 66//1 67//1 206//1 
f 67//1 68//1 206//1 
f 68//1 69//1 206//1 
f 69//1 70//1 206//1 
f 70//1 71//1 206//1 
f 71//1 72//1 206//1 
f 72//1 73//1 206//1 
f 73//1 74//1 206//1 
f 74//1 75//1 206//1 
f 75//1 76//1 206//1 
f 76//1 77//1 206//1 
f 77//1 78//1 206//1 
f 78//1 79//1 206//1 
f 79//1 80//1 206//1 
f 80//1 81//1 206//1 
f 81//1 82//1 206//1 
f 82//1 83//1 206//1 
f 83//1 84//1 206//1 
f 84//1 85//1 206//1 
f 85//1 86//1 206//1 
f 86//1 87//1 206//1 
f 87//1 88//1 206//1 
f 88//1 89//1 206//1 
f 89//1 90//1 206//1 
f 90//1 91//1 206//1 
f 91//1 92//1 206//1 
f 92//1 93//1 206//1 
f 93//1 94//1 206//1 
f 94//1 95//1 206//1 
f 95//1 96//1 206//1 
f 96//1 97//1 206//1 
f 97//1 98//1 206//1 
f 98//1 99//1 206//1 
f 99//1 100//1 206//1 
f 100//1 101//1 206//1 
f 101//1 102//1 206//1 
f 102//1 103//1 206//1 
f 103//1 104//1 206//1 
f 104//1 105//1 206//1 
f 105//1 106//1 206//1 
f 106//1 107//1 206//1 
f 107//1 108//1 206//1 
f 108//1 109//1 206//1 
f 109//1 110//1 206//1 
f 110//1 111//1 206//1 
f 111//1 112//1 206//1 
f 112//1 113//1 206//1 
f 113//1 114//1 206//1 
f 114//1 115//1 206//1 
f 115//1 116//1 206//1 
f 116//1 117//1 206//1 
f 117//1 118//1 206//1 
f 118//1 119//1 206//1 
f 119//1 120//1 206//1 
f 120//1 121//1 206//1 
f 121//1 122//1 206//1 
f 122//1 123//1 206//1 
f 123//1 124//1 206//1 
f 124//1 125//1 206//1 
f 125//1 126//1 206//1 
f 126//1 127//1 206//1 
f 127//1 128//1 206//1 
f 128//1 129//1 206//1 
f 129//1 130//1 206//1 
f 130//1 131//1 206//1 
f 131//1 132//1 206//1 
f 132//1 133//1 206//1 
f 133//1 134//1 206//1 
f 134//1 135//1 206//1 
f 135//1 136//1 206//1 
f 136//1 137//1 206//1 
f 137//1 138//1 206//1 
f 138//1 139//1 206//1 
f 139//1 140//1 206//1 
f 140//1 141//1 206//1 
f 141//1 142//1 206//1 
f 142//1 143//1 206//1 
f 143//1 144//1 206//1 
f 144//1 145//1 206//1 
f 145//1 146//1 206//1 
f 146//1 147//1 206//1 
f 147//1 148//1 206//1 
f 148//1 149//1 206//1 
f 149//1 150//1 206//1 
f 150//1 151//1 206//1 
f 151//1 152//1 206//1 
f 152//1 153//1 206//1 
f 153//1 154//1 206//1 
f 154//1 155//1 206//1 
f 155//1 156//1 206//1 
f 156//1 157//1 206//1 
f 157//1 158//1 206//1 
f 158//1 159//1 206//1 
f 159//1 160//1 206//1 
f 160//1 161//1 206//1 
f 161//1 162//1 206//1 
f 162//1 163//1 206//1 
f 163//1 164//1 206//1 
f 164//1 165//1 206//1 
f 165//1 166//1 206//1 
f 166//1 167//1 206//1 
f 167//1 168//1 206//1 
f 168//1 169//1 206//1 
f 169//1 170//1 206//1 
f 170//1 171//1 206//1 
f 171//1 172//1 206//1 
f 172//1 173//1 206//1 
f 173//1 174//1 206//1 
f 174//1 175//1 206//1 
f 175//1 176//1 206//1 
f 176//1 177//1 206//1 
f 177//1 178//1 206//1 
f 178//1 179//1 206//1 
f 179//1 180//1 206//1 
f 180//1 181//1 206//1 
f 181//1 182//1 206//1 
f 182//1 183//1 206//1 
f 183//1 184//1 206//1 
f 184//1 185//1 206//1 
f 185//1 186//1 206//1 
f 186//1 187//1 206//1 
f 187//1 188//1 206//1 
f 188//1 189//1 206//1 
f 189//1 190//1 206//1 
f 190//1 191//1 206//1 
f 191//1 192//1 206//1 
f 192//1 193//1 206//1 
f 193//1 194//1 206//1 
f 194//1 195//1 206//1 
f 195//1 196//1 206//1 
f 196//1 197//1 206//1 
f 197//1 198//1 206//1 
f 198//1 199//1 206//1 
f 199//1 200//1 206//1 
f 200//1 201//1 206//1 
f 201//1 202//1 206//1 
f 202//1 203//1 206//1 
f 203//1 204//1 206//1 
f 204//1 205//1 206//1 
f 205//1 1//1 206//1 
o mesh1
f 207//2 205//2 204//3 
f 208//3 204//3 203//4 
f 209//4 203//4 202//5 
f 210//5 202//5 201//6 
f 211//6 201//6 200//7 
f 212//7 200//7 199//8 
f 213//8 199//8 198//9 
f 214//9 198//9 197//10 
f 215//10 197//10 196//11 
f 216//11 196//11 195//12 
f 217//12 195//12 194//13 
f 218//13 194//13 193//14 
f 219//14 193//14 192//15 
f 220//15 192//15 191//16 
f 221//16 191//16 190//17 
f 222//17 190//17 189//18 
f 223//18 189//18 188//19 
f 224//19 188//19 187//20 
f 225//20 187//20 186//21 
f 226//21 186//21 185//22 
f 227//22 185//22 184//23 
f 228//23 184//23 183//24 
f 229//24 183//24 182//25 
f 230//25 182//25 181//26 
f 231//26 181//26 180//27 
f 232//27 180//27 179//28 
f 233//28 179//28 178//29 
f 234//29 178//29 177//30 
f 235//30 177//30 176//31 
f 236//31 176//31 175//32 
f 237//32 175//32 174//33 
f 238//33 174//33 173//34 
f 239//34 173//34 172//35 
f 240//35 172//35 171//36 
f 241//36 171//36 170//37 
f 242//37 170//37 169//38 
f 243//38 169//38 168//39 
f 244//39 168//39 167//40 
f 245//40 167//40 166//41 
f 246//41 166//41 165//42 
f 247//42 165//42 164//43 
f 248//43 164//43 163//44 
f 249//44 163//44 162//45 
f 250//45 162//45 161//46 
f 251//46 161//46 160//47 
f 252//47 160//47 159//48 
f 253//48 159//48 158//49 
f 254//49 158//49 157//50 
f 255//50 157//50 156//51 
f 256//51 156//51 155//52 
f 257//52 155//52 154//53 
f 258//53 154//53 153//54 
f 259//54 153//54 152//55 
f 260//55 152//55 151//56 
f 261//56 151//56 150//57 
f 262//57 150//57 149//58 
f 263//58 149//58 148//59 
f 264//59 148//59 147//60 
f 265//60 147//60 146//61 
f 266//61 146//61 145//62 
f 267//62 145//62 144//63 
f 268//63 144//63 143//64 
f 269//64 143//64 142//65 
f 270//65 142//65 141//66 
f 271//66 141//66 140//67 
f 272//67 140//67 139//68 
f 273//68 139//68 138//69 
f 274//69 138//69 137//70 
f 275//70 137//70 136//71 
f 276//71 136//71 135//72 
f 277//72 135//72 134//73 
f 278//73 134//73 133//74 
f 279//74 133//74 132//75 
f 280//75 132//75 131//76 
f 281//76 131//76 130//77 
f 282//77 130//77 129//78 
f 283//78 129//78 128//79 
f 284//79 128//79 127//80 
f 285//80 127//80 126//81 
f 286//81 126//81 125//82 
f 287//82 125//82 124//83 
f 288//83 124//83 123//84 
f 289//84 123//84 122//85 
f 290//85 122//85 121//86 
f 291//86 121//86 120//87 
f 292//87 120//87 119//88 
f 293//88 119//88 118//89 
f 294//89 118//89 117//90 
f 295//90 117//90 116//91 
f 296//91 116//91 115//92 
f 297//92 115//92 114//93 
f 298//93 114//93 113//94 
f 299//94 113//94 112//95 
f 300//95 112//95 111//96 
f 301//96 111//96 110//97 
f 302//97 110//97 109//98 
f 303//98 109//98 108//99 
f 304//99 108//99 107//100 
f 305//100 107//100 106//101 
f 306//101 106//101 105//102 
f 307//102 105//102 104//103 
f 308//103 104//103 103//104 
f 309//104 103//104 102//105 
f 310//105 102//105 101//106 
f 311//106 101//106 100//107 
f 312//107 100//107 99//108 
f 313//108 99//108 98//109 
f 314//109 98//109 97//110 
f 315//110 97//110 96//111 
f 316//111 96//111 95//112 
f 317//112 95//112 94//113 
f 318//113 94//113 93//114 
f 319//114 93//114 92//115 
f 320//115 92//115 91//116 
f 321//116 91//116 90//117 
f 322//117 90//117 89//118 
f 323//118 89//118 88//119 
f 324//119 88//119 87//120 
f 325//120 87//120 86//121 
f 326//121 86//121 85//122 
f 327//122 85//122 84//123 
f 328//123 84//123 83//124 
f 329//124 83//124 82//125 
f 330//125 82//125 81//126 
f 331//126 81//126 80//127 
f 332//127 80//127 79//128 
f 333//128 79//128 78//129 
f 334//129 78//129 77//130 
f 335//130 77//130 76//131 
f 336//131 76//131 75//132 
f 337//132 75//132 74//133 
f 338//133 74//133 73//134 
f 339//134 73//134 72//135 
f 340//135 72//135 71//136 
f 341//136 71//136 70//137 
f 342//137 70//137 69//138 
f 343//138 69//138 68//139 
f 344//139 68//139 67//140 
f 345//140 67//140 66//141 
f 346//141 66//141 65//142 
f 347//142 65//142 64//143 
f 348//143 64//143 63//144 
f 349//144 63//144 62//145 
f 350//145 62//145 61//146 
f 351//146 61//146 60//147 
f 352//147 60//147 59//148 
f 353//148 59//148 58//149 
f 354//149 58//149 57//150 
f 355//150 57//150 56//151 
f 356//151 56//151 55//152 
f 357//152 55//152 54//153 
f 358//153 54//153 53//154 
f 359//154 53//154 52//155 
f 360//155 52//155 51//156 
f 361//156 51//156 50//157 
f 362//157 50//157 49//158 
f 363//158 49//158 48//159 
f 364//159 48//159 47//160 
f 365//160 47//160 46//161 
f 366//161 46//161 45//162 
f 367//162 45//162 44//163 
f 368//163 44//163 43//164 
f 369//164 43//164 42//165 
f 370//165 42//165 41//166 
f 371//166 41//166 40//167 
f 372//167 40//167 39//168 
f 373//168 39//168 38//169 
f 374//169 38//169 37//170 
f 375//170 37//170 36//171 
f 376//171 36//171 35//172 
f 377//172 35//172 34//173 
f 378//173 34//173 33//174 
f 379//174 33//174 32//175 
f 380//175 32//175 31//176 
f 381//176 31//176 30//177 
f 382//177 30//177 29//178 
f 383//178 29//178 28//179 
f 384//179 28//179 27//180 
f 385//180 27//180 26//181 
f 386//181 26//181 25//182 
f 387//182 25//182 24//183 
f 388//183 24//183 23//184 
f 389//184 23//184 22//185 
f 390//185 22//185 21//186 
f 391//186 21//186 20//187 
f 392//187 20//187 19//188 
f 393//188 19//188 18//189 
f 394//189 18//189 17//190 
f 395//190 17//190 16//191 
f 396//191 16//191 15//192 
f 397//192 15//192 14//193 
f 398//193 14//193 13//194 
f 399//194 13//194 12//195 
f 400//195 12//195 11//196 
f 401//196 11//196 10//197 
f 402//197 10//197 9//198 
f 403//198 9//198 8//199 
f 404//199 8//199 7//200 
f 405//200 7//200 6//201 
f 406//201 6//201 5//202 
f 407//202 5//202 4//203 
f 408//203 4//203 3//204 
f 409//204 3//204 2//205 
f 410//205 2//205 1//206 
f 411//206 1//206 205//2 
f 205//2 207//2 411//206 
f 1//206 411//206 410//205 
f 2//205 410//205 409//204 
f 3//204 409//204 408//203 
f 4//203 408//203 407//202 
f 5//202 407//202 406//201 
f 6//201 406//201 405//200 
f 7//200 405//200 404//199 
f 8//199 404//199 403//198 
f 9//198 403//198 402//197 
f 10//197 402//197 401//196 
f 11//196 401//196 400//195 
f 12//195 400//195 399//194 
f 13//194 399//194 398//193 
f 14//193 398//193 397//192 
f 15//192 397//192 396//191 
f 16//191 396//191 395//190 
f 17//190 395//190 394//189 
f 18//189 394//189 393//188 
f 19//188 393//188 392//187 
f 20//187 392//187 391//186 
f 21//186 391//186 390//185 
f 22//185 390//185 389//184 
f 23//184 389//184 388//183 
f 24//183 388//183 387//182 
f 25//182 387//182 386//181 
f 26//181 386//181 385//180 
f 27//180 385//180 384//179 
f 28//179 384//179 383//178 
f 29//178 383//178 382//177 
f 30//177 382//177 381//176 
f 31//176 381//176 380//175 
f 32//175 380//175 379//174 
f 33//174 379//174 378//173 
f 34//173 378//173 377//172 
f 35//172 377//172 376//171 
f 36//171 376//171 375//170 
f 37//170 375//170 374//169 
f 38//169 374//169 373//168 
f 39//168 373//168 372//167 
f 40//167 372//167 371//166 
f 41//166 371//166 370//165 
f 42//165 370//165 369//164 
f 43//164 369//164 368//163 
f 44//163 368//163 367//162 
f 45//162 367//162 366//161 
f 46//161 366//161 365//160 
f 47//160 365//160 364//159 
f 48//159 364//159 363//158 
f 49//158 363//158 362//157 
f 50//157 362//157 361//156 
f 51//156 361//156 360//155 
f 52//155 360//155 359//154 
f 53//154 359//154 358//153 
f 54//153 358//153 357//152 
f 55//152 357//152 356//151 
f 56//151 356//151 355//150 
f 57//150 355//150 354//149 
f 58//149 354//149 353//148 
f 59//148 353//148 352//147 
f 60//147 352//147 351//146 
f 61//146 351//146 350//145 
f 62//145 350//145 349//144 
f 63//144 349//144 348//143 
f 64//143 348//143 347//142 
f 65//142 347//142 346//141 
f 66//141 346//141 345//140 
f 67//140 345//140 344//139 
f 68//139 344//139 343//138 
f 69//138 343//138 342//137 
f 70//137 342//137 341//136 
f 71//136 341//136 340//135 
f 72//135 340//135 339//134 
f 73//134 339//134 338//133 
f 74//133 338//133 337//132 
f 75//132 337//132 336//131 
f 76//131 336//131 335//130 
f 77//130 335//130 334//129 
f 78//129 334//129 333//128 
f 79//128 333//128 332//127 
f 80//127 332//127 331//126 
f 81//126 331//126 330//125 
f 82//125 330//125 329//124 
f 83//124 329//124 328//123 
f 84//123 328//123 327//122 
f 85//122 327//122 326//121 
f 86//121 326//121 325//120 
f 87//120 325//120 324//119 
f 88//119 324//119 323//118 
f 89//118 323//118 322//117 
f 90//117 322//117 321//116 
f 91//116 321//116 320//115 
f 92//115 320//115 319//114 
f 93//114 319//114 318//113 
f 94//113 318//113 317//112 
f 95//112 317//112 316//111 
f 96//111 316//111 315//110 
f 97//110 315//110 314//109 
f 98//109 314//109 313//108 
f 99//108 313//108 312//107 
f 100//107 312//107 311//106 
f 101//106 311//106 310//105 
f 102//105 310//105 309//104 
f 103//104 309//104 308//103 
f 104//103 308//103 307//102 
f 105//102 307//102 306//101 
f 106//101 306//101 305//100 
f 107//100 305//100 304//99 
f 108//99 304//99 303//98 
f 109//98 303//98 302//97 
f 110//97 302//97 301//96 
f 111//96 301//96 300//95 
f 112//95 300//95 299//94 
f 113//94 299//94 298//93 
f 114//93 298//93 297//92 
f 115//92 297//92 296//91 
f 116//91 296//91 295//90 
f 117//90 295//90 294//89 
f 118//89 294//89 293//88 
f 119//88 293//88 292//87 
f 120//87 292//87 291//86 
f 121//86 291//86 290//85 
f 122//85 290//85 289//84 
f 123//84 289//84 288//83 
f 124//83 288//83 287//82 
f 125//82 287//82 286//81 
f 126//81 286//81 285//80 
f 127//80 285//80 284//79 
f 128//79 284//79 283//78 
f 129//78 283//78 282//77 
f 130//77 282//77 281//76 
f 131//76 281//76 280//75 
f 132//75 280//75 279//74 
f 133//74 279//74 278//73 
f 134//73 278//73 277//72 
f 135//72 277//72 276//71 
f 136//71 276//71 275//70 
f 137//70 275//70 274//69 
f 138//69 274//69 273//68 
f 139//68 273//68 272//67 
f 140//67 272//67 271//66 
f 141//66 271//66 270//65 
f 142//65 270//65 269//64 
f 143//64 269//64 268//63 
f 144//63 268//63 267//62 
f 145//62 267//62 266//61 
f 146//61 266//61 265//60 
f 147//60 265//60 264//59 
f 148//59 264//59 263//58 
f 149//58 263//58 262//57 
f 150//57 262//57 261//56 
f 151//56 261//56 260//55 
f 152//55 260//55 259//54 
f 153//54 259//54 258//53 
f 154//53 258//53 257//52 
f 155//52 257//52 256//51 
f 156//51 256//51 255//50 
f 157//50 255//50 254//49 
f 158//49 254//49 253//48 
f 159//48 253//48 252//47 
f 160//47 252//47 251//46 
f 161//46 251//46 250//45 
f 162//45 250//45 249//44 
f 163//44 249//44 248//43 
f 164//43 248//43 247//42 
f 165//42 247//42 246//41 
f 166//41 246//41 245//40 
f 167//40 245//40 244//39 
f 168//39 244//39 243//38 
f 169//38 243//38 242//37 
f 170//37 242//37 241//36 
f 171//36 241//36 240//35 
f 172//35 240//35 239//34 
f 173//34 239//34 238//33 
f 174//33 238//33 237//32 
f 175//32 237//32 236//31 
f 176//31 236//31 235//30 
f 177//30 235//30 234//29 
f 178//29 234//29 233//28 
f 179//28 233//28 232//27 
f 180//27 232//27 231//26 
f 181//26 231//26 230//25 
f 182//25 230//25 229//24 
f 183//24 229//24 228//23 
f 184//23 228//23 227//22 
f 185//22 227//22 226//21 
f 186//21 226//21 225//20 
f 187//20 225//20 224//19 
f 188//19 224//19 223//18 
f 189//18 223//18 222//17 
f 190//17 222//17 221//16 
f 191//16 221//16 220//15 
f 192//15 220//15 219//14 
f 193//14 219//14 218//13 
f 194//13 218//13 217//12 
f 195//12 217//12 216//11 
f 196//11 216//11 215//10 
f 197//10 215//10 214//9 
f 198//9 214//9 213//8 
f 199//8 213//8 212//7 
f 200//7 212//7 211//6 
f 201//6 211//6 210//5 
f 202//5 210//5 209//4 
f 203//4 209//4 208//3 
f 204//3 208//3 207//2 
o mesh2
f 303//207 412//207 413//207 
f 304//207 414//207 412//207 
f 385//207 415//207 416//207 
f 386//207 417//207 415//207 
f 418//207 419//207 420//207 
f 419//207 421//207 422//207 
f 412//207 303//207 304//207 
f 305//207 423//207 414//207 
f 323//207 324//207 424//207 
f 324//207 325//207 425//207 
f 415//207 385//207 386//207 
f 387//207 426//207 417//207 
f 427//207 428//207 429//207 
f 430//207 431//207 428//207 
f 432//207 433//207 434//207 
f 435//207 436//207 433//207 
f 437//207 438//207 439//207 
f 440//207 418//207 441//207 
f 422//207 420//207 419//207 
f 442//207 443//207 444//207 
f 443//207 445//207 446//207 
f 447//207 448//207 449//207 
f 294//207 450//207 451//207 
f 295//207 452//207 450//207 
f 299//207 453//207 454//207 
f 300//207 455//207 453//207 
f 414//207 304//207 305//207 
f 306//207 456//207 423//207 
f 307//207 457//207 456//207 
f 308//207 458//207 457//207 
f 309//207 459//207 458//207 
f 310//207 460//207 459//207 
f 319//207 320//207 461//207 
f 320//207 321//207 462//207 
f 425//207 424//207 324//207 
f 325//207 326//207 463//207 
f 384//207 416//207 464//207 
f 417//207 386//207 387//207 
f 465//207 466//207 467//207 
f 468//207 469//207 466//207 
f 470//207 429//207 469//207 
f 428//207 427//207 430//207 
f 471//207 472//207 431//207 
f 473//207 474//207 475//207 
f 474//207 476//207 477//207 
f 476//207 478//207 479//207 
f 478//207 480//207 481//207 
f 482//207 483//207 484//207 
f 483//207 485//207 486//207 
f 485//207 487//207 488//207 
f 487//207 489//207 490//207 
f 491//207 492//207 493//207 
f 492//207 494//207 495//207 
f 281//207 282//207 496//207 
f 282//207 283//207 497//207 
f 498//207 434//207 499//207 
f 433//207 432//207 435//207 
f 500//207 501//207 436//207 
f 502//207 503//207 501//207 
f 504//207 505//207 503//207 
f 505//207 504//207 437//207 
f 420//207 441//207 418//207 
f 421//207 442//207 506//207 
f 446//207 444//207 443//207 
f 507//207 508//207 446//207 
f 509//207 510//207 447//207 
f 448//207 511//207 512//207 
f 450//207 294//207 295//207 
f 296//207 513//207 452//207 
f 298//207 454//207 514//207 
f 453//207 299//207 300//207 
f 301//207 515//207 455//207 
f 302//207 413//207 515//207 
f 423//207 305//207 306//207 
f 457//207 307//207 308//207 
f 459//207 309//207 310//207 
f 310//207 311//207 516//207 
f 462//207 461//207 320//207 
f 321//207 322//207 517//207 
f 322//207 323//207 518//207 
f 463//207 425//207 325//207 
f 336//207 519//207 520//207 
f 416//207 384//207 385//207 
f 388//207 521//207 426//207 
f 522//207 467//207 523//207 
f 466//207 465//207 468//207 
f 429//207 470//207 427//207 
f 431//207 430//207 471//207 
f 477//207 475//207 474//207 
f 481//207 479//207 478//207 
f 480//207 524//207 525//207 
f 524//207 482//207 526//207 
f 486//207 484//207 483//207 
f 490//207 488//207 487//207 
f 489//207 527//207 528//207 
f 527//207 491//207 529//207 
f 495//207 493//207 492//207 
f 242//207 243//207 530//207 
f 243//207 244//207 531//207 
f 247//207 248//207 532//207 
f 248//207 249//207 533//207 
f 249//207 250//207 534//207 
f 250//207 251//207 535//207 
f 252//207 253//207 536//207 
f 253//207 254//207 537//207 
f 267//207 268//207 538//207 
f 268//207 269//207 539//207 
f 269//207 270//207 540//207 
f 270//207 271//207 541//207 
f 273//207 274//207 542//207 
f 274//207 275//207 543//207 
f 277//207 278//207 544//207 
f 278//207 279//207 545//207 
f 280//207 281//207 546//207 
f 497//207 496//207 282//207 
f 283//207 284//207 547//207 
f 434//207 498//207 432//207 
f 501//207 500//207 502//207 
f 439//207 505//207 437//207 
f 438//207 440//207 548//207 
f 506//207 422//207 421//207 
f 446//207 445//207 507//207 
f 549//207 550//207 551//207 
f 552//207 553//207 550//207 
f 510//207 509//207 553//207 
f 512//207 449//207 448//207 
f 452//207 295//207 296//207 
f 297//207 514//207 513//207 
f 454//207 298//207 299//207 
f 515//207 301//207 302//207 
f 456//207 306//207 307//207 
f 516//207 460//207 310//207 
f 311//207 312//207 554//207 
f 312//207 313//207 555//207 
f 313//207 314//207 556//207 
f 314//207 315//207 557//207 
f 315//207 316//207 558//207 
f 316//207 317//207 559//207 
f 317//207 318//207 560//207 
f 318//207 319//207 561//207 
f 517//207 462//207 321//207 
f 424//207 518//207 323//207 
f 562//207 563//207 564//207 
f 520//207 334//207 335//207 
f 337//207 565//207 519//207 
f 377//207 566//207 567//207 
f 378//207 568//207 566//207 
f 382//207 569//207 570//207 
f 383//207 464//207 569//207 
f 426//207 387//207 388//207 
f 389//207 571//207 521//207 
f 572//207 523//207 573//207 
f 467//207 522//207 465//207 
f 471//207 473//207 472//207 
f 479//207 477//207 476//207 
f 526//207 525//207 524//207 
f 488//207 486//207 485//207 
f 529//207 528//207 527//207 
f 494//207 574//207 495//207 
f 239//207 240//207 575//207 
f 240//207 241//207 576//207 
f 531//207 530//207 243//207 
f 244//207 245//207 577//207 
f 245//207 246//207 578//207 
f 246//207 247//207 579//207 
f 533//207 532//207 248//207 
f 535//207 534//207 250//207 
f 251//207 252//207 580//207 
f 537//207 536//207 253//207 
f 263//207 264//207 581//207 
f 264//207 265//207 582//207 
f 265//207 266//207 583//207 
f 266//207 267//207 584//207 
f 539//207 538//207 268//207 
f 541//207 540//207 270//207 
f 272//207 273//207 585//207 
f 543//207 542//207 274//207 
f 275//207 276//207 586//207 
f 276//207 277//207 587//207 
f 545//207 544//207 278//207 
f 279//207 280//207 588//207 
f 496//207 546//207 281//207 
f 547//207 497//207 283//207 
f 589//207 590//207 591//207 
f 592//207 499//207 593//207 
f 436//207 435//207 500//207 
f 548//207 439//207 438//207 
f 444//207 506//207 442//207 
f 594//207 595//207 596//207 
f 597//207 551//207 595//207 
f 550//207 549//207 552//207 
f 449//207 509//207 447//207 
f 513//207 296//207 297//207 
f 455//207 300//207 301//207 
f 458//207 308//207 309//207 
f 555//207 554//207 312//207 
f 557//207 556//207 314//207 
f 559//207 558//207 316//207 
f 561//207 560//207 318//207 
f 518//207 517//207 322//207 
f 563//207 598//207 564//207 
f 599//207 562//207 600//207 
f 601//207 599//207 602//207 
f 603//207 601//207 604//207 
f 519//207 336//207 337//207 
f 338//207 605//207 565//207 
f 339//207 606//207 605//207 
f 340//207 607//207 606//207 
f 376//207 567//207 608//207 
f 566//207 377//207 378//207 
f 569//207 382//207 383//207 
f 521//207 388//207 389//207 
f 390//207 609//207 571//207 
f 391//207 610//207 609//207 
f 611//207 612//207 613//207 
f 614//207 615//207 612//207 
f 616//207 617//207 615//207 
f 618//207 573//207 617//207 
f 523//207 572//207 522//207 
f 475//207 472//207 473//207 
f 484//207 526//207 482//207 
f 493//207 529//207 491//207 
f 238//207 239//207 619//207 
f 576//207 575//207 240//207 
f 577//207 531//207 244//207 
f 579//207 578//207 246//207 
f 534//207 533//207 249//207 
f 536//207 580//207 252//207 
f 257//207 258//207 620//207 
f 258//207 259//207 621//207 
f 260//207 261//207 622//207 
f 261//207 262//207 623//207 
f 582//207 581//207 264//207 
f 584//207 583//207 266//207 
f 540//207 539//207 269//207 
f 271//207 272//207 624//207 
f 542//207 585//207 273//207 
f 587//207 586//207 276//207 
f 588//207 545//207 279//207 
f 284//207 285//207 547//207 
f 589//207 625//207 590//207 
f 499//207 592//207 498//207 
f 441//207 548//207 440//207 
f 626//207 627//207 508//207 
f 628//207 596//207 627//207 
f 595//207 594//207 597//207 
f 553//207 552//207 510//207 
f 511//207 629//207 630//207 
f 629//207 631//207 632//207 
f 289//207 633//207 634//207 
f 292//207 635//207 636//207 
f 293//207 451//207 635//207 
f 514//207 297//207 298//207 
f 554//207 516//207 311//207 
f 558//207 557//207 315//207 
f 461//207 561//207 319//207 
f 326//207 327//207 637//207 
f 327//207 328//207 638//207 
f 328//207 329//207 639//207 
f 329//207 330//207 640//207 
f 641//207 642//207 643//207 
f 644//207 643//207 598//207 
f 600//207 602//207 599//207 
f 604//207 645//207 603//207 
f 565//207 337//207 338//207 
f 606//207 339//207 340//207 
f 341//207 646//207 607//207 
f 342//207 647//207 646//207 
f 373//207 648//207 649//207 
f 374//207 650//207 648//207 
f 375//207 608//207 650//207 
f 567//207 376//207 377//207 
f 380//207 651//207 652//207 
f 381//207 570//207 651//207 
f 464//207 383//207 384//207 
f 609//207 390//207 391//207 
f 392//207 653//207 610//207 
f 393//207 654//207 653//207 
f 213//207 214//207 655//207 
f 214//207 215//207 656//207 
f 225//207 226//207 657//207 
f 226//207 227//207 658//207 
f 612//207 611//207 614//207 
f 617//207 616//207 618//207 
f 469//207 468//207 470//207 
f 528//207 490//207 489//207 
f 575//207 619//207 239//207 
f 241//207 242//207 659//207 
f 578//207 577//207 245//207 
f 580//207 535//207 251//207 
f 255//207 256//207 660//207 
f 256//207 257//207 661//207 
f 621//207 620//207 258//207 
f 259//207 260//207 662//207 
f 623//207 622//207 261//207 
f 262//207 263//207 663//207 
f 583//207 582//207 265//207 
f 624//207 541//207 271//207 
f 586//207 543//207 275//207 
f 546//207 588//207 280//207 
f 589//207 664//207 625//207 
f 503//207 502//207 504//207 
f 627//207 626//207 628//207 
f 551//207 597//207 549//207 
f 632//207 630//207 629//207 
f 634//207 287//207 288//207 
f 290//207 665//207 633//207 
f 291//207 636//207 665//207 
f 635//207 292//207 293//207 
f 413//207 302//207 303//207 
f 560//207 559//207 317//207 
f 638//207 637//207 327//207 
f 640//207 639//207 329//207 
f 666//207 667//207 668//207 
f 669//207 668//207 642//207 
f 598//207 563//207 644//207 
f 602//207 604//207 601//207 
f 605//207 338//207 339//207 
f 646//207 341//207 342//207 
f 343//207 670//207 647//207 
f 344//207 671//207 670//207 
f 345//207 672//207 671//207 
f 346//207 673//207 672//207 
f 350//207 674//207 675//207 
f 351//207 676//207 674//207 
f 352//207 677//207 676//207 
f 353//207 678//207 677//207 
f 357//207 679//207 680//207 
f 358//207 681//207 679//207 
f 364//207 682//207 683//207 
f 365//207 684//207 682//207 
f 648//207 373//207 374//207 
f 608//207 375//207 376//207 
f 379//207 652//207 568//207 
f 651//207 380//207 381//207 
f 571//207 389//207 390//207 
f 653//207 392//207 393//207 
f 394//207 685//207 654//207 
f 395//207 686//207 685//207 
f 687//207 688//207 689//207 
f 690//207 691//207 692//207 
f 691//207 693//207 694//207 
f 212//207 213//207 695//207 
f 656//207 655//207 214//207 
f 215//207 216//207 696//207 
f 216//207 217//207 697//207 
f 658//207 657//207 226//207 
f 227//207 228//207 698//207 
f 229//207 230//207 699//207 
f 230//207 231//207 700//207 
f 701//207 236//207 702//207 
f 703//207 613//207 704//207 
f 615//207 614//207 616//207 
f 525//207 481//207 480//207 
f 494//207 701//207 705//207 
f 659//207 576//207 241//207 
f 532//207 579//207 247//207 
f 254//207 255//207 706//207 
f 661//207 660//207 256//207 
f 662//207 621//207 259//207 
f 663//207 623//207 262//207 
f 538//207 584//207 267//207 
f 544//207 587//207 277//207 
f 589//207 707//207 708//207 
f 589//207 709//207 710//207 
f 589//207 711//207 664//207 
f 629//207 287//207 634//207 
f 508//207 507//207 626//207 
f 630//207 512//207 511//207 
f 633//207 289//207 290//207 
f 636//207 291//207 292//207 
f 556//207 555//207 313//207 
f 639//207 638//207 328//207 
f 667//207 666//207 712//207 
f 642//207 641//207 669//207 
f 564//207 600//207 562//207 
f 334//207 520//207 667//207 
f 713//207 714//207 715//207 
f 607//207 340//207 341//207 
f 670//207 343//207 344//207 
f 672//207 345//207 346//207 
f 347//207 716//207 673//207 
f 674//207 350//207 351//207 
f 677//207 352//207 353//207 
f 354//207 717//207 678//207 
f 355//207 718//207 717//207 
f 356//207 680//207 718//207 
f 679//207 357//207 358//207 
f 359//207 719//207 681//207 
f 360//207 720//207 719//207 
f 362//207 721//207 722//207 
f 363//207 683//207 721//207 
f 682//207 364//207 365//207 
f 366//207 723//207 684//207 
f 367//207 724//207 723//207 
f 368//207 725//207 724//207 
f 369//207 726//207 725//207 
f 370//207 727//207 726//207 
f 650//207 374//207 375//207 
f 652//207 379//207 380//207 
f 610//207 391//207 392//207 
f 685//207 394//207 395//207 
f 711//207 728//207 729//207 
f 711//207 730//207 731//207 
f 689//207 732//207 687//207 
f 733//207 688//207 734//207 
f 735//207 690//207 736//207 
f 694//207 692//207 691//207 
f 209//207 210//207 737//207 
f 210//207 211//207 738//207 
f 655//207 695//207 213//207 
f 697//207 696//207 216//207 
f 217//207 218//207 739//207 
f 218//207 219//207 740//207 
f 219//207 220//207 741//207 
f 220//207 221//207 742//207 
f 698//207 658//207 227//207 
f 228//207 229//207 743//207 
f 700//207 699//207 230//207 
f 231//207 232//207 744//207 
f 701//207 235//207 236//207 
f 234//207 701//207 494//207 
f 613//207 703//207 611//207 
f 705//207 574//207 494//207 
f 530//207 659//207 242//207 
f 660//207 706//207 255//207 
f 622//207 662//207 260//207 
f 585//207 624//207 272//207 
f 589//207 745//207 707//207 
f 591//207 709//207 589//207 
f 629//207 286//207 287//207 
f 629//207 547//207 285//207 
f 596//207 628//207 594//207 
f 665//207 290//207 291//207 
f 637//207 463//207 326//207 
f 330//207 331//207 715//207 
f 712//207 746//207 667//207 
f 643//207 644//207 641//207 
f 713//207 333//207 334//207 
f 715//207 332//207 713//207 
f 647//207 342//207 343//207 
f 673//207 346//207 347//207 
f 348//207 747//207 716//207 
f 349//207 675//207 747//207 
f 676//207 351//207 352//207 
f 717//207 354//207 355//207 
f 680//207 356//207 357//207 
f 719//207 359//207 360//207 
f 721//207 362//207 363//207 
f 684//207 365//207 366//207 
f 724//207 367//207 368//207 
f 726//207 369//207 370//207 
f 371//207 748//207 727//207 
f 372//207 649//207 748//207 
f 568//207 378//207 379//207 
f 654//207 393//207 394//207 
f 399//207 749//207 750//207 
f 400//207 751//207 749//207 
f 408//207 752//207 753//207 
f 409//207 754//207 752//207 
f 731//207 728//207 711//207 
f 734//207 755//207 733//207 
f 756//207 733//207 755//207 
f 757//207 756//207 758//207 
f 692//207 736//207 690//207 
f 693//207 759//207 760//207 
f 759//207 761//207 762//207 
f 761//207 763//207 764//207 
f 738//207 737//207 210//207 
f 211//207 212//207 765//207 
f 696//207 656//207 215//207 
f 740//207 739//207 218//207 
f 742//207 741//207 220//207 
f 221//207 222//207 766//207 
f 222//207 223//207 767//207 
f 223//207 224//207 768//207 
f 743//207 698//207 228//207 
f 744//207 700//207 231//207 
f 701//207 234//207 235//207 
f 494//207 769//207 234//207 
f 770//207 704//207 771//207 
f 573//207 618//207 572//207 
f 237//207 238//207 772//207 
f 706//207 537//207 254//207 
f 581//207 663//207 263//207 
f 710//207 745//207 589//207 
f 285//207 286//207 629//207 
f 773//207 593//207 774//207 
f 629//207 708//207 631//207 
f 451//207 293//207 294//207 
f 715//207 640//207 330//207 
f 668//207 669//207 666//207 
f 332//207 333//207 713//207 
f 671//207 344//207 345//207 
f 747//207 348//207 349//207 
f 678//207 353//207 354//207 
f 681//207 358//207 359//207 
f 683//207 363//207 364//207 
f 725//207 368//207 369//207 
f 748//207 371//207 372//207 
f 570//207 381//207 382//207 
f 396//207 775//207 686//207 
f 397//207 776//207 775//207 
f 398//207 750//207 776//207 
f 749//207 399//207 400//207 
f 401//207 777//207 751//207 
f 402//207 778//207 777//207 
f 403//207 779//207 778//207 
f 404//207 780//207 779//207 
f 406//207 781//207 782//207 
f 407//207 753//207 781//207 
f 752//207 408//207 409//207 
f 410//207 783//207 754//207 
f 784//207 785//207 786//207 
f 787//207 784//207 788//207 
f 711//207 789//207 790//207 
f 711//207 791//207 792//207 
f 711//207 589//207 730//207 
f 711//207 793//207 794//207 
f 795//207 796//207 797//207 
f 798//207 797//207 732//207 
f 755//207 758//207 756//207 
f 799//207 800//207 757//207 
f 760//207 694//207 693//207 
f 764//207 762//207 761//207 
f 763//207 801//207 802//207 
f 801//207 803//207 804//207 
f 208//207 209//207 805//207 
f 765//207 738//207 211//207 
f 739//207 697//207 217//207 
f 766//207 742//207 221//207 
f 768//207 767//207 223//207 
f 224//207 225//207 806//207 
f 699//207 743//207 229//207 
f 232//207 233//207 769//207 
f 769//207 233//207 234//207 
f 704//207 770//207 703//207 
f 702//207 236//207 237//207 
f 620//207 661//207 257//207 
f 634//207 589//207 629//207 
f 593//207 773//207 592//207 
f 331//207 332//207 715//207 
f 667//207 713//207 334//207 
f 716//207 347//207 348//207 
f 718//207 355//207 356//207 
f 723//207 366//207 367//207 
f 649//207 372//207 373//207 
f 775//207 396//207 397//207 
f 750//207 398//207 399//207 
f 777//207 401//207 402//207 
f 779//207 403//207 404//207 
f 405//207 782//207 780//207 
f 781//207 406//207 407//207 
f 754//207 409//207 410//207 
f 411//207 807//207 783//207 
f 207//207 808//207 807//207 
f 794//207 786//207 785//207 
f 788//207 809//207 787//207 
f 790//207 810//207 711//207 
f 729//207 791//207 711//207 
f 794//207 799//207 711//207 
f 732//207 689//207 798//207 
f 758//207 799//207 757//207 
f 811//207 812//207 813//207 
f 812//207 735//207 814//207 
f 762//207 760//207 759//207 
f 804//207 802//207 801//207 
f 737//207 805//207 209//207 
f 741//207 740//207 219//207 
f 806//207 768//207 224//207 
f 769//207 744//207 232//207 
f 771//207 815//207 770//207 
f 619//207 772//207 238//207 
f 774//207 816//207 773//207 
f 746//207 713//207 667//207 
f 675//207 349//207 350//207 
f 361//207 722//207 720//207 
f 727//207 370//207 371//207 
f 776//207 397//207 398//207 
f 778//207 402//207 403//207 
f 782//207 405//207 406//207 
f 783//207 410//207 411//207 
f 807//207 411//207 207//207 
f 786//207 788//207 784//207 
f 817//207 787//207 809//207 
f 792//207 789//207 711//207 
f 794//207 800//207 799//207 
f 818//207 819//207 796//207 
f 687//207 734//207 688//207 
f 820//207 811//207 821//207 
f 793//207 822//207 823//207 
f 814//207 813//207 812//207 
f 802//207 764//207 763//207 
f 695//207 765//207 212//207 
f 657//207 806//207 225//207 
f 772//207 702//207 237//207 
f 634//207 288//207 289//207 
f 720//207 360//207 361//207 
f 686//207 395//207 396//207 
f 780//207 404//207 405//207 
f 207//207 208//207 808//207 
f 794//207 824//207 825//207 
f 809//207 826//207 817//207 
f 711//207 827//207 793//207 
f 797//207 798//207 795//207 
f 823//207 820//207 793//207 
f 736//207 814//207 735//207 
f 803//207 828//207 829//207 
f 767//207 766//207 222//207 
f 708//207 629//207 589//207 
f 722//207 361//207 362//207 
f 753//207 407//207 408//207 
f 785//207 824//207 794//207 
f 796//207 795//207 818//207 
f 793//207 827//207 822//207 
f 829//207 804//207 803//207 
f 702//207 830//207 701//207 
f 751//207 400//207 401//207 
f 810//207 827//207 711//207 
f 813//207 821//207 811//207 
f 520//207 335//207 336//207 
f 821//207 793//207 820//207 
f 825//207 800//207 794//207 
f 805//207 808//207 208//207 
o mesh3
f 831//208 832//209 702//209 
f 833//210 831//208 772//211 
f 834//212 833//210 619//213 
f 835//214 834//212 575//215 
f 836//216 835//214 576//217 
f 837//218 836//216 659//219 
f 838//220 837//218 530//221 
f 839//222 838//220 531//223 
f 840//224 839//222 577//225 
f 579//226 841//226 842//227 
f 842//227 578//228 579//226 
f 843//229 841//226 579//226 
f 844//230 843//229 532//229 
f 845//231 844//230 533//230 
f 846//232 845//231 534//231 
f 847//233 846//232 535//232 
f 848//234 847//233 580//233 
f 849//235 848//234 536//234 
f 850//236 849//235 537//235 
f 851//237 850//236 706//236 
f 852//238 851//237 660//237 
f 853//239 852//238 661//238 
f 854//240 853//239 620//239 
f 855//241 854//240 621//240 
f 856//242 855//241 662//241 
f 857//243 856//242 622//242 
f 858//244 857//243 623//243 
f 859//245 858//244 663//244 
f 860//246 859//245 581//245 
f 861//247 860//246 582//246 
f 862//248 861//247 583//247 
f 538//249 863//249 864//250 
f 864//250 584//251 538//249 
f 865//252 863//249 538//249 
f 866//253 865//252 539//252 
f 867//254 866//253 540//253 
f 868//255 867//254 541//254 
f 585//256 869//256 870//257 
f 870//257 624//258 585//256 
f 871//259 869//256 585//256 
f 872//260 871//259 542//259 
f 873//261 872//260 543//260 
f 874//262 873//261 586//261 
f 875//263 874//262 587//262 
f 876//264 875//263 544//263 
f 877//265 876//264 545//264 
f 878//266 877//265 588//265 
f 879//267 878//266 546//266 
f 880//268 879//267 496//267 
f 881//269 880//268 497//268 
f 497//268 547//269 881//269 
f 496//267 497//268 880//268 
f 546//266 496//267 879//267 
f 588//265 546//266 878//266 
f 545//264 588//265 877//265 
f 544//263 545//264 876//264 
f 587//262 544//263 875//263 
f 586//261 587//262 874//262 
f 543//260 586//261 873//261 
f 542//259 543//260 872//260 
f 585//256 542//259 871//259 
f 870//257 868//255 624//258 
f 541//254 624//258 868//255 
f 540//253 541//254 867//254 
f 539//252 540//253 866//253 
f 538//249 539//252 865//252 
f 864//250 862//248 584//251 
f 583//247 584//251 862//248 
f 582//246 583//247 861//247 
f 581//245 582//246 860//246 
f 663//244 581//245 859//245 
f 623//243 663//244 858//244 
f 622//242 623//243 857//243 
f 662//241 622//242 856//242 
f 621//240 662//241 855//241 
f 620//239 621//240 854//240 
f 661//238 620//239 853//239 
f 660//237 661//238 852//238 
f 706//236 660//237 851//237 
f 537//235 706//236 850//236 
f 536//234 537//235 849//235 
f 580//233 536//234 848//234 
f 535//232 580//233 847//233 
f 534//231 535//232 846//232 
f 533//230 534//231 845//231 
f 532//229 533//230 844//230 
f 579//226 532//229 843//229 
f 842//227 840//224 578//228 
f 577//225 578//228 840//224 
f 531//223 577//225 839//222 
f 530//221 531//223 838//220 
f 659//219 530//221 837//218 
f 576//217 659//219 836//216 
f 575//215 576//217 835//214 
f 619//213 575//215 834//212 
f 772//211 619//213 833//210 
f 702//209 772//211 831//208 
o mesh4
f 882//270 883//271 634//271 
f 884//272 882//270 633//273 
f 885//274 884//272 665//275 
f 636//274 635//276 886//277 
f 635//276 887//276 886//277 
f 451//278 888//278 889//279 
f 889//279 635//276 451//278 
f 890//280 888//278 451//278 
f 891//281 890//280 450//280 
f 892//282 891//281 452//281 
f 513//282 514//283 893//284 
f 514//283 894//283 893//284 
f 895//285 894//283 514//283 
f 896//286 895//285 454//285 
f 897//287 896//286 453//286 
f 898//288 897//287 455//287 
f 899//289 898//288 515//288 
f 900//290 899//289 413//289 
f 901//291 900//290 412//290 
f 902//292 901//291 414//291 
f 456//293 903//294 904//295 
f 904//295 423//296 456//293 
f 456//293 905//297 903//294 
f 906//298 905//297 456//293 
f 907//299 906//298 457//298 
f 908//300 907//299 458//299 
f 909//301 908//300 459//300 
f 910//302 909//301 460//301 
f 911//303 910//302 516//302 
f 912//304 911//303 554//303 
f 555//304 556//305 913//306 
f 556//305 914//305 913//306 
f 915//307 914//305 556//305 
f 916//308 915//307 557//307 
f 917//309 916//308 558//308 
f 918//310 917//309 559//309 
f 919//311 918//310 560//310 
f 920//312 919//311 561//311 
f 921//313 920//312 461//312 
f 922//314 921//313 462//313 
f 923//315 922//314 517//314 
f 924//316 923//315 518//315 
f 424//316 425//317 925//318 
f 425//317 926//317 925//318 
f 927//319 926//317 425//317 
f 928//320 927//319 463//319 
f 638//321 929//321 930//322 
f 930//322 637//323 638//321 
f 931//324 929//321 638//321 
f 932//325 931//324 639//324 
f 933//326 932//325 640//325 
f 640//325 715//326 933//326 
f 639//324 640//325 932//325 
f 638//321 639//324 931//324 
f 930//322 928//320 637//323 
f 463//319 637//323 928//320 
f 425//317 463//319 927//319 
f 925//318 924//316 424//316 
f 518//315 424//316 924//316 
f 517//314 518//315 923//315 
f 462//313 517//314 922//314 
f 461//312 462//313 921//313 
f 561//311 461//312 920//312 
f 560//310 561//311 919//311 
f 559//309 560//310 918//310 
f 558//308 559//309 917//309 
f 557//307 558//308 916//308 
f 556//305 557//307 915//307 
f 913//306 912//304 555//304 
f 554//303 555//304 912//304 
f 516//302 554//303 911//303 
f 460//301 516//302 910//302 
f 459//300 460//301 909//301 
f 458//299 459//300 908//300 
f 457//298 458//299 907//299 
f 456//293 457//298 906//298 
f 904//295 902//292 423//296 
f 414//291 423//296 902//292 
f 412//290 414//291 901//291 
f 413//289 412//290 900//290 
f 515//288 413//289 899//289 
f 455//287 515//288 898//288 
f 453//286 455//287 897//287 
f 454//285 453//286 896//286 
f 514//283 454//285 895//285 
f 893//284 892//282 513//282 
f 452//281 513//282 892//282 
f 450//280 452//281 891//281 
f 451//278 450//280 890//280 
f 889//279 887//276 635//276 
f 886//277 885//274 636//274 
f 665//275 636//274 885//274 
f 633//273 665//275 884//272 
f 634//271 633//273 882//270 
o mesh5
f 934//327 645//327 604//328 
f 935//328 604//328 602//329 
f 936//329 602//329 600//330 
f 937//330 600//330 564//331 
f 938//331 564//331 598//332 
f 939//332 598//332 643//333 
f 940//333 643//333 642//334 
f 941//334 642//334 668//335 
f 942//335 668//335 667//336 
f 667//336 943//336 942//335 
f 668//335 942//335 941//334 
f 642//334 941//334 940//333 
f 643//333 940//333 939//332 
f 598//332 939//332 938//331 
f 564//331 938//331 937//330 
f 600//330 937//330 936//329 
f 602//329 936//329 935//328 
f 604//328 935//328 934//327 
o mesh6
f 944//337 828//337 803//338 
f 945//338 803//338 801//339 
f 946//339 801//339 763//340 
f 947//340 763//340 761//341 
f 948//341 761//341 759//342 
f 949//342 759//342 693//343 
f 950//343 693//343 691//344 
f 690//345 951//345 952//346 
f 952//346 691//344 690//345 
f 690//345 735//347 953//348 
f 735//347 954//347 953//348 
f 954//347 735//347 812//349 
f 955//349 812//349 811//350 
f 956//350 811//350 820//351 
f 957//351 820//351 823//352 
f 958//352 823//352 822//353 
f 959//353 822//353 827//354 
f 810//355 960//355 961//356 
f 961//356 827//354 810//355 
f 960//355 810//355 790//357 
f 790//357 789//358 962//359 
f 789//358 963//358 962//359 
f 963//358 789//358 792//360 
f 964//360 792//360 791//361 
f 965//361 791//361 729//362 
f 966//362 729//362 728//363 
f 728//363 731//364 967//365 
f 731//364 968//364 967//365 
f 968//364 731//364 730//366 
f 969//366 730//366 589//367 
f 589//367 970//367 969//366 
f 730//366 969//366 968//364 
f 967//365 971//368 728//363 
f 728//363 971//368 966//362 
f 729//362 966//362 965//361 
f 791//361 965//361 964//360 
f 792//360 964//360 963//358 
f 962//359 972//369 790//357 
f 790//357 972//369 960//355 
f 961//356 973//370 827//354 
f 827//354 973//370 959//353 
f 822//353 959//353 958//352 
f 823//352 958//352 957//351 
f 820//351 957//351 956//350 
f 811//350 956//350 955//349 
f 812//349 955//349 954//347 
f 953//348 951//345 690//345 
f 952//346 974//371 691//344 
f 691//344 974//371 950//343 
f 693//343 950//343 949//342 
f 759//342 949//342 948//341 
f 761//341 948//341 947//340 
f 763//340 947//340 946//339 
f 801//339 946//339 945//338 
f 803//338 945//338 944//337 
o mesh7
f 975//372 976//373 520//373 
f 977//374 975//372 519//375 
f 978//376 977//374 565//377 
f 979//378 978//376 605//379 
f 980//380 979//378 606//381 
f 981//382 980//380 607//383 
f 982//384 981//382 646//385 
f 983//386 982//384 647//387 
f 984//388 983//386 670//389 
f 985//390 984//388 671//391 
f 986//392 985//390 672//393 
f 673//392 716//394 987//395 
f 716//394 988//394 987//395 
f 989//396 988//394 716//394 
f 990//397 989//396 747//396 
f 991//398 990//397 675//397 
f 674//398 676//399 992//400 
f 676//399 993//399 992//400 
f 676//399 677//401 994//402 
f 677//401 995//401 994//402 
f 996//403 995//401 677//401 
f 997//404 996//403 678//403 
f 998//405 997//404 717//404 
f 999//406 998//405 718//405 
f 1000//407 999//406 680//406 
f 1001//408 1000//407 679//407 
f 1002//409 1001//408 681//408 
f 1003//410 1002//409 719//409 
f 1004//411 1003//410 720//410 
f 1005//412 1004//411 722//411 
f 1006//413 1005//412 721//412 
f 1007//414 1006//413 683//413 
f 1008//415 1007//414 682//414 
f 1009//416 1008//415 684//415 
f 1010//417 1009//416 723//416 
f 1011//418 1010//417 724//417 
f 1012//419 1011//418 725//418 
f 1013//420 1012//419 726//419 
f 748//421 1014//421 1015//422 
f 1015//422 727//423 748//421 
f 1016//424 1014//421 748//421 
f 649//424 648//425 1017//426 
f 648//425 1018//425 1017//426 
f 1019//427 1018//425 648//425 
f 1020//428 1019//427 650//427 
f 1021//429 1020//428 608//428 
f 1022//430 1021//429 567//429 
f 1023//431 1022//430 566//430 
f 1024//432 1023//431 568//431 
f 1025//433 1024//432 652//432 
f 1026//434 1025//433 651//433 
f 1027//435 1026//434 570//434 
f 1028//436 1027//435 569//435 
f 464//436 416//437 1029//438 
f 416//437 1030//437 1029//438 
f 1031//439 1030//437 416//437 
f 1032//440 1031//439 415//439 
f 1033//441 1032//440 417//440 
f 1034//442 1033//441 426//441 
f 1035//443 1034//442 521//442 
f 609//444 1036//445 1037//446 
f 1037//446 571//447 609//444 
f 609//444 1038//448 1036//445 
f 1039//449 1038//448 609//444 
f 1040//450 1039//449 610//449 
f 1041//451 1040//450 653//450 
f 1042//452 1041//451 654//451 
f 1043//453 1042//452 685//452 
f 1044//454 1043//453 686//453 
f 776//455 1045//455 1046//456 
f 1046//456 775//457 776//455 
f 1047//458 1045//455 776//455 
f 1048//459 1047//458 750//458 
f 1049//460 1048//459 749//459 
f 1050//461 1049//460 751//460 
f 1051//462 1050//461 777//461 
f 1052//463 1051//462 778//462 
f 1053//464 1052//463 779//463 
f 1054//465 1053//464 780//464 
f 1055//466 1054//465 782//465 
f 1056//467 1055//466 781//466 
f 752//468 1057//468 1058//469 
f 1058//469 753//470 752//468 
f 1059//471 1057//468 752//468 
f 1060//472 1059//471 754//471 
f 1061//473 1060//472 783//472 
f 1062//474 1061//473 807//473 
f 1063//475 1062//474 808//474 
f 1064//476 1063//475 805//475 
f 1065//477 1064//476 737//476 
f 738//477 765//478 1066//479 
f 1066//479 1067//480 738//477 
f 765//478 1068//481 1066//479 
f 1069//482 1068//481 765//478 
f 1070//483 1069//482 695//482 
f 1071//484 1070//483 655//483 
f 1072//485 1071//484 656//484 
f 1073//486 1072//485 696//485 
f 1074//487 1073//486 697//486 
f 1075//488 1074//487 739//487 
f 1076//489 1075//488 740//488 
f 742//490 1077//490 1078//491 
f 1078//491 741//492 742//490 
f 1079//493 1077//490 742//490 
f 1080//494 1079//493 766//493 
f 1081//495 1080//494 767//494 
f 768//495 806//496 1082//497 
f 806//496 1083//496 1082//497 
f 1084//498 1083//496 806//496 
f 1085//499 1084//498 657//498 
f 1086//500 1085//499 658//499 
f 1087//501 1086//500 698//500 
f 743//501 699//502 1088//503 
f 1088//503 1089//504 743//501 
f 699//502 1090//505 1088//503 
f 1091//506 1090//505 699//502 
f 1092//507 1091//506 700//506 
f 1093//508 1092//507 744//507 
f 744//507 769//508 1093//508 
f 700//506 744//507 1092//507 
f 699//502 700//506 1091//506 
f 1089//504 1087//501 743//501 
f 698//500 743//501 1087//501 
f 658//499 698//500 1086//500 
f 657//498 658//499 1085//499 
f 806//496 657//498 1084//498 
f 1082//497 1081//495 768//495 
f 767//494 768//495 1081//495 
f 766//493 767//494 1080//494 
f 742//490 766//493 1079//493 
f 1078//491 1076//489 741//492 
f 740//488 741//492 1076//489 
f 739//487 740//488 1075//488 
f 697//486 739//487 1074//487 
f 696//485 697//486 1073//486 
f 656//484 696//485 1072//485 
f 655//483 656//484 1071//484 
f 695//482 655//483 1070//483 
f 765//478 695//482 1069//482 
f 1067//480 1065//477 738//477 
f 737//476 738//477 1065//477 
f 805//475 737//476 1064//476 
f 808//474 805//475 1063//475 
f 807//473 808//474 1062//474 
f 783//472 807//473 1061//473 
f 754//471 783//472 1060//472 
f 752//468 754//471 1059//471 
f 1058//469 1056//467 753//470 
f 781//466 753//470 1056//467 
f 782//465 781//466 1055//466 
f 780//464 782//465 1054//465 
f 779//463 780//464 1053//464 
f 778//462 779//463 1052//463 
f 777//461 778//462 1051//462 
f 751//460 777//461 1050//461 
f 749//459 751//460 1049//460 
f 750//458 749//459 1048//459 
f 776//455 750//458 1047//458 
f 1046//456 1044//454 775//457 
f 686//453 775//457 1044//454 
f 685//452 686//453 1043//453 
f 654//451 685//452 1042//452 
f 653//450 654//451 1041//451 
f 610//449 653//450 1040//450 
f 609//444 610//449 1039//449 
f 1037//446 1035//443 571//447 
f 521//442 571//447 1035//443 
f 426//441 521//442 1034//442 
f 417//440 426//441 1033//441 
f 415//439 417//440 1032//440 
f 416//437 415//439 1031//439 
f 1029//438 1028//436 464//436 
f 569//435 464//436 1028//436 
f 570//434 569//435 1027//435 
f 651//433 570//434 1026//434 
f 652//432 651//433 1025//433 
f 568//431 652//432 1024//432 
f 566//430 568//431 1023//431 
f 567//429 566//430 1022//430 
f 608//428 567//429 1021//429 
f 650//427 608//428 1020//428 
f 648//425 650//427 1019//427 
f 1017//426 1016//424 649//424 
f 748//421 649//424 1016//424 
f 1015//422 1013//420 727//423 
f 726//419 727//423 1013//420 
f 725//418 726//419 1012//419 
f 724//417 725//418 1011//418 
f 723//416 724//417 1010//417 
f 684//415 723//416 1009//416 
f 682//414 684//415 1008//415 
f 683//413 682//414 1007//414 
f 721//412 683//413 1006//413 
f 722//411 721//412 1005//412 
f 720//410 722//411 1004//411 
f 719//409 720//410 1003//410 
f 681//408 719//409 1002//409 
f 679//407 681//408 1001//408 
f 680//406 679//407 1000//407 
f 718//405 680//406 999//406 
f 717//404 718//405 998//405 
f 678//403 717//404 997//404 
f 677//401 678//403 996//403 
f 994//402 993//399 676//399 
f 992//400 991//398 674//398 
f 675//397 674//398 991//398 
f 747//396 675//397 990//397 
f 716//394 747//396 989//396 
f 987//395 986//392 673//392 
f 672//393 673//392 986//392 
f 671//391 672//393 985//390 
f 670//389 671//391 984//388 
f 647//387 670//389 983//386 
f 646//385 647//387 982//384 
f 607//383 646//385 981//382 
f 606//381 607//383 980//380 
f 605//379 606//381 979//378 
f 565//377 605//379 978//376 
f 519//375 565//377 977//374 
f 520//373 519//375 975//372 
o mesh8
f 1094//509 799//509 758//510 
f 1095//510 758//510 755//511 
f 1096//511 755//511 734//512 
f 1097//512 734//512 687//513 
f 687//513 732//514 1098//515 
f 732//514 1099//514 1098//515 
f 1099//514 732//514 797//516 
f 1100//516 797//516 796//517 
f 1101//517 796//517 819//518 
f 819//518 1102//518 1101//517 
f 796//517 1101//517 1100//516 
f 797//516 1100//516 1099//514 
f 1098//515 1103//519 687//513 
f 687//513 1103//519 1097//512 
f 734//512 1097//512 1096//511 
f 755//511 1096//511 1095//510 
f 758//510 1095//510 1094//509 
o mesh9
f 1104//520 1105//521 774//521 
f 1106//522 1104//520 593//523 
f 1107//524 1106//522 499//525 
f 1108//526 1107//524 434//527 
f 1109//528 1108//526 433//529 
f 1110//530 1109//528 436//531 
f 1111//532 1110//530 501//533 
f 1112//534 1111//532 503//535 
f 1113//536 1112//534 505//537 
f 1114//538 1113//536 439//539 
f 1115//540 1114//538 548//541 
f 1116//542 1115//540 441//543 
f 1117//544 1116//542 420//545 
f 422//544 506//546 1118//547 
f 506//546 1119//546 1118//547 
f 1120//548 1119//546 506//546 
f 1121//549 1120//548 444//548 
f 1122//550 1121//549 446//549 
f 1123//551 1122//550 508//550 
f 596//552 1124//552 1125//553 
f 1125//553 627//554 596//552 
f 1126//555 1124//552 596//552 
f 1127//556 1126//555 595//555 
f 1128//557 1127//556 551//556 
f 1129//558 1128//557 550//557 
f 1130//559 1129//558 553//558 
f 1131//560 1130//559 509//559 
f 449//560 512//561 1132//562 
f 512//561 1133//561 1132//562 
f 1134//563 1133//561 512//561 
f 1135//564 1134//563 630//563 
f 1136//565 1135//564 632//564 
f 1137//566 1136//565 631//565 
f 1138//567 1137//566 708//566 
f 707//567 745//568 1139//569 
f 745//568 1140//568 1139//569 
f 1141//570 1140//568 745//568 
f 1142//571 1141//570 710//570 
f 1143//572 1142//571 709//571 
f 1144//573 1143//572 591//572 
f 590//573 625//574 1145//575 
f 625//574 1146//574 1145//575 
f 1147//576 1146//574 625//574 
f 1148//577 1147//576 664//576 
f 664//576 711//577 1148//577 
f 625//574 664//576 1147//576 
f 1145//575 1144//573 590//573 
f 591//572 590//573 1144//573 
f 709//571 591//572 1143//572 
f 710//570 709//571 1142//571 
f 745//568 710//570 1141//570 
f 1139//569 1138//567 707//567 
f 708//566 707//567 1138//567 
f 631//565 708//566 1137//566 
f 632//564 631//565 1136//565 
f 630//563 632//564 1135//564 
f 512//561 630//563 1134//563 
f 1132//562 1131//560 449//560 
f 509//559 449//560 1131//560 
f 553//558 509//559 1130//559 
f 550//557 553//558 1129//558 
f 551//556 550//557 1128//557 
f 595//555 551//556 1127//556 
f 596//552 595//555 1126//555 
f 1125//553 1123//551 627//554 
f 508//550 627//554 1123//551 
f 446//549 508//550 1122//550 
f 444//548 446//549 1121//549 
f 506//546 444//548 1120//548 
f 1118//547 1117//544 422//544 
f 420//545 422//544 1117//544 
f 441//543 420//545 1116//542 
f 548//541 441//543 1115//540 
f 439//539 548//541 1114//538 
f 505//537 439//539 1113//536 
f 503//535 505//537 1112//534 
f 501//533 503//535 1111//532 
f 436//531 501//533 1110//530 
f 433//529 436//531 1109//528 
f 434//527 433//529 1108//526 
f 499//525 434//527 1107//524 
f 593//523 499//525 1106//522 
f 774//521 593//523 1104//520 
o mesh10
f 826//578 1149//578 1150//578 
f 1150//578 817//578 826//578 
o mesh11
f 1151//579 1152//580 818//580 
f 798//581 1153//581 1154//582 
f 1154//582 795//583 798//581 
f 1155//584 1153//581 798//581 
f 1156//585 1155//584 689//584 
f 1157//586 1156//585 688//585 
f 1158//587 1157//586 733//586 
f 1159//588 1158//587 756//587 
f 1160//589 1159//588 757//588 
f 1161//590 1160//589 800//589 
f 1162//591 1161//590 825//590 
f 1163//592 1162//591 824//591 
f 1164//593 1163//592 785//592 
f 787//594 1165//594 1166//595 
f 1166//595 784//596 787//594 
f 817//597 1150//597 1167//598 
f 1167//598 787//594 817//597 
f 1167//598 1165//594 787//594 
f 1166//595 1164//593 784//596 
f 785//592 784//596 1164//593 
f 824//591 785//592 1163//592 
f 825//590 824//591 1162//591 
f 800//589 825//590 1161//590 
f 757//588 800//589 1160//589 
f 756//587 757//588 1159//588 
f 733//586 756//587 1158//587 
f 688//585 733//586 1157//586 
f 689//584 688//585 1156//585 
f 798//581 689//584 1155//584 
f 1154//582 1151//579 795//583 
f 818//580 795//583 1151//579 
o mesh12
f 818//599 1152//599 1102//599 
f 1102//599 819//599 818//599 
o mesh13
f 826//600 809//601 1168//602 
f 809//601 1169//601 1168//602 
f 788//603 1170//603 1171//604 
f 1171//604 809//601 788//603 
f 1170//603 788//603 786//605 
f 1172//605 786//605 794//606 
f 794//606 1173//606 1172//605 
f 786//605 1172//605 1170//603 
f 1171//604 1169//601 809//601 
f 1168//602 1149//607 826//600 
o mesh14
f 702//608 832//608 1174//608 
f 1174//608 830//608 702//608 
o mesh15
f 494//609 492//610 1175//611 
f 1175//611 1176//612 494//609 
f 492//610 1177//613 1175//611 
f 1177//613 492//610 491//614 
f 1178//614 491//614 527//615 
f 1179//615 527//615 489//616 
f 1180//616 489//616 487//617 
f 1181//617 487//617 485//618 
f 483//619 1182//619 1183//620 
f 1183//620 485//618 483//619 
f 483//619 482//621 1184//622 
f 482//621 1185//621 1184//622 
f 1185//621 482//621 524//623 
f 1186//623 524//623 480//624 
f 1187//624 480//624 478//625 
f 476//626 1188//626 1189//627 
f 1189//627 478//625 476//626 
f 1188//626 476//626 474//628 
f 1190//628 474//628 473//629 
f 1191//629 473//629 471//630 
f 1192//630 471//630 430//631 
f 1193//631 430//631 427//632 
f 1194//632 427//632 470//633 
f 1195//633 470//633 468//634 
f 1196//634 468//634 465//635 
f 522//636 1197//636 1198//637 
f 1198//637 465//635 522//636 
f 572//638 1199//638 1200//639 
f 1200//639 522//636 572//638 
f 1199//638 572//638 618//640 
f 1201//640 618//640 616//641 
f 1202//641 616//641 614//642 
f 1203//642 614//642 611//643 
f 1204//643 611//643 703//644 
f 1205//644 703//644 770//645 
f 1206//645 770//645 815//646 
f 815//646 1207//646 1206//645 
f 770//645 1206//645 1205//644 
f 703//644 1205//644 1204//643 
f 611//643 1204//643 1203//642 
f 614//642 1203//642 1202//641 
f 616//641 1202//641 1201//640 
f 618//640 1201//640 1199//638 
f 1200//639 1197//636 522//636 
f 1198//637 1208//647 465//635 
f 465//635 1208//647 1196//634 
f 468//634 1196//634 1195//633 
f 470//633 1195//633 1194//632 
f 427//632 1194//632 1193//631 
f 430//631 1193//631 1192//630 
f 471//630 1192//630 1191//629 
f 473//629 1191//629 1190//628 
f 474//628 1190//628 1188//626 
f 1189//627 1209//648 478//625 
f 478//625 1209//648 1187//624 
f 480//624 1187//624 1186//623 
f 524//623 1186//623 1185//621 
f 1184//622 1182//619 483//619 
f 1183//620 1210//649 485//618 
f 485//618 1210//649 1181//617 
f 487//617 1181//617 1180//616 
f 489//616 1180//616 1179//615 
f 527//615 1179//615 1178//614 
f 491//614 1178//614 1177//613 
f 1176//612 1211//650 494//609 
o mesh16
f 1212//651 1207//651 815//651 
f 815//651 771//651 1212//651 
o mesh17
f 1213//652 1212//653 771//653 
f 1214//654 1213//652 704//655 
f 1215//656 1214//654 613//657 
f 1216//658 1215//656 612//659 
f 1217//660 1216//658 615//661 
f 1218//662 1217//660 617//663 
f 1219//664 1218//662 573//665 
f 523//664 467//666 1220//667 
f 467//666 1221//666 1220//667 
f 467//666 466//668 1222//669 
f 466//668 1223//668 1222//669 
f 1224//670 1223//668 466//668 
f 1225//671 1224//670 469//670 
f 1226//672 1225//671 429//671 
f 1227//673 1226//672 428//672 
f 1228//674 1227//673 431//673 
f 1229//675 1228//674 472//674 
f 475//675 477//676 1230//677 
f 477//676 1231//676 1230//677 
f 1232//678 1231//676 477//676 
f 1233//679 1232//678 479//678 
f 525//680 1234//680 1235//681 
f 1235//681 481//682 525//680 
f 1236//683 1234//680 525//680 
f 1237//684 1236//683 526//683 
f 1238//685 1237//684 484//684 
f 1239//686 1238//685 486//685 
f 490//687 1240//687 1241//688 
f 1241//688 488//689 490//687 
f 1242//690 1240//687 490//687 
f 529//691 1243//691 1244//692 
f 1244//692 528//693 529//691 
f 1245//694 1243//691 529//691 
f 1246//695 1245//694 493//694 
f 1247//696 1246//695 495//695 
f 574//696 705//697 1248//698 
f 705//697 1249//697 1248//698 
f 1250//699 1249//697 705//697 
f 1174//700 1250//699 701//699 
f 701//699 830//700 1174//700 
f 705//697 701//699 1250//699 
f 1248//698 1247//696 574//696 
f 495//695 574//696 1247//696 
f 493//694 495//695 1246//695 
f 529//691 493//694 1245//694 
f 1244//692 1242//690 528//693 
f 490//687 528//693 1242//690 
f 1241//688 1239//686 488//689 
f 486//685 488//689 1239//686 
f 484//684 486//685 1238//685 
f 526//683 484//684 1237//684 
f 525//680 526//683 1236//683 
f 1235//681 1233//679 481//682 
f 479//678 481//682 1233//679 
f 477//676 479//678 1232//678 
f 1230//677 1229//675 475//675 
f 472//674 475//675 1229//675 
f 431//673 472//674 1228//674 
f 428//672 431//673 1227//673 
f 429//671 428//672 1226//672 
f 469//670 429//671 1225//671 
f 466//668 469//670 1224//670 
f 1222//669 1221//666 467//666 
f 1220//667 1219//664 523//664 
f 573//665 523//664 1219//664 
f 617//663 573//665 1218//662 
f 615//661 617//663 1217//660 
f 612//659 615//661 1216//658 
f 613//657 612//659 1215//656 
f 704//655 613//657 1214//654 
f 771//653 704//655 1213//652 
o mesh18
f 645//701 934//701 1251//701 
f 1251//701 603//701 645//701 
o mesh19
f 1252//702 933//702 715//702 
f 715//702 714//702 1252//702 
o mesh20
f 1253//703 1252//704 714//704 
f 1254//705 1253//703 713//706 
f 1255//707 1254//705 746//708 
f 1256//709 1255//707 712//710 
f 1257//711 1256//709 666//712 
f 641//713 1258//713 1259//714 
f 1259//714 669//715 641//713 
f 1260//716 1258//713 641//713 
f 1261//717 1260//716 644//716 
f 1262//718 1261//717 563//717 
f 1263//719 1262//718 562//718 
f 1264//720 1263//719 599//719 
f 1251//721 1264//720 601//720 
f 601//720 603//721 1251//721 
f 599//719 601//720 1264//720 
f 562//718 599//719 1263//719 
f 563//717 562//718 1262//718 
f 644//716 563//717 1261//717 
f 641//713 644//716 1260//716 
f 1259//714 1257//711 669//715 
f 666//712 669//715 1257//711 
f 712//710 666//712 1256//709 
f 746//708 712//710 1255//707 
f 713//706 746//708 1254//705 
f 714//704 713//706 1253//703 
o mesh21
f 828//722 944//722 1265//722 
f 1265//722 829//722 828//722 
f 1265//722 1266//722 829//722 
o mesh22
f 1267//723 629//723 511//724 
f 1268//724 511//724 448//725 
f 1269//725 448//725 447//726 
f 1270//726 447//726 510//727 
f 1271//727 510//727 552//728 
f 1272//728 552//728 549//729 
f 1273//729 549//729 597//730 
f 1274//730 597//730 594//731 
f 1275//731 594//731 628//732 
f 1276//732 628//732 626//733 
f 507//734 1277//734 1278//735 
f 1278//735 626//733 507//734 
f 1277//734 507//734 445//736 
f 1279//736 445//736 443//737 
f 1280//737 443//737 442//738 
f 1281//738 442//738 421//739 
f 419//740 1282//740 1283//741 
f 1283//741 421//739 419//740 
f 1282//740 419//740 418//742 
f 1284//742 418//742 440//743 
f 1285//743 440//743 438//744 
f 1286//744 438//744 437//745 
f 1287//745 437//745 504//746 
f 1288//746 504//746 502//747 
f 1289//747 502//747 500//748 
f 1290//748 500//748 435//749 
f 1291//749 435//749 432//750 
f 1292//750 432//750 498//751 
f 1293//751 498//751 592//752 
f 1294//752 592//752 773//753 
f 1295//753 773//753 816//754 
f 816//754 1296//754 1295//753 
f 773//753 1295//753 1294//752 
f 592//752 1294//752 1293//751 
f 498//751 1293//751 1292//750 
f 432//750 1292//750 1291//749 
f 435//749 1291//749 1290//748 
f 500//748 1290//748 1289//747 
f 502//747 1289//747 1288//746 
f 504//746 1288//746 1287//745 
f 437//745 1287//745 1286//744 
f 438//744 1286//744 1285//743 
f 440//743 1285//743 1284//742 
f 418//742 1284//742 1282//740 
f 1283//741 1297//755 421//739 
f 421//739 1297//755 1281//738 
f 442//738 1281//738 1280//737 
f 443//737 1280//737 1279//736 
f 445//736 1279//736 1277//734 
f 1278//735 1298//756 626//733 
f 626//733 1298//756 1276//732 
f 628//732 1276//732 1275//731 
f 594//731 1275//731 1274//730 
f 597//730 1274//730 1273//729 
f 549//729 1273//729 1272//728 
f 552//728 1272//728 1271//727 
f 510//727 1271//727 1270//726 
f 447//726 1270//726 1269//725 
f 448//725 1269//725 1268//724 
f 511//724 1268//724 1267//723 
o mesh23
f 1105//757 1296//757 816//757 
f 816//757 774//757 1105//757 
o mesh24
f 1299//758 1300//759 793//759 
f 1301//760 1299//758 821//761 
f 1302//762 1301//760 813//763 
f 736//764 1303//764 1304//765 
f 1304//765 814//766 736//764 
f 692//767 1305//767 1306//768 
f 1306//768 736//764 692//767 
f 1307//769 1305//767 692//767 
f 1308//770 1307//769 694//769 
f 1309//771 1308//770 760//770 
f 1310//772 1309//771 762//771 
f 1311//773 1310//772 764//772 
f 1312//774 1311//773 802//773 
f 1266//775 1312//774 804//774 
f 804//774 829//775 1266//775 
f 802//773 804//774 1312//774 
f 764//772 802//773 1311//773 
f 762//771 764//772 1310//772 
f 760//770 762//771 1309//771 
f 694//769 760//770 1308//770 
f 692//767 694//769 1307//769 
f 1306//768 1303//764 736//764 
f 1304//765 1302//762 814//766 
f 813//763 814//766 1302//762 
f 821//761 813//763 1301//760 
f 793//759 821//761 1299//758 
o mesh25
f 794//776 793//776 1300//776 
f 1300//776 1173//776 794//776 
o mesh26
f 1148//777 711//777 799//777 
f 799//777 1094//777 1148//777 
o mesh27
f 769//778 494//778 1313//778 
f 494//778 1211//778 1313//778 
f 1313//778 1093//778 769//778 
o mesh28
f 943//778 667//778 520//778 
f 520//778 976//778 943//778 
o mesh29
f 589//779 634//779 883//779 
f 883//779 970//779 589//779 
o mesh30
f 629//780 1267//780 881//780 
f 881//780 547//780 629//780 
o mesh31
f 2354//781 1128//781 1129//781 
f 1129//781 1130//781 2354//781 
f 2354//781 1126//781 1127//781 
f 1127//781 1128//781 2354//781 
f 1130//781 1131//781 2354//781 
f 2354//781 1124//781 1126//781 
f 2354//781 1125//781 1124//781 
f 1096//781 1097//781 1145//781 
f 1145//781 1146//781 1096//781 
f 1147//781 1095//781 1096//781 
f 1148//781 1094//781 1095//781 
f 1097//781 1103//781 1145//781 
f 1095//781 1147//781 1148//781 
f 1096//781 1146//781 1147//781 
f 1141//781 1100//781 1101//781 
f 1142//781 1099//781 1100//781 
f 2355//781 1102//781 1152//781 
f 1101//781 1102//781 1139//781 
f 1100//781 1141//781 1142//781 
f 1098//781 1143//781 1144//781 
f 1142//781 1143//781 1098//781 
f 2356//781 1152//781 1151//781 
f 2355//781 1139//781 1102//781 
f 1101//781 1140//781 1141//781 
f 1098//781 1099//781 1142//781 
f 1152//781 2356//781 2355//781 
f 1144//781 1145//781 1098//781 
f 1139//781 1140//781 1101//781 
f 1299//781 1172//781 1173//781 
f 1301//781 1170//781 1172//781 
f 1301//781 1302//781 1171//781 
f 1172//781 1299//781 1301//781 
f 1171//781 1170//781 1301//781 
f 1302//781 1304//781 1171//781 
f 1304//781 1303//781 1168//781 
f 1168//781 1169//781 1304//781 
f 1303//781 1306//781 1168//781 
f 2357//781 961//781 960//781 
f 960//781 972//781 2357//781 
f 2358//781 966//781 971//781 
f 2358//781 964//781 965//781 
f 2357//781 963//781 964//781 
f 965//781 966//781 2358//781 
f 2357//781 962//781 963//781 
f 964//781 2358//781 2357//781 
f 967//781 885//781 886//781 
f 884//781 885//781 967//781 
f 884//781 968//781 969//781 
f 967//781 968//781 884//781 
f 882//781 969//781 970//781 
f 886//781 2358//781 967//781 
f 969//781 882//781 884//781 
f 2358//781 886//781 887//781 
f 2357//781 890//781 891//781 
f 2358//781 889//781 888//781 
f 891//781 892//781 2357//781 
f 888//781 2357//781 2358//781 
f 888//781 890//781 2357//781 
f 899//781 956//781 957//781 
f 900//781 955//781 956//781 
f 901//781 954//781 955//781 
f 895//781 973//781 961//781 
f 961//781 2357//781 893//781 
f 896//781 959//781 973//781 
f 897//781 958//781 959//781 
f 898//781 957//781 958//781 
f 956//781 899//781 900//781 
f 955//781 900//781 901//781 
f 953//781 954//781 902//781 
f 893//781 894//781 961//781 
f 959//781 896//781 897//781 
f 957//781 898//781 899//781 
f 902//781 904//781 953//781 
f 973//781 895//781 896//781 
f 901//781 902//781 954//781 
f 958//781 897//781 898//781 
f 903//781 952//781 951//781 
f 951//781 904//781 903//781 
f 905//781 906//781 974//781 
f 908//781 909//781 948//781 
f 909//781 910//781 947//781 
f 952//781 903//781 905//781 
f 906//781 907//781 950//781 
f 907//781 908//781 949//781 
f 947//781 948//781 909//781 
f 911//781 912//781 945//781 
f 944//781 945//781 912//781 
f 950//781 974//781 906//781 
f 948//781 949//781 908//781 
f 910//781 911//781 946//781 
f 912//781 913//781 944//781 
f 949//781 950//781 907//781 
f 945//781 946//781 911//781 
f 946//781 947//781 910//781 
f 2359//781 1265//781 944//781 
f 944//781 913//781 2359//781 
f 2360//781 2359//781 923//781 
f 923//781 924//781 2360//781 
f 2359//781 921//781 922//781 
f 922//781 923//781 2359//781 
f 2359//781 918//781 919//781 
f 2359//781 916//781 917//781 
f 2359//781 920//781 921//781 
f 917//781 918//781 2359//781 
f 919//781 920//781 2359//781 
f 2359//781 914//781 915//781 
f 915//781 916//781 2359//781 
f 2359//781 913//781 914//781 
f 2360//781 926//781 927//781 
f 2360//781 925//781 926//781 
f 927//781 928//781 2360//781 
f 983//781 984//781 934//781 
f 979//781 980//781 938//781 
f 980//781 981//781 937//781 
f 934//781 935//781 983//781 
f 975//781 977//781 941//781 
f 977//781 978//781 940//781 
f 937//781 938//781 980//781 
f 981//781 982//781 936//781 
f 982//781 983//781 935//781 
f 984//781 985//781 934//781 
f 2361//781 1263//781 1264//781 
f 940//781 941//781 977//781 
f 978//781 979//781 939//781 
f 936//781 937//781 981//781 
f 985//781 986//781 934//781 
f 2361//781 1262//781 1263//781 
f 2361//781 1260//781 1261//781 
f 939//781 940//781 978//781 
f 935//781 936//781 982//781 
f 987//781 1251//781 934//781 
f 1261//781 1262//781 2361//781 
f 2361//781 1259//781 1258//781 
f 976//781 975//781 942//781 
f 938//781 939//781 979//781 
f 987//781 2361//781 1251//781 
f 1258//781 1260//781 2361//781 
f 941//781 942//781 975//781 
f 1264//781 1251//781 2361//781 
f 934//781 986//781 987//781 
f 2362//781 992//781 993//781 
f 1005//781 1012//781 1013//781 
f 1005//781 1010//781 1011//781 
f 1010//781 1007//781 1008//781 
f 1010//781 1005//781 1006//781 
f 1015//781 997//781 998//781 
f 2362//781 995//781 996//781 
f 1011//781 1012//781 1005//781 
f 1006//781 1007//781 1010//781 
f 1015//781 1003//781 1004//781 
f 1015//781 1000//781 1001//781 
f 998//781 999//781 1015//781 
f 996//781 1015//781 2362//781 
f 1008//781 1009//781 1010//781 
f 1015//781 1002//781 1003//781 
f 999//781 1000//781 1015//781 
f 2362//781 994//781 995//781 
f 1004//781 1005//781 1015//781 
f 996//781 997//781 1015//781 
f 1001//781 1002//781 1015//781 
f 2363//781 1086//781 1087//781 
f 2363//781 1085//781 1086//781 
f 2363//781 1084//781 1085//781 
f 2363//781 1082//781 1083//781 
f 1083//781 1084//781 2363//781 
f 1092//781 1093//781 1313//781 
f 1175//781 1090//781 1091//781 
f 1313//781 1176//781 1092//781 
f 1175//781 1088//781 1090//781 
f 1091//781 1092//781 1175//781 
f 1179//781 1180//781 1089//781 
f 2363//781 1089//781 1210//781 
f 1088//781 1178//781 1179//781 
f 1089//781 1181//781 1210//781 
f 1088//781 1177//781 1178//781 
f 1089//781 1180//781 1181//781 
f 1088//781 1175//781 1177//781 
f 1089//781 1088//781 1179//781 
f 2363//781 1183//781 1182//781 
f 1079//781 1209//781 1189//781 
f 1189//781 1078//781 1077//781 
f 1079//781 1080//781 1187//781 
f 1080//781 1081//781 1186//781 
f 1186//781 1081//781 1082//781 
f 1187//781 1209//781 1079//781 
f 1082//781 1185//781 1186//781 
f 1186//781 1187//781 1080//781 
f 1082//781 2363//781 1184//781 
f 1184//781 1185//781 1082//781 
f 1069//781 1196//781 1208//781 
f 1071//781 1072//781 1194//781 
f 1072//781 1073//781 1193//781 
f 1074//781 1075//781 1191//781 
f 1075//781 1076//781 1190//781 
f 1190//781 1076//781 1078//781 
f 1198//781 1066//781 1068//781 
f 1208//781 1068//781 1069//781 
f 1193//781 1194//781 1072//781 
f 1073//781 1074//781 1192//781 
f 1190//781 1191//781 1075//781 
f 1078//781 1189//781 1188//781 
f 1069//781 1070//781 1196//781 
f 1070//781 1071//781 1195//781 
f 1192//781 1193//781 1073//781 
f 1078//781 1188//781 1190//781 
f 1195//781 1196//781 1070//781 
f 1191//781 1192//781 1074//781 
f 1194//781 1195//781 1071//781 
f 1066//781 1197//781 1200//781 
f 1066//781 1198//781 1197//781 
f 2364//781 2365//781 1215//781 
f 1215//781 1216//781 2364//781 
f 2365//781 1213//781 1214//781 
f 1059//781 1205//781 1206//781 
f 1060//781 1204//781 1205//781 
f 1061//781 1203//781 1204//781 
f 1062//781 1202//781 1203//781 
f 1063//781 1201//781 1202//781 
f 1064//781 1199//781 1201//781 
f 1065//781 1200//781 1199//781 
f 2364//781 1217//781 1218//781 
f 1214//781 1215//781 2365//781 
f 1205//781 1059//781 1060//781 
f 1203//781 1061//781 1062//781 
f 1201//781 1063//781 1064//781 
f 1199//781 1064//781 1065//781 
f 1218//781 1219//781 2364//781 
f 2365//781 1212//781 1213//781 
f 1204//781 1060//781 1061//781 
f 1065//781 1067//781 1200//781 
f 1216//781 1217//781 2364//781 
f 2365//781 1058//781 1207//781 
f 1207//781 1058//781 1057//781 
f 1202//781 1062//781 1063//781 
f 1207//781 1212//781 2365//781 
f 1206//781 1057//781 1059//781 
f 1057//781 1206//781 1207//781 
f 2364//781 1221//781 1222//781 
f 2364//781 1220//781 1221//781 
f 2366//781 1227//781 1228//781 
f 2366//781 1223//781 1224//781 
f 2366//781 1226//781 1227//781 
f 1224//781 1225//781 2366//781 
f 1228//781 1229//781 2366//781 
f 2366//781 1222//781 1223//781 
f 1225//781 1226//781 2366//781 
f 2367//781 1237//781 1238//781 
f 2367//781 1234//781 1236//781 
f 2367//781 1239//781 1241//781 
f 1236//781 1237//781 2367//781 
f 1238//781 1239//781 2367//781 
f 2367//781 1235//781 1234//781 
f 2368//781 1241//781 1240//781 
f 1240//781 1242//781 2368//781 
f 833//781 2369//781 1174//781 
f 2369//781 839//781 840//781 
f 2369//781 835//781 836//781 
f 1174//781 831//781 833//781 
f 2369//781 838//781 839//781 
f 2369//781 834//781 835//781 
f 1174//781 832//781 831//781 
f 2369//781 837//781 838//781 
f 833//781 834//781 2369//781 
f 2369//781 1249//781 1250//781 
f 836//781 837//781 2369//781 
f 2369//781 1248//781 1249//781 
f 1250//781 1174//781 2369//781 
f 863//781 865//781 1297//781 
f 866//781 867//781 1280//781 
f 867//781 868//781 1279//781 
f 1279//781 868//781 870//781 
f 1283//781 864//781 863//781 
f 865//781 866//781 1281//781 
f 1279//781 1280//781 867//781 
f 870//781 1278//781 1277//781 
f 1281//781 1297//781 865//781 
f 870//781 1277//781 1279//781 
f 1280//781 1281//781 866//781 
f 876//781 877//781 1271//781 
f 877//781 878//781 1270//781 
f 871//781 872//781 1276//781 
f 872//781 873//781 1275//781 
f 874//781 875//781 1273//781 
f 875//781 876//781 1272//781 
f 1270//781 1271//781 877//781 
f 878//781 879//781 1269//781 
f 871//781 1298//781 1278//781 
f 1275//781 1276//781 872//781 
f 873//781 874//781 1274//781 
f 1272//781 1273//781 875//781 
f 1269//781 1270//781 878//781 
f 879//781 880//781 1268//781 
f 880//781 881//781 1267//781 
f 1278//781 870//781 869//781 
f 1274//781 1275//781 873//781 
f 1271//781 1272//781 876//781 
f 1267//781 1268//781 880//781 
f 1276//781 1298//781 871//781 
f 1268//781 1269//781 879//781 
f 1273//781 1274//781 874//781 
f 1314//781 989//781 990//781 
f 989//781 1314//781 1315//781 
f 1314//781 991//781 992//781 
f 1315//781 988//781 989//781 
f 987//781 1316//781 1317//781 
f 1315//781 1316//781 987//781 
f 990//781 991//781 1314//781 
f 1317//781 1318//781 987//781 
f 992//781 2362//781 1314//781 
f 987//781 1319//781 1320//781 
f 987//781 988//781 1315//781 
f 1318//781 1319//781 987//781 
f 2361//781 1320//781 1321//781 
f 1256//781 1257//781 1322//781 
f 1322//781 1257//781 1259//781 
f 1254//781 1255//781 1323//781 
f 1259//781 1324//781 1322//781 
f 1259//781 1325//781 1326//781 
f 2361//781 1327//781 1328//781 
f 1329//781 1253//781 1254//781 
f 1255//781 1256//781 1330//781 
f 1326//781 1324//781 1259//781 
f 1328//781 1259//781 2361//781 
f 1252//781 2360//781 930//781 
f 1253//781 1329//781 1331//781 
f 1330//781 1323//781 1255//781 
f 1328//781 1325//781 1259//781 
f 1252//781 931//781 932//781 
f 930//781 929//781 1252//781 
f 1331//781 1252//781 1253//781 
f 1322//781 1330//781 1256//781 
f 929//781 931//781 1252//781 
f 1323//781 1329//781 1254//781 
f 932//781 933//781 1252//781 
f 1252//781 1332//781 2360//781 
f 2360//781 1333//781 1334//781 
f 2360//781 1335//781 1333//781 
f 2360//781 1336//781 1337//781 
f 1334//781 2359//781 2360//781 
f 2360//781 1338//781 1339//781 
f 2360//781 1340//781 1336//781 
f 1334//781 1341//781 2359//781 
f 1337//781 1338//781 2360//781 
f 1339//781 1335//781 2360//781 
f 2360//781 1342//781 1343//781 
f 2360//781 1332//781 1344//781 
f 1341//781 1345//781 2359//781 
f 1344//781 1342//781 2360//781 
f 1343//781 1340//781 2360//781 
f 1346//781 1347//781 1348//781 
f 1348//781 1349//781 1350//781 
f 1351//781 1352//781 1353//781 
f 1354//781 1355//781 1356//781 
f 1355//781 1357//781 1349//781 
f 1351//781 1358//781 1352//781 
f 1356//781 1351//781 1354//781 
f 1349//781 1348//781 1359//781 
f 1167//781 1150//781 1360//781 
f 1351//781 1361//781 1362//781 
f 1351//781 1356//781 1358//781 
f 1349//781 1359//781 1355//781 
f 1149//781 1309//781 1363//781 
f 1360//781 1364//781 1167//781 
f 1266//781 1365//781 1363//781 
f 1149//781 1307//781 1308//781 
f 1362//781 1366//781 1351//781 
f 1354//781 1357//781 1355//781 
f 1351//781 1150//781 1149//781 
f 1150//781 1351//781 1360//781 
f 1363//781 1311//781 1312//781 
f 1363//781 1309//781 1310//781 
f 1149//781 1305//781 1307//781 
f 1306//781 1305//781 1149//781 
f 1353//781 1361//781 1351//781 
f 1364//781 1367//781 1167//781 
f 1310//781 1311//781 1363//781 
f 1149//781 1168//781 1306//781 
f 1363//781 1351//781 1149//781 
f 2359//781 1368//781 1266//781 
f 1266//781 1368//781 1365//781 
f 1366//781 1360//781 1351//781 
f 1363//781 1312//781 1266//781 
f 1266//781 1265//781 2359//781 
f 1166//781 1165//781 1367//781 
f 1367//781 1369//781 1166//781 
f 1165//781 1167//781 1367//781 
f 1153//781 1155//781 1370//781 
f 1155//781 1156//781 1371//781 
f 1156//781 1157//781 1372//781 
f 1373//781 1154//781 1153//781 
f 1372//781 1371//781 1156//781 
f 1371//781 1370//781 1155//781 
f 1157//781 1158//781 1374//781 
f 1158//781 1159//781 1375//781 
f 1160//781 1376//781 1375//781 
f 1163//781 1377//781 1378//781 
f 1154//781 1373//781 1379//781 
f 1374//781 1372//781 1157//781 
f 1375//781 1159//781 1160//781 
f 1161//781 1380//781 1376//781 
f 1378//781 1162//781 1163//781 
f 1370//781 1373//781 1153//781 
f 1376//781 1160//781 1161//781 
f 1162//781 1378//781 1380//781 
f 1163//781 1164//781 1377//781 
f 1375//781 1374//781 1158//781 
f 1164//781 1166//781 1377//781 
f 1154//781 1381//781 1382//781 
f 1380//781 1161//781 1162//781 
f 1379//781 1381//781 1154//781 
f 2356//781 1383//781 1384//781 
f 2356//781 1382//781 1383//781 
f 2370//781 2355//781 1385//781 
f 2355//781 1386//781 1385//781 
f 2355//781 1387//781 1388//781 
f 2355//781 1389//781 1386//781 
f 2355//781 1390//781 1387//781 
f 1388//781 1389//781 2355//781 
f 2355//781 2356//781 1391//781 
f 1391//781 1390//781 2355//781 
f 2371//781 1392//781 1393//781 
f 1393//781 1394//781 2371//781 
f 2372//781 1395//781 1396//781 
f 2372//781 1397//781 1398//781 
f 2372//781 1399//781 1400//781 
f 1398//781 1395//781 2372//781 
f 1400//781 1401//781 2372//781 
f 1401//781 1397//781 2372//781 
f 2373//781 2372//781 1402//781 
f 1402//781 1403//781 2373//781 
f 1404//781 1405//781 1406//781 
f 1406//781 1407//781 1404//781 
f 2373//781 1408//781 1409//781 
f 1404//781 1409//781 1405//781 
f 2373//781 1410//781 1408//781 
f 2373//781 1411//781 1412//781 
f 1407//781 1413//781 1404//781 
f 1412//781 1410//781 2373//781 
f 1409//781 1404//781 2373//781 
f 2374//781 1414//781 1415//781 
f 2374//781 1416//781 1417//781 
f 1415//781 1418//781 2374//781 
f 2374//781 1419//781 1416//781 
f 2374//781 1420//781 1414//781 
f 1418//781 1419//781 2374//781 
f 2373//781 1404//781 1420//781 
f 1420//781 2374//781 2373//781 
f 1417//781 2375//781 2374//781 
f 1421//781 1422//781 1423//781 
f 1421//781 1424//781 1425//781 
f 1425//781 1422//781 1421//781 
f 1421//781 1426//781 1427//781 
f 1427//781 1424//781 1421//781 
f 1421//781 1428//781 1429//781 
f 1423//781 1430//781 1421//781 
f 1421//781 1431//781 1432//781 
f 1430//781 1428//781 1421//781 
f 1429//781 1431//781 1421//781 
f 2376//781 1433//781 1434//781 
f 1434//781 1435//781 2376//781 
f 2376//781 1432//781 1436//781 
f 1436//781 1433//781 2376//781 
f 2377//781 1437//781 1438//781 
f 1438//781 1439//781 2377//781 
f 2377//781 1440//781 1437//781 
f 2377//781 1441//781 1440//781 
f 1439//781 1442//781 2377//781 
f 2365//781 1443//781 1050//781 
f 2365//781 1444//781 1443//781 
f 1045//781 1047//781 1445//781 
f 2365//781 1052//781 1053//781 
f 1050//781 1051//781 2365//781 
f 1046//781 1446//781 1447//781 
f 1446//781 1046//781 1045//781 
f 1443//781 1048//781 1049//781 
f 1047//781 1048//781 1443//781 
f 1051//781 1052//781 2365//781 
f 1445//781 1446//781 1045//781 
f 1443//781 1445//781 1047//781 
f 2365//781 1055//781 1056//781 
f 1053//781 1054//781 2365//781 
f 1049//781 1050//781 1443//781 
f 1054//781 1055//781 2365//781 
f 1056//781 1058//781 2365//781 
f 1448//781 1036//781 1038//781 
f 1448//781 1040//781 1041//781 
f 1038//781 1039//781 1448//781 
f 1042//781 1043//781 1449//781 
f 1039//781 1040//781 1448//781 
f 1043//781 1044//781 1450//781 
f 1041//781 1042//781 1448//781 
f 1450//781 1449//781 1043//781 
f 1044//781 1046//781 1450//781 
f 1037//781 1451//781 1452//781 
f 1451//781 1037//781 1036//781 
f 1036//781 1453//781 1451//781 
f 1036//781 1454//781 1455//781 
f 1455//781 1453//781 1036//781 
f 1036//781 1448//781 1456//781 
f 1456//781 1454//781 1036//781 
f 1452//781 1457//781 1037//781 
f 1458//781 1034//781 1035//781 
f 1032//781 1459//781 1460//781 
f 1460//781 1029//781 1030//781 
f 1458//781 1033//781 1034//781 
f 1033//781 1458//781 1459//781 
f 1030//781 1031//781 1460//781 
f 1459//781 1032//781 1033//781 
f 1035//781 1037//781 1458//781 
f 1019//781 1020//781 1461//781 
f 1462//781 1018//781 1019//781 
f 1023//781 1024//781 1463//781 
f 1025//781 1464//781 1463//781 
f 1026//781 1465//781 1464//781 
f 1027//781 1466//781 1465//781 
f 1462//781 1017//781 1018//781 
f 1020//781 1021//781 1467//781 
f 1463//781 1024//781 1025//781 
f 1465//781 1026//781 1027//781 
f 1467//781 1461//781 1020//781 
f 1021//781 1022//781 1468//781 
f 1022//781 1023//781 1469//781 
f 1464//781 1025//781 1026//781 
f 1468//781 1467//781 1021//781 
f 1463//781 1469//781 1023//781 
f 1028//781 1470//781 1466//781 
f 1470//781 1028//781 1029//781 
f 1469//781 1468//781 1022//781 
f 1029//781 1471//781 1470//781 
f 1466//781 1027//781 1028//781 
f 1029//781 1460//781 1472//781 
f 1472//781 1471//781 1029//781 
f 1015//781 1473//781 1474//781 
f 1015//781 1475//781 1476//781 
f 1015//781 1477//781 1478//781 
f 1015//781 1479//781 1480//781 
f 1476//781 1473//781 1015//781 
f 2362//781 1478//781 1481//781 
f 1015//781 1482//781 1477//781 
f 1474//781 1479//781 1015//781 
f 2362//781 1483//781 1484//781 
f 1478//781 2362//781 1015//781 
f 1480//781 1485//781 1015//781 
f 1015//781 1014//781 1486//781 
f 1014//781 1016//781 1487//781 
f 1488//781 1487//781 1016//781 
f 2362//781 1489//781 1490//781 
f 1484//781 1491//781 2362//781 
f 1485//781 1482//781 1015//781 
f 1487//781 1486//781 1014//781 
f 1017//781 1492//781 1488//781 
f 2362//781 1493//781 1494//781 
f 1490//781 1495//781 2362//781 
f 1481//781 1483//781 2362//781 
f 1016//781 1017//781 1488//781 
f 1494//781 1496//781 2362//781 
f 1493//781 2362//781 1497//781 
f 1491//781 1489//781 2362//781 
f 1017//781 1462//781 1492//781 
f 1497//781 1498//781 1493//781 
f 1486//781 1475//781 1015//781 
f 1495//781 1497//781 2362//781 
f 1499//781 1500//781 1501//781 
f 1499//781 1502//781 1500//781 
f 1499//781 1503//781 1502//781 
f 1499//781 1504//781 1505//781 
f 1505//781 1503//781 1499//781 
f 1499//781 1506//781 1507//781 
f 1507//781 1504//781 1499//781 
f 1499//781 1508//781 1506//781 
f 1230//781 1509//781 1510//781 
f 1230//781 1511//781 1509//781 
f 1230//781 1512//781 1511//781 
f 1513//781 1512//781 1230//781 
f 1510//781 2366//781 1230//781 
f 1513//781 1232//781 1233//781 
f 1230//781 1231//781 1513//781 
f 1510//781 1514//781 2366//781 
f 1231//781 1232//781 1513//781 
f 1233//781 1235//781 1513//781 
f 2367//781 1515//781 1513//781 
f 1513//781 1235//781 2367//781 
f 2366//781 1516//781 1517//781 
f 2366//781 1518//781 1516//781 
f 2365//781 2364//781 1519//781 
f 1519//781 1520//781 2365//781 
f 2365//781 1521//781 1522//781 
f 2364//781 1523//781 1519//781 
f 2364//781 1524//781 1525//781 
f 1522//781 1526//781 2365//781 
f 1525//781 1523//781 2364//781 
f 1520//781 1521//781 2365//781 
f 2364//781 1517//781 1527//781 
f 1527//781 1524//781 2364//781 
f 1528//781 1529//781 1530//781 
f 1531//781 2377//781 1532//781 
f 1531//781 1533//781 1528//781 
f 1532//781 1534//781 1531//781 
f 1534//781 1533//781 1531//781 
f 1529//781 1535//781 1536//781 
f 1536//781 1530//781 1529//781 
f 1535//781 1537//781 1538//781 
f 1535//781 1539//781 1540//781 
f 1535//781 1541//781 1542//781 
f 2365//781 1541//781 1535//781 
f 1538//781 1536//781 1535//781 
f 1542//781 1539//781 1535//781 
f 2365//781 1543//781 1541//781 
f 1540//781 1537//781 1535//781 
f 1530//781 1531//781 1528//781 
f 2377//781 1544//781 1545//781 
f 2377//781 1546//781 1544//781 
f 2377//781 1531//781 1547//781 
f 1547//781 1546//781 2377//781 
f 1545//781 1548//781 2377//781 
f 1548//781 1549//781 2377//781 
f 1550//781 1551//781 1552//781 
f 1550//781 1553//781 1554//781 
f 1552//781 1555//781 1550//781 
f 1556//781 1557//781 1558//781 
f 1555//781 1553//781 1550//781 
f 1559//781 1560//781 1550//781 
f 1559//781 1561//781 1556//781 
f 1557//781 1562//781 1563//781 
f 1564//781 1563//781 1562//781 
f 1550//781 1560//781 1551//781 
f 1558//781 1559//781 1556//781 
f 1562//781 1441//781 1564//781 
f 1441//781 2377//781 1565//781 
f 1550//781 1561//781 1559//781 
f 1565//781 1564//781 1441//781 
f 1563//781 1558//781 1557//781 
f 1566//781 1567//781 1568//781 
f 1566//781 1569//781 1567//781 
f 1566//781 1570//781 1571//781 
f 1572//781 1573//781 1566//781 
f 1571//781 1569//781 1566//781 
f 1566//781 1574//781 1572//781 
f 1573//781 1570//781 1566//781 
f 1574//781 1575//781 1572//781 
f 1574//781 1576//781 1577//781 
f 1577//781 1575//781 1574//781 
f 1578//781 1579//781 1580//781 
f 1580//781 1581//781 1578//781 
f 1582//781 1583//781 1584//781 
f 1582//781 1585//781 1586//781 
f 1587//781 1588//781 1585//781 
f 1578//781 1589//781 1579//781 
f 1578//781 1590//781 1591//781 
f 1592//781 1593//781 1582//781 
f 1586//781 1583//781 1582//781 
f 1594//781 1595//781 1596//781 
f 1585//781 1582//781 1587//781 
f 1578//781 1597//781 1598//781 
f 1591//781 1589//781 1578//781 
f 1584//781 1599//781 1582//781 
f 1600//781 1601//781 1593//781 
f 1596//781 1602//781 1594//781 
f 1587//781 1603//781 1588//781 
f 1587//781 1604//781 1605//781 
f 1581//781 1597//781 1578//781 
f 1578//781 1606//781 1607//781 
f 1593//781 1592//781 1600//781 
f 1608//781 1609//781 1601//781 
f 1602//781 1596//781 1609//781 
f 1576//781 1610//781 1595//781 
f 1606//781 1611//781 1612//781 
f 1605//781 1603//781 1587//781 
f 1607//781 1590//781 1578//781 
f 1601//781 1600//781 1608//781 
f 1594//781 1576//781 1595//781 
f 1606//781 1578//781 1611//781 
f 1598//781 1587//781 1578//781 
f 1609//781 1608//781 1602//781 
f 1576//781 1574//781 1613//781 
f 1582//781 1578//781 1587//781 
f 1613//781 1610//781 1576//781 
f 1582//781 1599//781 1592//781 
f 2378//781 1614//781 1615//781 
f 2378//781 1616//781 1617//781 
f 2378//781 1618//781 1619//781 
f 1615//781 1620//781 2378//781 
f 1617//781 1621//781 2378//781 
f 1620//781 1618//781 2378//781 
f 1619//781 1616//781 2378//781 
f 1622//781 1623//781 1624//781 
f 1622//781 1625//781 1626//781 
f 1626//781 1623//781 1622//781 
f 1622//781 1627//781 1628//781 
f 1628//781 1625//781 1622//781 
f 2379//781 1629//781 1627//781 
f 2379//781 1630//781 1631//781 
f 1627//781 1622//781 2379//781 
f 1631//781 1632//781 2379//781 
f 1632//781 1629//781 2379//781 
f 2379//781 1633//781 1634//781 
f 1635//781 1636//781 1637//781 
f 1634//781 1630//781 2379//781 
f 1624//781 1635//781 1622//781 
f 2380//781 2374//781 1638//781 
f 1639//781 1640//781 1641//781 
f 1639//781 1642//781 1643//781 
f 1639//781 1644//781 1640//781 
f 1641//781 1642//781 1639//781 
f 1645//781 1646//781 1647//781 
f 1645//781 1648//781 1649//781 
f 1645//781 1650//781 1651//781 
f 1652//781 1645//781 1653//781 
f 1649//781 1646//781 1645//781 
f 1645//781 1654//781 1655//781 
f 1645//781 1656//781 1657//781 
f 1645//781 1652//781 1650//781 
f 1653//781 1658//781 1652//781 
f 1645//781 1659//781 1660//781 
f 1655//781 1648//781 1645//781 
f 1657//781 1661//781 1645//781 
f 1658//781 1662//781 1652//781 
f 2371//781 1663//781 1664//781 
f 1665//781 1664//781 1663//781 
f 1647//781 1659//781 1645//781 
f 1651//781 1656//781 1645//781 
f 1664//781 1666//781 2371//781 
f 1667//781 2370//781 1665//781 
f 1645//781 1668//781 1663//781 
f 1661//781 1654//781 1645//781 
f 1663//781 1667//781 1665//781 
f 1660//781 1668//781 1645//781 
f 1663//781 2371//781 1645//781 
f 2370//781 1669//781 1665//781 
f 2381//781 1670//781 1671//781 
f 1671//781 1672//781 2381//781 
f 1672//781 1673//781 2381//781 
f 2381//781 1674//781 1675//781 
f 2381//781 1676//781 1677//781 
f 2381//781 1678//781 1670//781 
f 1677//781 1674//781 2381//781 
f 1675//781 1678//781 2381//781 
f 2381//781 1679//781 1680//781 
f 1680//781 1676//781 2381//781 
f 1681//781 1682//781 1683//781 
f 1684//781 1685//781 1686//781 
f 1687//781 1688//781 1683//781 
f 1689//781 1690//781 1688//781 
f 1691//781 1692//781 1693//781 
f 2367//781 1694//781 1691//781 
f 1686//781 1681//781 1684//781 
f 1688//781 1687//781 1689//781 
f 1691//781 1695//781 1690//781 
f 1691//781 1696//781 1692//781 
f 2367//781 1697//781 1694//781 
f 1683//781 1682//781 1687//781 
f 1691//781 1698//781 1695//781 
f 1691//781 1699//781 1696//781 
f 2367//781 1700//781 1697//781 
f 1690//781 1689//781 1691//781 
f 1691//781 1694//781 1699//781 
f 2367//781 1701//781 1700//781 
f 1693//781 1698//781 1691//781 
f 1683//781 1684//781 1681//781 
f 1702//781 1703//781 1685//781 
f 1702//781 1704//781 1703//781 
f 1685//781 1684//781 1705//781 
f 1499//781 1706//781 1707//781 
f 1708//781 1499//781 1704//781 
f 1709//781 1710//781 1711//781 
f 1709//781 1712//781 1508//781 
f 1707//781 1508//781 1499//781 
f 1499//781 1708//781 1713//781 
f 1704//781 1702//781 1714//781 
f 1508//781 1715//781 1709//781 
f 1508//781 1716//781 1717//781 
f 1499//781 1718//781 1706//781 
f 1704//781 1714//781 1708//781 
f 1717//781 1715//781 1508//781 
f 1713//781 1718//781 1499//781 
f 1707//781 1716//781 1508//781 
f 1711//781 1712//781 1709//781 
f 1719//781 1720//781 1721//781 
f 1721//781 1722//781 1719//781 
f 2380//781 1723//781 1724//781 
f 2373//781 1725//781 1726//781 
f 2373//781 2374//781 1725//781 
f 2374//781 2380//781 1727//781 
f 1727//781 1725//781 2374//781 
f 1728//781 1729//781 1730//781 
f 1730//781 1731//781 1732//781 
f 1730//781 1733//781 1734//781 
f 1734//781 1731//781 1730//781 
f 1730//781 2371//781 1735//781 
f 1736//781 1737//781 1729//781 
f 1738//781 1739//781 1737//781 
f 1735//781 1733//781 1730//781 
f 1737//781 1736//781 1738//781 
f 1399//781 1740//781 1741//781 
f 1399//781 2372//781 1742//781 
f 1729//781 1728//781 1736//781 
f 1743//781 1741//781 1739//781 
f 1399//781 1744//781 1740//781 
f 1742//781 1745//781 1399//781 
f 1739//781 1738//781 1743//781 
f 1745//781 1744//781 1399//781 
f 1741//781 1743//781 1399//781 
f 2372//781 1726//781 1742//781 
f 1746//781 1747//781 1748//781 
f 1749//781 1750//781 1751//781 
f 1748//781 1752//781 1746//781 
f 1753//781 1749//781 1754//781 
f 1749//781 1753//781 1750//781 
f 1755//781 1756//781 1757//781 
f 1746//781 1758//781 1747//781 
f 1746//781 1759//781 1760//781 
f 1751//781 1761//781 1749//781 
f 1759//781 1746//781 1762//781 
f 1757//781 1763//781 1764//781 
f 1757//781 1765//781 1766//781 
f 1645//781 1767//781 1768//781 
f 1645//781 1769//781 1770//781 
f 2371//781 1771//781 1772//781 
f 1760//781 1758//781 1746//781 
f 1762//781 1753//781 1759//781 
f 1766//781 1763//781 1757//781 
f 1773//781 1774//781 1645//781 
f 1773//781 1775//781 1776//781 
f 1645//781 1777//781 1767//781 
f 1645//781 1778//781 1769//781 
f 1772//781 1645//781 2371//781 
f 1779//781 1780//781 1781//781 
f 1754//781 1759//781 1753//781 
f 1782//781 1783//781 1784//781 
f 1757//781 1785//781 1765//781 
f 1776//781 1774//781 1773//781 
f 1773//781 1786//781 1787//781 
f 1770//781 1777//781 1645//781 
f 2371//781 1788//781 1771//781 
f 2371//781 1789//781 1790//781 
f 2371//781 1791//781 1792//781 
f 2371//781 1793//781 1794//781 
f 1779//781 1795//781 1780//781 
f 1784//781 1746//781 1782//781 
f 1755//781 1796//781 1756//781 
f 1755//781 1797//781 1798//781 
f 1755//781 1799//781 1800//781 
f 1755//781 1801//781 1802//781 
f 1787//781 1775//781 1773//781 
f 1645//781 1803//781 1804//781 
f 1772//781 1778//781 1645//781 
f 1792//781 1789//781 2371//781 
f 2371//781 1805//781 1806//781 
f 1794//781 1807//781 2371//781 
f 2371//781 1808//781 1809//781 
f 2371//781 1730//781 1810//781 
f 1779//781 1811//781 1795//781 
f 1812//781 1813//781 1723//781 
f 1812//781 1814//781 1815//781 
f 1812//781 1816//781 1817//781 
f 1818//781 1812//781 1779//781 
f 1782//781 1819//781 1783//781 
f 1755//781 1820//781 1796//781 
f 1798//781 1821//781 1755//781 
f 1802//781 1799//781 1755//781 
f 1755//781 1822//781 1823//781 
f 1755//781 1824//781 1825//781 
f 1755//781 1779//781 1826//781 
f 1773//781 1827//781 1786//781 
f 1804//781 1828//781 1645//781 
f 1645//781 1829//781 1830//781 
f 1790//781 1788//781 2371//781 
f 1807//781 1805//781 2371//781 
f 2371//781 1831//781 1808//781 
f 1810//781 1832//781 2371//781 
f 1779//781 1833//781 1834//781 
f 1779//781 1835//781 1836//781 
f 1779//781 1837//781 1838//781 
f 1779//781 1839//781 1840//781 
f 1779//781 1841//781 1811//781 
f 1779//781 1842//781 1843//781 
f 1779//781 1844//781 1845//781 
f 1812//781 1846//781 1813//781 
f 1817//781 1814//781 1812//781 
f 1812//781 1847//781 1848//781 
f 1779//781 1849//781 1818//781 
f 1752//781 1782//781 1746//781 
f 1821//781 1820//781 1755//781 
f 1823//781 1801//781 1755//781 
f 1755//781 1850//781 1824//781 
f 1826//781 1851//781 1755//781 
f 1645//781 1852//781 1853//781 
f 1830//781 1803//781 1645//781 
f 1806//781 1791//781 2371//781 
f 2371//781 1854//781 1831//781 
f 1832//781 1855//781 2371//781 
f 1779//781 1856//781 1857//781 
f 1834//781 1858//781 1779//781 
f 1779//781 1859//781 1835//781 
f 1779//781 1860//781 1861//781 
f 1840//781 1837//781 1779//781 
f 1843//781 1841//781 1779//781 
f 1779//781 1862//781 1844//781 
f 1779//781 1755//781 1863//781 
f 1815//781 1846//781 1812//781 
f 1818//781 1847//781 1812//781 
f 1812//781 1864//781 1819//781 
f 1800//781 1797//781 1755//781 
f 1851//781 1850//781 1755//781 
f 1645//781 1865//781 1852//781 
f 1768//781 1829//781 1645//781 
f 2371//781 1866//781 1867//781 
f 1855//781 1854//781 2371//781 
f 1858//781 1856//781 1779//781 
f 1861//781 1859//781 1779//781 
f 1781//781 1839//781 1779//781 
f 1863//781 1862//781 1779//781 
f 1848//781 1816//781 1812//781 
f 1782//781 1812//781 1819//781 
f 1864//781 1827//781 1757//781 
f 1825//781 1822//781 1755//781 
f 1827//781 1773//781 1785//781 
f 1828//781 1865//781 1645//781 
f 1809//781 1866//781 2371//781 
f 1836//781 1833//781 1779//781 
f 1845//781 1842//781 1779//781 
f 1812//781 2380//781 1864//781 
f 1757//781 1819//781 1864//781 
f 1785//781 1757//781 1827//781 
f 1867//781 1793//781 2371//781 
f 1838//781 1860//781 1779//781 
f 1864//781 1639//781 1827//781 
f 1645//781 1853//781 1773//781 
f 1723//781 2380//781 1812//781 
f 1857//781 1849//781 1779//781 
f 1868//781 1869//781 1870//781 
f 1868//781 1871//781 1869//781 
f 1872//781 1873//781 1874//781 
f 1874//781 1868//781 1872//781 
f 1872//781 1875//781 1876//781 
f 1877//781 1872//781 1878//781 
f 1872//781 1879//781 1873//781 
f 1872//781 1880//781 1875//781 
f 1872//781 1881//781 1882//781 
f 1878//781 1883//781 1877//781 
f 1876//781 1879//781 1872//781 
f 1872//781 1877//781 1881//781 
f 1883//781 1884//781 1877//781 
f 1882//781 1880//781 1872//781 
f 1870//781 1872//781 1868//781 
f 1885//781 1886//781 1877//781 
f 1887//781 1888//781 1889//781 
f 1887//781 1890//781 1891//781 
f 1889//781 1892//781 1887//781 
f 1887//781 1893//781 1890//781 
f 2379//781 1894//781 1895//781 
f 1891//781 1888//781 1887//781 
f 1890//781 1896//781 1897//781 
f 1898//781 1896//781 1890//781 
f 2379//781 1887//781 1894//781 
f 1892//781 1899//781 1887//781 
f 1897//781 1900//781 1890//781 
f 1890//781 1901//781 1898//781 
f 2379//781 1893//781 1887//781 
f 1899//781 1902//781 1887//781 
f 1901//781 2378//781 1898//781 
f 1902//781 1903//781 1887//781 
f 1895//781 1633//781 2379//781 
f 2378//781 1901//781 1904//781 
f 2378//781 1905//781 1906//781 
f 1904//781 1907//781 2378//781 
f 1907//781 1905//781 2378//781 
f 1606//781 1908//781 1909//781 
f 1910//781 1911//781 1912//781 
f 1606//781 1913//781 1908//781 
f 1606//781 1914//781 1915//781 
f 1916//781 1912//781 1917//781 
f 1912//781 1916//781 1910//781 
f 1915//781 1913//781 1606//781 
f 1914//781 1918//781 1919//781 
f 1920//781 1917//781 1921//781 
f 1910//781 1922//781 1911//781 
f 1923//781 1924//781 1925//781 
f 1924//781 1923//781 1606//781 
f 1919//781 1915//781 1914//781 
f 1926//781 1927//781 1914//781 
f 1928//781 1921//781 1926//781 
f 1917//781 1920//781 1916//781 
f 1922//781 1614//781 1929//781 
f 1925//781 1930//781 1931//781 
f 1606//781 1932//781 1924//781 
f 1909//781 1933//781 1606//781 
f 1914//781 1934//781 1935//781 
f 1914//781 1936//781 1937//781 
f 1926//781 1938//781 1928//781 
f 1929//781 1911//781 1922//781 
f 1614//781 2378//781 1939//781 
f 1931//781 1940//781 1925//781 
f 1606//781 1941//781 1932//781 
f 1606//781 1942//781 1943//781 
f 1935//781 1918//781 1914//781 
f 1914//781 1944//781 1936//781 
f 1914//781 1938//781 1926//781 
f 1939//781 1929//781 1614//781 
f 1930//781 1945//781 1931//781 
f 1943//781 1941//781 1606//781 
f 1937//781 1934//781 1914//781 
f 1921//781 1928//781 1920//781 
f 1925//781 1940//781 1923//781 
f 1927//781 1944//781 1914//781 
f 1933//781 1942//781 1606//781 
f 1946//781 1947//781 1948//781 
f 1949//781 1950//781 1951//781 
f 1952//781 1950//781 1949//781 
f 1948//781 1953//781 1954//781 
f 1948//781 2376//781 1955//781 
f 1946//781 1952//781 1956//781 
f 1949//781 1956//781 1952//781 
f 1955//781 1953//781 1948//781 
f 1951//781 1931//781 1949//781 
f 1956//781 1947//781 1946//781 
f 2375//781 1957//781 1958//781 
f 1958//781 1959//781 2375//781 
f 2376//781 1960//781 1961//781 
f 2375//781 1962//781 1963//781 
f 1959//781 1964//781 2375//781 
f 1421//781 1965//781 1958//781 
f 1961//781 1966//781 2376//781 
f 1964//781 1962//781 2375//781 
f 1421//781 2376//781 1965//781 
f 2376//781 1948//781 1960//781 
f 1958//781 1957//781 1421//781 
f 1966//781 1967//781 2376//781 
f 1967//781 1965//781 2376//781 
f 1968//781 1969//781 1970//781 
f 1968//781 1971//781 1972//781 
f 1973//781 1974//781 1975//781 
f 1886//781 1976//781 1974//781 
f 1977//781 1978//781 1970//781 
f 1972//781 1969//781 1968//781 
f 1974//781 1973//781 1886//781 
f 1970//781 1978//781 1968//781 
f 1971//781 1979//781 1975//781 
f 1886//781 1980//781 1976//781 
f 1886//781 1981//781 1982//781 
f 1886//781 1983//781 1984//781 
f 1975//781 1972//781 1971//781 
f 1982//781 1980//781 1886//781 
f 1886//781 1985//781 1983//781 
f 1975//781 1979//781 1973//781 
f 1984//781 1986//781 1886//781 
f 1886//781 1885//781 1987//781 
f 1986//781 1981//781 1886//781 
f 1885//781 1988//781 1987//781 
f 1987//781 1985//781 1886//781 
f 1885//781 1989//781 1990//781 
f 1885//781 1991//781 1992//781 
f 1885//781 1993//781 1988//781 
f 1885//781 1994//781 1989//781 
f 1992//781 1995//781 1885//781 
f 1996//781 1997//781 1998//781 
f 1999//781 2000//781 1997//781 
f 2001//781 2002//781 2003//781 
f 2004//781 2005//781 2002//781 
f 1970//781 2006//781 1977//781 
f 1995//781 1994//781 1885//781 
f 1885//781 2007//781 2008//781 
f 2009//781 1998//781 2008//781 
f 1997//781 1996//781 1999//781 
f 2010//781 2011//781 2000//781 
f 2012//781 2003//781 2011//781 
f 2002//781 2001//781 2004//781 
f 1990//781 1993//781 1885//781 
f 2008//781 2007//781 2009//781 
f 2000//781 1999//781 2010//781 
f 2003//781 2012//781 2001//781 
f 2013//781 2014//781 2015//781 
f 2013//781 2016//781 2017//781 
f 2013//781 2018//781 2019//781 
f 2020//781 2021//781 2022//781 
f 2020//781 2023//781 2024//781 
f 2008//781 1991//781 1885//781 
f 2011//781 2010//781 2012//781 
f 2025//781 2026//781 2005//781 
f 2013//781 2027//781 2026//781 
f 2013//781 2028//781 2014//781 
f 2019//781 2016//781 2013//781 
f 2013//781 2029//781 2030//781 
f 2020//781 2031//781 2032//781 
f 2024//781 2021//781 2020//781 
f 1998//781 2009//781 1996//781 
f 2026//781 2025//781 2013//781 
f 2013//781 2033//781 2028//781 
f 2030//781 2018//781 2013//781 
f 2022//781 2031//781 2020//781 
f 2005//781 2004//781 2025//781 
f 2017//781 2033//781 2013//781 
f 2020//781 2034//781 2023//781 
f 2379//781 2029//781 2013//781 
f 2015//781 2027//781 2013//781 
f 2375//781 1977//781 2020//781 
f 2006//781 2020//781 1977//781 
f 2013//781 1893//781 2379//781 
f 2035//781 2036//781 2037//781 
f 2035//781 2038//781 2039//781 
f 2040//781 2041//781 2042//781 
f 2035//781 2043//781 2044//781 
f 2035//781 2045//781 2036//781 
f 2035//781 2046//781 2038//781 
f 2042//781 2047//781 2040//781 
f 2048//781 2049//781 2050//781 
f 2035//781 2051//781 2043//781 
f 2039//781 2045//781 2035//781 
f 2046//781 2052//781 2040//781 
f 2053//781 2054//781 2055//781 
f 2053//781 2056//781 2057//781 
f 2048//781 2058//781 2059//781 
f 2048//781 2060//781 2061//781 
f 2048//781 2062//781 2063//781 
f 2050//781 2064//781 2048//781 
f 2037//781 2051//781 2035//781 
f 2046//781 2035//781 2052//781 
f 2053//781 2065//781 2054//781 
f 2053//781 2066//781 2067//781 
f 2053//781 2068//781 2069//781 
f 2053//781 2070//781 2056//781 
f 2053//781 2071//781 2072//781 
f 2374//781 2073//781 2074//781 
f 2048//781 2075//781 2058//781 
f 2048//781 2076//781 2077//781 
f 2048//781 2078//781 2079//781 
f 2063//781 2060//781 2048//781 
f 2064//781 2080//781 2048//781 
f 2081//781 2082//781 2083//781 
f 2047//781 2046//781 2040//781 
f 2067//781 2065//781 2053//781 
f 2069//781 2084//781 2053//781 
f 2057//781 2085//781 2053//781 
f 2072//781 2086//781 2053//781 
f 2087//781 2088//781 2089//781 
f 2074//781 2090//781 2374//781 
f 2375//781 2091//781 2092//781 
f 2375//781 2093//781 2094//781 
f 2077//781 2075//781 2048//781 
f 2061//781 2078//781 2048//781 
f 2080//781 2095//781 2048//781 
f 2081//781 2096//781 2097//781 
f 2083//781 2098//781 2081//781 
f 2055//781 2035//781 2053//781 
f 2084//781 2099//781 2053//781 
f 2086//781 2070//781 2053//781 
f 2087//781 2100//781 2101//781 
f 2087//781 2102//781 2103//781 
f 2087//781 2104//781 2105//781 
f 2089//781 2106//781 2087//781 
f 2374//781 2107//781 2073//781 
f 2375//781 2108//781 2109//781 
f 2094//781 2091//781 2375//781 
f 2375//781 2110//781 2111//781 
f 2059//781 2112//781 2048//781 
f 2095//781 2062//781 2048//781 
f 2081//781 2113//781 2114//781 
f 2098//781 2096//781 2081//781 
f 2081//781 2053//781 2115//781 
f 2099//781 2066//781 2053//781 
f 2053//781 2081//781 2071//781 
f 2087//781 2116//781 2117//781 
f 2103//781 2100//781 2087//781 
f 2087//781 2118//781 2104//781 
f 2087//781 2119//781 2088//781 
f 2374//781 2120//781 2107//781 
f 2374//781 2121//781 2122//781 
f 2374//781 2375//781 2123//781 
f 2375//781 2124//781 2125//781 
f 2109//781 2126//781 2375//781 
f 2375//781 2127//781 2093//781 
f 2375//781 2128//781 2110//781 
f 2375//781 2129//781 2130//781 
f 1638//781 2131//781 2049//781 
f 2079//781 2076//781 2048//781 
f 2114//781 2087//781 2081//781 
f 2115//781 2082//781 2081//781 
f 2085//781 2068//781 2053//781 
f 2087//781 2132//781 2133//781 
f 2117//781 2134//781 2087//781 
f 2105//781 2102//781 2087//781 
f 2087//781 2114//781 2119//781 
f 2374//781 2135//781 2136//781 
f 2122//781 2120//781 2374//781 
f 2123//781 2137//781 2374//781 
f 2126//781 2124//781 2375//781 
f 2111//781 2127//781 2375//781 
f 2375//781 2032//781 2129//781 
f 1638//781 2374//781 2131//781 
f 2049//781 2131//781 2050//781 
f 2081//781 2138//781 2113//781 
f 2044//781 2053//781 2035//781 
f 2134//781 2132//781 2087//781 
f 2106//781 2118//781 2087//781 
f 2090//781 2135//781 2374//781 
f 2125//781 2123//781 2375//781 
f 2130//781 2128//781 2375//781 
f 2112//781 2081//781 2048//781 
f 2097//781 2138//781 2081//781 
f 2101//781 2116//781 2087//781 
f 2136//781 2139//781 2374//781 
f 2092//781 2108//781 2375//781 
f 2087//781 2048//781 2081//781 
f 2133//781 2140//781 2087//781 
f 2137//781 2121//781 2374//781 
f 2133//781 1638//781 2140//781 
f 2139//781 2141//781 2374//781 
f 2141//781 2131//781 2374//781 
f 2142//781 2143//781 2144//781 
f 2145//781 2146//781 2147//781 
f 2148//781 2149//781 2150//781 
f 2151//781 2152//781 2153//781 
f 2154//781 2155//781 2152//781 
f 2142//781 2156//781 2143//781 
f 2142//781 2157//781 2158//781 
f 2157//781 2142//781 2159//781 
f 2148//781 2160//781 2145//781 
f 2149//781 2161//781 2150//781 
f 2149//781 2162//781 2163//781 
f 2164//781 2153//781 2165//781 
f 2152//781 2151//781 2154//781 
f 2144//781 2166//781 2142//781 
f 2159//781 2167//781 2157//781 
f 2150//781 2160//781 2148//781 
f 2163//781 2168//781 2149//781 
f 2153//781 2164//781 2151//781 
f 2169//781 2170//781 2155//781 
f 2171//781 2172//781 2173//781 
f 2174//781 2175//781 2172//781 
f 2167//781 2159//781 2175//781 
f 2158//781 2156//781 2142//781 
f 2149//781 2176//781 2177//781 
f 2168//781 2161//781 2149//781 
f 2149//781 2178//781 2179//781 
f 2149//781 2180//781 2181//781 
f 2182//781 2183//781 2147//781 
f 2147//781 2184//781 2185//781 
f 2147//781 2186//781 2187//781 
f 2155//781 2154//781 2169//781 
f 2188//781 2173//781 2170//781 
f 2172//781 2171//781 2174//781 
f 2166//781 2189//781 2142//781 
f 2149//781 2148//781 2176//781 
f 2179//781 2162//781 2149//781 
f 2149//781 2190//781 2180//781 
f 2185//781 2191//781 2147//781 
f 2187//781 2192//781 2147//781 
f 2193//781 2194//781 2183//781 
f 2195//781 2165//781 2194//781 
f 2170//781 2169//781 2188//781 
f 2175//781 2174//781 2167//781 
f 2177//781 2196//781 2149//781 
f 2181//781 2178//781 2149//781 
f 2042//781 2197//781 2198//781 
f 2042//781 2041//781 2199//781 
f 2192//781 2184//781 2147//781 
f 2194//781 2193//781 2195//781 
f 2173//781 2188//781 2171//781 
f 2147//781 2148//781 2145//781 
f 2199//781 2197//781 2042//781 
f 2147//781 2146//781 2186//781 
f 2165//781 2195//781 2164//781 
f 2198//781 2149//781 2042//781 
f 2183//781 2182//781 2193//781 
f 2147//781 2191//781 2182//781 
f 2200//781 2201//781 2202//781 
f 2200//781 2203//781 2201//781 
f 2200//781 2204//781 2205//781 
f 2206//781 2207//781 2208//781 
f 2209//781 2210//781 2207//781 
f 2211//781 2212//781 2210//781 
f 2213//781 2214//781 2212//781 
f 2205//781 2203//781 2200//781 
f 2200//781 2215//781 2216//781 
f 2200//781 2217//781 2218//781 
f 2189//781 2219//781 2220//781 
f 2189//781 2221//781 2222//781 
f 2223//781 2224//781 2189//781 
f 2225//781 2208//781 2223//781 
f 2207//781 2206//781 2209//781 
f 2212//781 2211//781 2213//781 
f 2216//781 2204//781 2200//781 
f 2218//781 2226//781 2200//781 
f 2222//781 2219//781 2189//781 
f 2223//781 2227//781 2225//781 
f 2210//781 2209//781 2211//781 
f 2228//781 2202//781 2214//781 
f 2226//781 2215//781 2200//781 
f 2379//781 2229//781 2230//781 
f 2379//781 2231//781 2232//781 
f 2220//781 2233//781 2189//781 
f 2189//781 2227//781 2223//781 
f 2214//781 2213//781 2228//781 
f 2200//781 2234//781 2217//781 
f 2232//781 2229//781 2379//781 
f 2379//781 2235//781 2236//781 
f 2224//781 2221//781 2189//781 
f 2202//781 2228//781 2200//781 
f 2236//781 2231//781 2379//781 
f 1622//781 2234//781 2200//781 
f 2208//781 2225//781 2206//781 
f 2379//781 1622//781 2235//781 
f 2233//781 2142//781 2189//781 
f 2200//781 2235//781 1622//781 
f 2381//781 2237//781 2238//781 
f 2381//781 2239//781 2240//781 
f 2240//781 2237//781 2381//781 
f 2241//781 2242//781 2243//781 
f 2241//781 2244//781 2242//781 
f 2241//781 2245//781 2244//781 
f 2246//781 2247//781 2248//781 
f 2246//781 2241//781 2249//781 
f 2241//781 2246//781 2245//781 
f 2249//781 2247//781 2246//781 
f 2250//781 2251//781 2252//781 
f 2248//781 2253//781 2246//781 
f 2252//781 2254//781 2250//781 
f 2250//781 2255//781 2256//781 
f 2254//781 2241//781 2250//781 
f 2250//781 2257//781 2255//781 
f 2256//781 2251//781 2250//781 
f 2243//781 2250//781 2241//781 
f 1679//781 2258//781 2259//781 
f 2257//781 2260//781 2261//781 
f 2262//781 2263//781 2264//781 
f 1679//781 2265//781 2258//781 
f 2261//781 2266//781 2257//781 
f 2259//781 2262//781 1679//781 
f 1679//781 2267//781 2268//781 
f 1679//781 2381//781 2269//781 
f 2270//781 2264//781 2263//781 
f 2260//781 2271//781 2261//781 
f 2268//781 2265//781 1679//781 
f 2381//781 2272//781 2269//781 
f 2257//781 2273//781 2270//781 
f 2257//781 2274//781 2275//781 
f 2260//781 2276//781 2271//781 
f 2269//781 2267//781 1679//781 
f 2257//781 2277//781 2273//781 
f 2257//781 2278//781 2274//781 
f 2260//781 2279//781 2276//781 
f 2370//781 1667//781 2280//781 
f 2281//781 1667//781 2279//781 
f 2263//781 2257//781 2270//781 
f 2266//781 2278//781 2257//781 
f 2280//781 2282//781 2370//781 
f 2279//781 2260//781 2281//781 
f 2275//781 2277//781 2257//781 
f 2281//781 2280//781 1667//781 
f 2282//781 2283//781 2370//781 
f 2370//781 2284//781 2285//781 
f 2370//781 2286//781 2284//781 
f 2370//781 2287//781 2286//781 
f 2370//781 2288//781 2289//781 
f 2289//781 2287//781 2370//781 
f 2370//781 2290//781 2288//781 
f 2370//781 2283//781 2290//781 
f 2285//781 2355//781 2370//781 
f 1132//781 1133//781 2291//781 
f 2355//781 1137//781 1138//781 
f 2355//781 1135//781 1136//781 
f 1135//781 2292//781 2291//781 
f 2354//781 1132//781 2293//781 
f 2291//781 2293//781 1132//781 
f 1136//781 1137//781 2355//781 
f 1135//781 2355//781 2292//781 
f 1133//781 1134//781 2291//781 
f 2291//781 1134//781 1135//781 
f 1138//781 1139//781 2355//781 
f 2354//781 2294//781 2295//781 
f 2295//781 2296//781 2354//781 
f 1121//781 2297//781 2298//781 
f 1123//781 2299//781 2300//781 
f 1125//781 2301//781 2299//781 
f 2298//781 1119//781 1120//781 
f 1121//781 1122//781 2300//781 
f 2299//781 1123//781 1125//781 
f 2298//781 1118//781 1119//781 
f 2300//781 1122//781 1123//781 
f 2300//781 2297//781 1121//781 
f 1125//781 2354//781 2302//781 
f 2302//781 2301//781 1125//781 
f 1112//781 2303//781 2304//781 
f 1111//781 2304//781 2305//781 
f 2304//781 1111//781 1112//781 
f 1115//781 1116//781 2306//781 
f 1116//781 1117//781 2307//781 
f 851//781 1294//781 1295//781 
f 852//781 1293//781 1294//781 
f 853//781 1292//781 1293//781 
f 854//781 1291//781 1292//781 
f 855//781 1290//781 1291//781 
f 856//781 1289//781 1290//781 
f 1107//781 2308//781 2309//781 
f 1108//781 2310//781 2308//781 
f 1109//781 2311//781 2310//781 
f 1110//781 2305//781 2311//781 
f 1112//781 1113//781 2303//781 
f 1113//781 1114//781 2312//781 
f 1114//781 1115//781 2313//781 
f 2307//781 2306//781 1116//781 
f 842//781 841//781 2314//781 
f 1294//781 851//781 852//781 
f 1292//781 853//781 854//781 
f 1290//781 855//781 856//781 
f 857//781 1288//781 1289//781 
f 858//781 1287//781 1288//781 
f 859//781 1286//781 1287//781 
f 1105//781 2315//781 2316//781 
f 1104//781 2317//781 2315//781 
f 1106//781 2309//781 2317//781 
f 2308//781 1107//781 1108//781 
f 2311//781 1109//781 1110//781 
f 2312//781 2303//781 1113//781 
f 2306//781 2313//781 1115//781 
f 2307//781 1117//781 1118//781 
f 2314//781 2318//781 842//781 
f 1105//781 845//781 846//781 
f 2319//781 843//781 844//781 
f 843//781 2319//781 2314//781 
f 850//781 1295//781 1296//781 
f 1293//781 852//781 853//781 
f 1289//781 856//781 857//781 
f 1287//781 858//781 859//781 
f 860//781 1285//781 1286//781 
f 2316//781 2320//781 1105//781 
f 2317//781 1104//781 1106//781 
f 2310//781 1108//781 1109//781 
f 2313//781 2312//781 1114//781 
f 1118//781 2321//781 2322//781 
f 2318//781 2323//781 842//781 
f 846//781 1296//781 1105//781 
f 2314//781 841//781 843//781 
f 1296//781 848//781 849//781 
f 1296//781 846//781 847//781 
f 1291//781 854//781 855//781 
f 1286//781 859//781 860//781 
f 862//781 1282//781 1284//781 
f 1105//781 2324//781 2325//781 
f 2315//781 1105//781 1104//781 
f 2305//781 1110//781 1111//781 
f 1118//781 2298//781 2321//781 
f 2323//781 2326//781 842//781 
f 844//781 845//781 2319//781 
f 847//781 848//781 1296//781 
f 1288//781 857//781 858//781 
f 861//781 1284//781 1285//781 
f 1284//781 861//781 862//781 
f 2320//781 2324//781 1105//781 
f 1118//781 2322//781 2307//781 
f 842//781 2327//781 2328//781 
f 1105//781 2319//781 845//781 
f 1295//781 850//781 851//781 
f 862//781 864//781 1282//781 
f 2309//781 1106//781 1107//781 
f 2326//781 2327//781 842//781 
f 1285//781 860//781 861//781 
f 2328//781 2369//781 842//781 
f 864//781 1283//781 1282//781 
f 1296//781 849//781 850//781 
f 2369//781 2328//781 2329//781 
f 2330//781 2368//781 1244//781 
f 1247//781 2331//781 2332//781 
f 1246//781 2332//781 2330//781 
f 1244//781 1243//781 2330//781 
f 2332//781 1246//781 1247//781 
f 1243//781 1245//781 2330//781 
f 1248//781 2333//781 2331//781 
f 1247//781 1248//781 2331//781 
f 1248//781 2334//781 2335//781 
f 1248//781 2336//781 2337//781 
f 2369//781 2338//781 2336//781 
f 2335//781 2333//781 1248//781 
f 2336//781 1248//781 2369//781 
f 2337//781 2334//781 1248//781 
f 2339//781 2340//781 1701//781 
f 2341//781 2342//781 2340//781 
f 1701//781 2343//781 2344//781 
f 2342//781 2345//781 2239//781 
f 2340//781 2339//781 2341//781 
f 1701//781 2346//781 2343//781 
f 2341//781 2345//781 2342//781 
f 2368//781 2347//781 2348//781 
f 2239//781 2381//781 2342//781 
f 2367//781 2348//781 2346//781 
f 2368//781 2349//781 2347//781 
f 2368//781 2330//781 2350//781 
f 2346//781 1701//781 2367//781 
f 2350//781 2349//781 2368//781 
f 2348//781 2367//781 2368//781 
f 1701//781 2344//781 2339//781 
f 2330//781 1245//781 1246//781 
f 2329//781 2338//781 2369//781 
f 2325//781 2319//781 1105//781 
f 2298//781 1120//781 1121//781 
f 2296//781 2302//781 2354//781 
f 2293//781 2294//781 2354//781 
f 2285//781 2292//781 2355//781 
f 2264//781 1679//781 2262//781 
f 2250//781 2260//781 2257//781 
f 2238//781 2272//781 2381//781 
f 2230//781 2029//781 2379//781 
f 2196//781 2042//781 2149//781 
f 2049//781 2140//781 1638//781 
f 2032//781 2375//781 2020//781 
f 1963//781 1977//781 2375//781 
f 1948//781 1954//781 1946//781 
f 1945//781 1949//781 1931//781 
f 1906//781 1939//781 2378//781 
f 1900//781 1891//781 1890//781 
f 1884//781 1885//781 1877//781 
f 1757//781 1764//781 1755//781 
f 1730//781 1732//781 1728//781 
f 1726//781 2372//781 2373//781 
f 1724//781 1727//781 2380//781 
f 1720//781 1711//781 1721//781 
f 1710//781 1721//781 1711//781 
f 1685//781 1705//781 1702//781 
f 1691//781 1515//781 2367//781 
f 1673//781 2342//781 2381//781 
f 1666//781 1392//781 2371//781 
f 1643//781 1827//781 1639//781 
f 1638//781 1864//781 2380//781 
f 1637//781 1622//781 1635//781 
f 1637//781 1636//781 2351//781 
f 1621//781 1898//781 2378//781 
f 1612//781 1914//781 1606//781 
f 1568//781 1550//781 1566//781 
f 1554//781 1566//781 1550//781 
f 1549//781 1565//781 2377//781 
f 1535//781 1444//781 2365//781 
f 1526//781 1543//781 2365//781 
f 1517//781 2364//781 2366//781 
f 1514//781 1518//781 2366//781 
f 1501//781 2352//781 1499//781 
f 1496//781 1314//781 2362//781 
f 1461//781 1462//781 1019//781 
f 1460//781 1031//781 1032//781 
f 1457//781 1458//781 1037//781 
f 1449//781 1448//781 1042//781 
f 1447//781 1450//781 1046//781 
f 1442//781 1532//781 2377//781 
f 1435//781 1955//781 2376//781 
f 1432//781 2376//781 1421//781 
f 1417//781 1957//781 2375//781 
f 1413//781 2353//781 1404//781 
f 1403//781 1411//781 2373//781 
f 1396//781 1402//781 2372//781 
f 1394//781 1735//781 2371//781 
f 1385//781 1669//781 2370//781 
f 1384//781 1391//781 2356//781 
f 1382//781 2356//781 1154//781 
f 1369//781 1377//781 1166//781 
f 1308//781 1309//781 1149//781 
f 1348//781 1350//781 1346//781 
f 1345//781 1368//781 2359//781 
f 1331//781 1332//781 1252//781 
f 1321//781 1327//781 2361//781 
f 1320//781 2361//781 987//781 
f 1278//781 869//781 871//781 
f 1297//781 1283//781 863//781 
f 840//781 842//781 2369//781 
f 1242//781 1244//781 2368//781 
f 1241//781 2368//781 2367//781 
f 1229//781 1230//781 2366//781 
f 1222//781 2366//781 2364//781 
f 1219//781 1220//781 2364//781 
f 1200//781 1067//781 1066//781 
f 1068//781 1208//781 1198//781 
f 1189//781 1077//781 1079//781 
f 1182//781 1184//781 2363//781 
f 1210//781 1183//781 2363//781 
f 1176//781 1175//781 1092//781 
f 1176//781 1313//781 1211//781 
f 1087//781 1089//781 2363//781 
f 1013//781 1015//781 1005//781 
f 993//781 994//781 2362//781 
f 942//781 943//781 976//781 
f 928//781 930//781 2360//781 
f 924//781 925//781 2360//781 
f 974//781 952//781 905//781 
f 951//781 953//781 904//781 
f 961//781 894//781 895//781 
f 892//781 893//781 2357//781 
f 887//781 889//781 2358//781 
f 970//781 883//781 882//781 
f 971//781 967//781 2358//781 
f 972//781 962//781 2357//781 
f 1169//781 1171//781 1304//781 
f 1173//781 1300//781 1299//781 
f 1151//781 1154//781 2356//781 
f 1103//781 1098//781 1145//781 
f 1131//781 1132//781 2354//781 
o mesh32
f 1498//782 2382//782 2383//783 
f 1493//783 2383//783 2384//784 
f 1494//784 2384//784 2385//785 
f 2386//786 1315//786 1314//787 
f 1314//787 2385//785 2386//786 
f 1315//786 2386//786 2387//788 
f 1316//788 2387//788 2388//789 
f 1317//789 2388//789 2389//790 
f 1318//790 2389//790 2390//791 
f 2391//792 1321//792 1320//793 
f 1320//793 2390//791 2391//792 
f 2391//792 2392//794 1327//795 
f 2392//794 1328//794 1327//795 
f 1328//794 2392//794 2393//796 
f 1325//796 2393//796 2394//797 
f 1326//797 2394//797 2395//798 
f 1324//798 2395//798 2396//799 
f 1322//799 2396//799 2397//800 
f 1330//800 2397//800 2398//801 
f 1323//801 2398//801 2399//802 
f 1329//802 2399//802 2400//803 
f 2401//804 1344//804 1332//805 
f 1332//805 2400//803 2401//804 
f 1344//804 2401//804 2402//806 
f 1342//806 2402//806 2403//807 
f 1343//807 2403//807 2404//808 
f 1340//808 2404//808 2405//809 
f 1336//809 2405//809 2406//810 
f 1337//810 2406//810 2407//811 
f 1338//811 2407//811 2408//812 
f 1339//812 2408//812 2409//813 
f 1335//813 2409//813 2410//814 
f 1333//814 2410//814 2411//815 
f 1334//815 2411//815 2412//816 
f 1341//816 2412//816 2413//817 
f 2413//817 2414//818 1368//819 
f 2414//818 1365//818 1368//819 
f 1365//818 2414//818 2415//820 
f 2415//820 1363//820 1365//818 
f 1368//819 1345//821 2413//817 
f 2413//817 1345//821 1341//816 
f 2412//816 1341//816 1334//815 
f 2411//815 1334//815 1333//814 
f 2410//814 1333//814 1335//813 
f 2409//813 1335//813 1339//812 
f 2408//812 1339//812 1338//811 
f 2407//811 1338//811 1337//810 
f 2406//810 1337//810 1336//809 
f 2405//809 1336//809 1340//808 
f 2404//808 1340//808 1343//807 
f 2403//807 1343//807 1342//806 
f 2402//806 1342//806 1344//804 
f 1332//805 1331//822 2400//803 
f 2400//803 1331//822 1329//802 
f 2399//802 1329//802 1323//801 
f 2398//801 1323//801 1330//800 
f 2397//800 1330//800 1322//799 
f 2396//799 1322//799 1324//798 
f 2395//798 1324//798 1326//797 
f 2394//797 1326//797 1325//796 
f 2393//796 1325//796 1328//794 
f 1327//795 1321//792 2391//792 
f 1320//793 1319//823 2390//791 
f 2390//791 1319//823 1318//790 
f 2389//790 1318//790 1317//789 
f 2388//789 1317//789 1316//788 
f 2387//788 1316//788 1315//786 
f 1314//787 1496//824 2385//785 
f 2385//785 1496//824 1494//784 
f 2384//784 1494//784 1493//783 
f 2383//783 1493//783 1498//782 
o mesh33
f 2393//825 2416//825 2417//825 
f 2392//825 2418//825 2416//825 
f 2416//825 2393//825 2392//825 
f 2391//825 2419//825 2418//825 
f 2388//825 2387//825 2420//825 
f 2418//825 2392//825 2391//825 
f 2390//825 2421//825 2419//825 
f 2389//825 2422//825 2421//825 
f 2422//825 2389//825 2388//825 
f 2423//825 2424//825 2425//825 
f 2426//825 2427//825 2424//825 
f 2428//825 2429//825 2427//825 
f 2430//825 2431//825 2429//825 
f 2432//825 2433//825 2434//825 
f 2435//825 2436//825 2437//825 
f 2436//825 2438//825 2439//825 
f 2440//825 2441//825 2442//825 
f 2443//825 2444//825 2441//825 
f 2445//825 2446//825 2447//825 
f 2407//825 2448//825 2449//825 
f 2449//825 2410//825 2409//825 
f 2394//825 2417//825 2450//825 
f 2419//825 2391//825 2390//825 
f 2420//825 2422//825 2388//825 
f 2387//825 2386//825 2451//825 
f 2424//825 2423//825 2426//825 
f 2429//825 2428//825 2430//825 
f 2452//825 2453//825 2431//825 
f 2454//825 2455//825 2453//825 
f 2456//825 2457//825 2458//825 
f 2459//825 2460//825 2457//825 
f 2461//825 2462//825 2463//825 
f 2462//825 2464//825 2465//825 
f 2466//825 2467//825 2468//825 
f 2467//825 2469//825 2470//825 
f 2471//825 2472//825 2432//825 
f 2433//825 2473//825 2474//825 
f 2473//825 2435//825 2475//825 
f 2439//825 2437//825 2436//825 
f 2476//825 2477//825 2478//825 
f 2477//825 2479//825 2480//825 
f 2441//825 2440//825 2443//825 
f 2481//825 2482//825 2444//825 
f 2483//825 2447//825 2482//825 
f 2447//825 2483//825 2445//825 
f 2409//825 2408//825 2449//825 
f 2406//825 2484//825 2448//825 
f 2405//825 2485//825 2484//825 
f 2399//825 2398//825 2486//825 
f 2398//825 2397//825 2487//825 
f 2396//825 2488//825 2487//825 
f 2395//825 2450//825 2488//825 
f 2417//825 2394//825 2393//825 
f 2451//825 2420//825 2387//825 
f 2386//825 2385//825 2489//825 
f 2385//825 2384//825 2490//825 
f 2491//825 2492//825 2493//825 
f 2427//825 2426//825 2428//825 
f 2453//825 2452//825 2454//825 
f 2494//825 2458//825 2455//825 
f 2457//825 2456//825 2459//825 
f 2495//825 2496//825 2497//825 
f 2498//825 2499//825 2500//825 
f 2499//825 2501//825 2502//825 
f 2465//825 2463//825 2462//825 
f 2464//825 2503//825 2504//825 
f 2503//825 2466//825 2505//825 
f 2470//825 2468//825 2467//825 
f 2469//825 2506//825 2507//825 
f 2506//825 2508//825 2509//825 
f 2474//825 2434//825 2433//825 
f 2437//825 2475//825 2435//825 
f 2438//825 2476//825 2510//825 
f 2480//825 2478//825 2477//825 
f 2511//825 2512//825 2480//825 
f 2513//825 2514//825 2512//825 
f 2515//825 2442//825 2514//825 
f 2444//825 2443//825 2481//825 
f 2445//825 2516//825 2446//825 
f 2516//825 2517//825 2518//825 
f 2517//825 2519//825 2520//825 
f 2519//825 2521//825 2522//825 
f 2521//825 2523//825 2524//825 
f 2525//825 2526//825 2527//825 
f 2448//825 2407//825 2406//825 
f 2484//825 2406//825 2405//825 
f 2404//825 2403//825 2528//825 
f 2403//825 2402//825 2529//825 
f 2401//825 2400//825 2530//825 
f 2400//825 2399//825 2531//825 
f 2487//825 2486//825 2398//825 
f 2488//825 2396//825 2395//825 
f 2421//825 2390//825 2389//825 
f 2490//825 2489//825 2385//825 
f 2384//825 2383//825 2532//825 
f 2383//825 2382//825 2533//825 
f 2382//825 2534//825 2535//825 
f 2493//825 2536//825 2537//825 
f 2538//825 2539//825 2492//825 
f 2540//825 2425//825 2539//825 
f 2431//825 2430//825 2452//825 
f 2458//825 2494//825 2456//825 
f 2541//825 2542//825 2460//825 
f 2543//825 2544//825 2542//825 
f 2544//825 2543//825 2495//825 
f 2496//825 2545//825 2546//825 
f 2547//825 2548//825 2549//825 
f 2548//825 2498//825 2550//825 
f 2502//825 2500//825 2499//825 
f 2501//825 2551//825 2552//825 
f 2553//825 2461//825 2554//825 
f 2504//825 2465//825 2464//825 
f 2468//825 2505//825 2466//825 
f 2509//825 2507//825 2506//825 
f 2508//825 2555//825 2556//825 
f 2555//825 2557//825 2558//825 
f 2475//825 2474//825 2473//825 
f 2478//825 2510//825 2476//825 
f 2512//825 2511//825 2513//825 
f 2442//825 2515//825 2440//825 
f 2518//825 2446//825 2516//825 
f 2522//825 2520//825 2519//825 
f 2524//825 2559//825 2560//825 
f 2524//825 2522//825 2521//825 
f 2527//825 2561//825 2525//825 
f 2562//825 2563//825 2564//825 
f 2565//825 2566//825 2567//825 
f 2566//825 2565//825 2382//825 
f 2563//825 2568//825 2569//825 
f 2405//825 2404//825 2485//825 
f 2529//825 2528//825 2403//825 
f 2402//825 2401//825 2570//825 
f 2531//825 2530//825 2400//825 
f 2487//825 2397//825 2396//825 
f 2489//825 2451//825 2386//825 
f 2533//825 2532//825 2383//825 
f 2382//825 2565//825 2534//825 
f 2493//825 2568//825 2536//825 
f 2539//825 2538//825 2540//825 
f 2455//825 2454//825 2494//825 
f 2542//825 2541//825 2543//825 
f 2546//825 2497//825 2496//825 
f 2545//825 2547//825 2571//825 
f 2550//825 2549//825 2548//825 
f 2552//825 2502//825 2501//825 
f 2572//825 2553//825 2573//825 
f 2463//825 2554//825 2461//825 
f 2507//825 2470//825 2469//825 
f 2558//825 2556//825 2555//825 
f 2574//825 2575//825 2576//825 
f 2577//825 2578//825 2575//825 
f 2579//825 2580//825 2578//825 
f 2472//825 2471//825 2580//825 
f 2510//825 2439//825 2438//825 
f 2514//825 2513//825 2515//825 
f 2520//825 2518//825 2517//825 
f 2523//825 2559//825 2524//825 
f 2414//825 2413//825 2581//825 
f 2413//825 2412//825 2582//825 
f 2412//825 2411//825 2583//825 
f 2584//825 2585//825 2524//825 
f 2525//825 2586//825 2526//825 
f 2567//825 2562//825 2565//825 
f 2382//825 2587//825 2588//825 
f 2568//825 2589//825 2569//825 
f 2589//825 2568//825 2493//825 
f 2528//825 2485//825 2404//825 
f 2530//825 2570//825 2401//825 
f 2450//825 2395//825 2394//825 
f 2535//825 2533//825 2382//825 
f 2492//825 2491//825 2538//825 
f 2460//825 2459//825 2541//825 
f 2571//825 2546//825 2545//825 
f 2500//825 2550//825 2498//825 
f 2551//825 2590//825 2591//825 
f 2590//825 2572//825 2592//825 
f 2554//825 2573//825 2553//825 
f 2556//825 2509//825 2508//825 
f 2575//825 2574//825 2577//825 
f 2580//825 2579//825 2472//825 
f 2480//825 2479//825 2511//825 
f 2560//825 2525//825 2524//825 
f 2582//825 2581//825 2413//825 
f 2583//825 2582//825 2412//825 
f 2449//825 2525//825 2583//825 
f 2561//825 2584//825 2525//825 
f 2382//825 2588//825 2566//825 
f 2493//825 2593//825 2589//825 
f 2570//825 2529//825 2402//825 
f 2532//825 2490//825 2384//825 
f 2425//825 2540//825 2423//825 
f 2549//825 2571//825 2547//825 
f 2592//825 2591//825 2590//825 
f 2505//825 2504//825 2503//825 
f 2594//825 2595//825 2596//825 
f 2597//825 2576//825 2595//825 
f 2578//825 2577//825 2579//825 
f 2482//825 2481//825 2483//825 
f 2415//825 2414//825 2598//825 
f 2411//825 2410//825 2583//825 
f 2449//825 2586//825 2525//825 
f 2524//825 2525//825 2584//825 
f 2569//825 2564//825 2563//825 
f 2486//825 2531//825 2399//825 
f 2497//825 2544//825 2495//825 
f 2573//825 2592//825 2572//825 
f 2595//825 2594//825 2597//825 
f 2434//825 2471//825 2432//825 
f 2581//825 2598//825 2414//825 
f 2585//825 2599//825 2524//825 
f 2449//825 2408//825 2407//825 
f 2591//825 2552//825 2551//825 
f 2600//825 2596//825 2601//825 
f 2576//825 2597//825 2574//825 
f 2583//825 2410//825 2449//825 
f 2493//825 2537//825 2491//825 
f 2596//825 2600//825 2594//825 
f 2564//825 2565//825 2562//825 
f 2598//825 2602//825 2415//825 
f 2601//825 2603//825 2600//825 
o mesh34
f 2449//826 1426//826 1421//826 
f 1421//826 2586//826 2449//826 
f 1421//826 1957//826 2586//826 
f 1957//826 1417//826 2586//826 
o mesh35
f 1346//827 2583//827 2525//827 
f 2525//827 1347//827 1346//827 
o mesh36
f 1666//828 1664//829 2601//829 
f 2596//828 2595//830 1392//831 
f 2595//830 1393//830 1392//831 
f 1394//832 1393//830 2595//830 
f 2575//833 1733//833 1735//834 
f 1735//834 2576//835 2575//833 
f 1734//836 1733//833 2575//833 
f 1731//837 1734//836 2578//836 
f 1732//838 1731//837 2580//837 
f 1728//839 1732//838 2471//838 
f 1736//840 1728//839 2434//839 
f 1738//841 1736//840 2474//840 
f 1743//842 1738//841 2475//841 
f 2437//842 2439//843 1399//844 
f 2439//843 1400//843 1399//844 
f 1401//845 1400//843 2439//843 
f 1397//846 1401//845 2510//845 
f 1398//847 1397//846 2478//846 
f 1395//848 1398//847 2480//847 
f 1396//849 1395//848 2512//848 
f 2514//849 2442//850 1402//851 
f 2442//850 1403//850 1402//851 
f 2442//850 2441//852 1411//853 
f 2441//852 1412//852 1411//853 
f 1410//854 1412//852 2441//852 
f 1408//855 1410//854 2444//854 
f 1409//856 1408//855 2482//855 
f 1405//857 1409//856 2447//856 
f 1406//858 1405//857 2446//857 
f 1407//859 1406//858 2518//858 
f 1413//860 1407//859 2520//859 
f 2353//861 1413//860 2522//860 
f 2522//860 2524//861 2353//861 
f 2520//859 2522//860 1413//860 
f 2518//858 2520//859 1407//859 
f 2446//857 2518//858 1406//858 
f 2447//856 2446//857 1405//857 
f 2482//855 2447//856 1409//856 
f 2444//854 2482//855 1408//855 
f 2441//852 2444//854 1410//854 
f 1411//853 1403//850 2442//850 
f 1402//851 1396//849 2514//849 
f 2512//848 2514//849 1396//849 
f 2480//847 2512//848 1395//848 
f 2478//846 2480//847 1398//847 
f 2510//845 2478//846 1397//846 
f 2439//843 2510//845 1401//845 
f 1399//844 1743//842 2437//842 
f 2475//841 2437//842 1743//842 
f 2474//840 2475//841 1738//841 
f 2434//839 2474//840 1736//840 
f 2471//838 2434//839 1728//839 
f 2580//837 2471//838 1732//838 
f 2578//836 2580//837 1731//837 
f 2575//833 2578//836 1734//836 
f 1735//834 1394//832 2576//835 
f 2595//830 2576//835 1394//832 
f 1392//831 1666//828 2596//828 
f 2601//829 2596//828 1666//828 
o mesh37
f 2560//862 1359//862 1348//863 
f 1348//863 2525//864 2560//862 
f 1359//862 2560//862 2559//865 
f 1355//865 2559//865 2523//866 
f 1356//866 2523//866 2521//867 
f 1358//867 2521//867 2519//868 
f 1352//868 2519//868 2517//869 
f 1353//869 2517//869 2516//870 
f 1361//870 2516//870 2445//871 
f 1362//871 2445//871 2483//872 
f 1366//872 2483//872 2481//873 
f 1360//873 2481//873 2443//874 
f 2440//875 1369//875 1367//876 
f 1367//876 2443//874 2440//875 
f 2515//877 1378//877 1377//878 
f 1377//878 2440//875 2515//877 
f 1378//877 2515//877 2513//879 
f 1380//879 2513//879 2511//880 
f 1376//880 2511//880 2479//881 
f 1375//881 2479//881 2477//882 
f 1374//882 2477//882 2476//883 
f 1372//883 2476//883 2438//884 
f 1371//884 2438//884 2436//885 
f 1370//885 2436//885 2435//886 
f 1373//886 2435//886 2473//887 
f 1379//887 2473//887 2433//888 
f 2433//888 2432//889 1382//890 
f 2432//889 1383//889 1382//890 
f 1383//889 2432//889 2472//891 
f 2579//892 1390//892 1391//893 
f 1391//893 2472//891 2579//892 
f 1390//892 2579//892 2577//894 
f 1387//894 2577//894 2574//895 
f 1388//895 2574//895 2597//896 
f 1389//896 2597//896 2594//897 
f 1386//897 2594//897 2600//898 
f 2600//898 2603//899 1669//900 
f 2603//899 1665//899 1669//900 
f 1669//900 1385//901 2600//898 
f 2600//898 1385//901 1386//897 
f 2594//897 1386//897 1389//896 
f 2597//896 1389//896 1388//895 
f 2574//895 1388//895 1387//894 
f 2577//894 1387//894 1390//892 
f 1391//893 1384//902 2472//891 
f 2472//891 1384//902 1383//889 
f 1382//890 1381//903 2433//888 
f 2433//888 1381//903 1379//887 
f 2473//887 1379//887 1373//886 
f 2435//886 1373//886 1370//885 
f 2436//885 1370//885 1371//884 
f 2438//884 1371//884 1372//883 
f 2476//883 1372//883 1374//882 
f 2477//882 1374//882 1375//881 
f 2479//881 1375//881 1376//880 
f 2511//880 1376//880 1380//879 
f 2513//879 1380//879 1378//877 
f 1377//878 1369//875 2440//875 
f 1367//876 1364//904 2443//874 
f 2443//874 1364//904 1360//873 
f 2481//873 1360//873 1366//872 
f 2483//872 1366//872 1362//871 
f 2445//871 1362//871 1361//870 
f 2516//870 1361//870 1353//869 
f 2517//869 1353//869 1352//868 
f 2519//868 1352//868 1358//867 
f 2521//867 1358//867 1356//866 
f 2523//866 1356//866 1355//865 
f 2559//865 1355//865 1359//862 
f 1348//863 1347//905 2525//864 
o mesh38
f 2601//906 1664//906 1665//906 
f 1665//906 2603//906 2601//906 
o mesh39
f 2599//907 1420//907 1404//907 
f 1404//907 2524//907 2599//907 
f 1404//907 2353//907 2524//907 
o mesh40
f 1414//908 1420//909 2599//909 
f 1415//910 1414//908 2585//911 
f 1418//912 1415//910 2584//913 
f 1419//914 1418//912 2561//915 
f 1416//916 1419//914 2527//917 
f 1417//918 1416//916 2526//919 
f 2526//919 2586//918 1417//918 
f 2527//917 2526//919 1416//916 
f 2561//915 2527//917 1419//914 
f 2584//913 2561//915 1418//912 
f 2585//911 2584//913 1415//910 
f 2599//909 2585//911 1414//908 
o mesh41
f 1427//920 1426//921 2449//921 
f 1424//922 1427//920 2448//923 
f 1425//924 1424//922 2484//925 
f 1422//926 1425//924 2485//927 
f 1423//928 1422//926 2528//929 
f 1430//930 1423//928 2529//931 
f 1428//932 1430//930 2570//933 
f 1429//934 1428//932 2530//935 
f 1431//936 1429//934 2531//937 
f 2487//938 1436//938 1432//939 
f 1432//939 2486//940 2487//938 
f 1433//941 1436//938 2487//938 
f 1434//942 1433//941 2488//941 
f 1435//943 1434//942 2450//942 
f 2416//944 1953//944 1955//945 
f 1955//945 2417//946 2416//944 
f 1954//947 1953//944 2416//944 
f 1946//948 1954//947 2418//947 
f 1952//949 1946//948 2419//948 
f 1950//950 1952//949 2421//949 
f 1951//951 1950//950 2422//950 
f 2420//951 2451//952 1931//953 
f 2451//952 1940//952 1931//953 
f 1923//954 1940//952 2451//952 
f 2489//954 2490//955 1606//956 
f 2490//955 1607//955 1606//956 
f 1590//957 1607//955 2490//955 
f 1591//958 1590//957 2532//957 
f 1589//959 1591//958 2533//958 
f 1579//960 1589//959 2535//959 
f 1580//961 1579//960 2534//960 
f 1581//962 1580//961 2565//961 
f 1597//963 1581//962 2564//962 
f 1598//964 1597//963 2569//963 
f 1587//965 1598//964 2589//964 
f 2589//964 2593//965 1587//965 
f 2569//963 2589//964 1598//964 
f 2564//962 2569//963 1597//963 
f 2565//961 2564//962 1581//962 
f 2534//960 2565//961 1580//961 
f 2535//959 2534//960 1579//960 
f 2533//958 2535//959 1589//959 
f 2532//957 2533//958 1591//958 
f 2490//955 2532//957 1590//957 
f 1606//956 1923//954 2489//954 
f 2451//952 2489//954 1923//954 
f 1931//953 1951//951 2420//951 
f 2422//950 2420//951 1951//951 
f 2421//949 2422//950 1950//950 
f 2419//948 2421//949 1952//949 
f 2418//947 2419//948 1946//948 
f 2416//944 2418//947 1954//947 
f 1955//945 1435//943 2417//946 
f 2450//942 2417//946 1435//943 
f 2488//941 2450//942 1434//942 
f 2487//938 2488//941 1433//941 
f 1432//939 1431//936 2486//940 
f 2531//937 2486//940 1431//936 
f 2530//935 2531//937 1429//934 
f 2570//933 2530//935 1428//932 
f 2529//931 2570//933 1430//930 
f 2528//929 2529//931 1423//928 
f 2485//927 2528//929 1422//926 
f 2484//925 2485//927 1425//924 
f 2448//923 2484//925 1424//922 
f 2449//921 2448//923 1427//920 
o mesh42
f 1354//966 1351//967 2602//967 
f 1357//968 1354//966 2598//969 
f 2582//970 1350//970 1349//971 
f 1349//971 2581//972 2582//970 
f 1346//973 1350//970 2582//970 
f 2582//970 2583//973 1346//973 
f 1349//971 1357//968 2581//972 
f 2598//969 2581//972 1357//968 
f 2602//967 2598//969 1354//966 
o mesh43
f 1604//974 1587//974 2593//974 
f 2593//974 2493//974 1604//974 
o mesh44
f 2602//975 1351//975 1363//975 
f 1363//975 2415//975 2602//975 
o mesh45
f 2557//976 1443//976 1444//976 
f 1444//976 2558//976 2557//976 
f 1444//976 1535//976 2558//976 
o mesh46
f 1443//977 2557//977 2555//978 
f 1445//978 2555//978 2508//979 
f 1446//979 2508//979 2506//980 
f 2506//980 2469//981 1450//982 
f 2469//981 1449//981 1450//982 
f 2469//981 2467//983 1448//984 
f 2467//983 1456//983 1448//984 
f 1456//983 2467//983 2466//985 
f 1454//985 2466//985 2503//986 
f 1455//986 2503//986 2464//987 
f 1453//987 2464//987 2462//988 
f 1451//988 2462//988 2461//989 
f 1452//989 2461//989 2553//990 
f 2572//991 1459//991 1458//992 
f 1458//992 2553//990 2572//991 
f 2590//993 1472//993 1460//994 
f 1460//994 2572//991 2590//993 
f 1472//993 2590//993 2551//995 
f 1471//995 2551//995 2501//996 
f 1470//996 2501//996 2499//997 
f 1466//997 2499//997 2498//998 
f 1465//998 2498//998 2548//999 
f 1464//999 2548//999 2547//1000 
f 1463//1000 2547//1000 2545//1001 
f 1469//1001 2545//1001 2496//1002 
f 1468//1002 2496//1002 2495//1003 
f 1467//1003 2495//1003 2543//1004 
f 2543//1004 2541//1005 1462//1006 
f 2541//1005 1492//1005 1462//1006 
f 1492//1005 2541//1005 2459//1007 
f 1488//1007 2459//1007 2456//1008 
f 1487//1008 2456//1008 2494//1009 
f 1486//1009 2494//1009 2454//1010 
f 1475//1010 2454//1010 2452//1011 
f 1476//1011 2452//1011 2430//1012 
f 1473//1012 2430//1012 2428//1013 
f 1474//1013 2428//1013 2426//1014 
f 1479//1014 2426//1014 2423//1015 
f 1480//1015 2423//1015 2540//1016 
f 1485//1016 2540//1016 2538//1017 
f 1482//1017 2538//1017 2491//1018 
f 1477//1018 2491//1018 2537//1019 
f 1478//1019 2537//1019 2536//1020 
f 1481//1020 2536//1020 2568//1021 
f 1483//1021 2568//1021 2563//1022 
f 1484//1022 2563//1022 2562//1023 
f 1491//1023 2562//1023 2567//1024 
f 1489//1024 2567//1024 2566//1025 
f 1490//1025 2566//1025 2588//1026 
f 1495//1026 2588//1026 2587//1027 
f 2587//1027 1497//1027 1495//1026 
f 2588//1026 1495//1026 1490//1025 
f 2566//1025 1490//1025 1489//1024 
f 2567//1024 1489//1024 1491//1023 
f 2562//1023 1491//1023 1484//1022 
f 2563//1022 1484//1022 1483//1021 
f 2568//1021 1483//1021 1481//1020 
f 2536//1020 1481//1020 1478//1019 
f 2537//1019 1478//1019 1477//1018 
f 2491//1018 1477//1018 1482//1017 
f 2538//1017 1482//1017 1485//1016 
f 2540//1016 1485//1016 1480//1015 
f 2423//1015 1480//1015 1479//1014 
f 2426//1014 1479//1014 1474//1013 
f 2428//1013 1474//1013 1473//1012 
f 2430//1012 1473//1012 1476//1011 
f 2452//1011 1476//1011 1475//1010 
f 2454//1010 1475//1010 1486//1009 
f 2494//1009 1486//1009 1487//1008 
f 2456//1008 1487//1008 1488//1007 
f 2459//1007 1488//1007 1492//1005 
f 1462//1006 1461//1028 2543//1004 
f 2543//1004 1461//1028 1467//1003 
f 2495//1003 1467//1003 1468//1002 
f 2496//1002 1468//1002 1469//1001 
f 2545//1001 1469//1001 1463//1000 
f 2547//1000 1463//1000 1464//999 
f 2548//999 1464//999 1465//998 
f 2498//998 1465//998 1466//997 
f 2499//997 1466//997 1470//996 
f 2501//996 1470//996 1471//995 
f 2551//995 1471//995 1472//993 
f 1460//994 1459//991 2572//991 
f 1458//992 1457//1029 2553//990 
f 2553//990 1457//1029 1452//989 
f 2461//989 1452//989 1451//988 
f 2462//988 1451//988 1453//987 
f 2464//987 1453//987 1455//986 
f 2503//986 1455//986 1454//985 
f 2466//985 1454//985 1456//983 
f 1448//984 1449//981 2469//981 
f 1450//982 1447//1030 2506//980 
f 2506//980 1447//1030 1446//979 
f 2508//979 1446//979 1445//978 
f 2555//978 1445//978 1443//977 
o mesh47
f 1498//1031 1497//1031 2587//1031 
f 2587//1031 2382//1031 1498//1031 
o mesh48
f 1605//1032 1604//1033 2493//1033 
f 1603//1034 1605//1032 2492//1035 
f 1588//1036 1603//1034 2539//1037 
f 1585//1038 1588//1036 2425//1039 
f 1586//1040 1585//1038 2424//1041 
f 1583//1042 1586//1040 2427//1043 
f 1584//1044 1583//1042 2429//1045 
f 1599//1046 1584//1044 2431//1047 
f 1592//1048 1599//1046 2453//1049 
f 1600//1050 1592//1048 2455//1051 
f 1608//1052 1600//1050 2458//1053 
f 1602//1054 1608//1052 2457//1055 
f 1594//1056 1602//1054 2460//1057 
f 2542//1056 2544//1058 1576//1059 
f 2544//1058 1577//1058 1576//1059 
f 1575//1060 1577//1058 2544//1058 
f 1572//1061 1575//1060 2497//1060 
f 1573//1062 1572//1061 2546//1061 
f 1570//1063 1573//1062 2571//1062 
f 1571//1064 1570//1063 2549//1063 
f 1569//1065 1571//1064 2550//1064 
f 1567//1066 1569//1065 2500//1065 
f 1568//1067 1567//1066 2502//1066 
f 2552//1067 2591//1068 1550//1069 
f 2591//1068 1561//1068 1550//1069 
f 1556//1070 1561//1068 2591//1068 
f 1557//1071 1556//1070 2592//1070 
f 1562//1072 1557//1071 2573//1071 
f 2554//1072 2463//1073 1441//1074 
f 2463//1073 1440//1073 1441//1074 
f 1437//1075 1440//1073 2463//1073 
f 1438//1076 1437//1075 2465//1075 
f 1439//1077 1438//1076 2504//1076 
f 1442//1078 1439//1077 2505//1077 
f 2470//1079 1534//1079 1532//1080 
f 1532//1080 2468//1081 2470//1079 
f 1533//1082 1534//1079 2470//1079 
f 1528//1083 1533//1082 2507//1082 
f 1529//1084 1528//1083 2509//1083 
f 1535//1085 1529//1084 2556//1084 
f 2556//1084 2558//1085 1535//1085 
f 2509//1083 2556//1084 1529//1084 
f 2507//1082 2509//1083 1528//1083 
f 2470//1079 2507//1082 1533//1082 
f 1532//1080 1442//1078 2468//1081 
f 2505//1077 2468//1081 1442//1078 
f 2504//1076 2505//1077 1439//1077 
f 2465//1075 2504//1076 1438//1076 
f 2463//1073 2465//1075 1437//1075 
f 1441//1074 1562//1072 2554//1072 
f 2573//1071 2554//1072 1562//1072 
f 2592//1070 2573//1071 1557//1071 
f 2591//1068 2592//1070 1556//1070 
f 1550//1069 1568//1067 2552//1067 
f 2502//1066 2552//1067 1568//1067 
f 2500//1065 2502//1066 1567//1066 
f 2550//1064 2500//1065 1569//1065 
f 2549//1063 2550//1064 1571//1064 
f 2571//1062 2549//1063 1570//1063 
f 2546//1061 2571//1062 1573//1062 
f 2497//1060 2546//1061 1572//1061 
f 2544//1058 2497//1060 1575//1060 
f 1576//1059 1594//1056 2542//1056 
f 2460//1057 2542//1056 1594//1056 
f 2457//1055 2460//1057 1602//1054 
f 2458//1053 2457//1055 1608//1052 
f 2455//1051 2458//1053 1600//1050 
f 2453//1049 2455//1051 1592//1048 
f 2431//1047 2453//1049 1599//1046 
f 2429//1045 2431//1047 1584//1044 
f 2427//1043 2429//1045 1583//1042 
f 2424//1041 2427//1043 1586//1040 
f 2425//1039 2424//1041 1585//1038 
f 2539//1037 2425//1039 1588//1036 
f 2492//1035 2539//1037 1603//1034 
f 2493//1033 2492//1035 1605//1032 
o mesh49
f 2604//1086 2605//1086 1887//1086 
f 1887//1086 1903//1086 2604//1086 
o mesh50
f 2606//1087 2607//1087 2608//1087 
f 2607//1087 2609//1087 2610//1087 
f 2610//1087 2608//1087 2607//1087 
f 2609//1087 2611//1087 2612//1087 
f 2613//1087 2614//1087 2615//1087 
f 2616//1087 2617//1087 2614//1087 
f 2618//1087 2619//1087 2620//1087 
f 2621//1087 2622//1087 2619//1087 
f 2623//1087 2624//1087 2625//1087 
f 2612//1087 2610//1087 2609//1087 
f 2611//1087 2626//1087 2627//1087 
f 2628//1087 2629//1087 2630//1087 
f 2631//1087 2632//1087 2629//1087 
f 2633//1087 2634//1087 2632//1087 
f 2635//1087 2615//1087 2634//1087 
f 2614//1087 2613//1087 2616//1087 
f 2636//1087 2620//1087 2617//1087 
f 2619//1087 2618//1087 2621//1087 
f 2637//1087 2638//1087 2622//1087 
f 2639//1087 2640//1087 2641//1087 
f 2640//1087 2642//1087 2643//1087 
f 2644//1087 2645//1087 2646//1087 
f 2647//1087 2648//1087 2645//1087 
f 2649//1087 2650//1087 2623//1087 
f 2627//1087 2612//1087 2611//1087 
f 2626//1087 2651//1087 2652//1087 
f 2651//1087 2653//1087 2654//1087 
f 2653//1087 2655//1087 2656//1087 
f 2629//1087 2628//1087 2631//1087 
f 2634//1087 2633//1087 2635//1087 
f 2617//1087 2616//1087 2636//1087 
f 2622//1087 2621//1087 2637//1087 
f 2657//1087 2658//1087 2638//1087 
f 2659//1087 2660//1087 2658//1087 
f 2661//1087 2662//1087 2663//1087 
f 2662//1087 2664//1087 2665//1087 
f 2643//1087 2641//1087 2640//1087 
f 2642//1087 2666//1087 2667//1087 
f 2666//1087 2668//1087 2669//1087 
f 2668//1087 2670//1087 2671//1087 
f 2645//1087 2644//1087 2647//1087 
f 2672//1087 2673//1087 2648//1087 
f 2625//1087 2649//1087 2623//1087 
f 2674//1087 2675//1087 2676//1087 
f 2675//1087 2606//1087 2677//1087 
f 2652//1087 2627//1087 2626//1087 
f 2656//1087 2654//1087 2653//1087 
f 2632//1087 2631//1087 2633//1087 
f 2620//1087 2636//1087 2618//1087 
f 2658//1087 2657//1087 2659//1087 
f 2678//1087 2679//1087 2660//1087 
f 2665//1087 2663//1087 2662//1087 
f 2664//1087 2680//1087 2681//1087 
f 2667//1087 2643//1087 2642//1087 
f 2671//1087 2669//1087 2668//1087 
f 2670//1087 2682//1087 2683//1087 
f 2684//1087 2685//1087 2686//1087 
f 2685//1087 2687//1087 2688//1087 
f 2689//1087 2690//1087 2691//1087 
f 2690//1087 2692//1087 2693//1087 
f 2692//1087 2694//1087 2695//1087 
f 2694//1087 2696//1087 2697//1087 
f 2698//1087 2699//1087 2700//1087 
f 2701//1087 2702//1087 2699//1087 
f 2703//1087 2704//1087 2702//1087 
f 2705//1087 2706//1087 2704//1087 
f 2707//1087 2708//1087 2706//1087 
f 2709//1087 2710//1087 2708//1087 
f 2711//1087 2712//1087 2710//1087 
f 2713//1087 2714//1087 2712//1087 
f 2715//1087 2604//1087 2716//1087 
f 2717//1087 2718//1087 2719//1087 
f 2720//1087 2721//1087 2718//1087 
f 2722//1087 2646//1087 2721//1087 
f 2648//1087 2647//1087 2672//1087 
f 2723//1087 2724//1087 2673//1087 
f 2725//1087 2726//1087 2724//1087 
f 2727//1087 2728//1087 2726//1087 
f 2729//1087 2730//1087 2728//1087 
f 2650//1087 2649//1087 2730//1087 
f 2624//1087 2731//1087 2625//1087 
f 2677//1087 2676//1087 2675//1087 
f 2654//1087 2652//1087 2651//1087 
f 2655//1087 2732//1087 2733//1087 
f 2732//1087 2734//1087 2735//1087 
f 2615//1087 2635//1087 2613//1087 
f 2660//1087 2659//1087 2678//1087 
f 2736//1087 2737//1087 2679//1087 
f 2738//1087 2739//1087 2737//1087 
f 2740//1087 2741//1087 2742//1087 
f 2743//1087 2744//1087 2745//1087 
f 2744//1087 2661//1087 2746//1087 
f 2681//1087 2665//1087 2664//1087 
f 2680//1087 2747//1087 2748//1087 
f 2747//1087 2639//1087 2749//1087 
f 2669//1087 2667//1087 2666//1087 
f 2682//1087 2750//1087 2683//1087 
f 2682//1087 2751//1087 2752//1087 
f 2753//1087 2754//1087 2755//1087 
f 2754//1087 2756//1087 2757//1087 
f 2756//1087 2758//1087 2759//1087 
f 2758//1087 2684//1087 2760//1087 
f 2688//1087 2686//1087 2685//1087 
f 2687//1087 2761//1087 2762//1087 
f 2761//1087 2689//1087 2763//1087 
f 2693//1087 2691//1087 2690//1087 
f 2697//1087 2695//1087 2694//1087 
f 2696//1087 2764//1087 2765//1087 
f 2764//1087 2766//1087 2767//1087 
f 2766//1087 2768//1087 2769//1087 
f 2699//1087 2698//1087 2701//1087 
f 2704//1087 2703//1087 2705//1087 
f 2708//1087 2707//1087 2709//1087 
f 2712//1087 2711//1087 2713//1087 
f 2770//1087 2771//1087 2772//1087 
f 2773//1087 2774//1087 2771//1087 
f 2775//1087 2776//1087 2774//1087 
f 2777//1087 2778//1087 2776//1087 
f 2779//1087 2780//1087 2781//1087 
f 2782//1087 2783//1087 2780//1087 
f 2784//1087 2785//1087 2786//1087 
f 2787//1087 2788//1087 2785//1087 
f 2789//1087 2790//1087 2791//1087 
f 2792//1087 2716//1087 2790//1087 
f 2604//1087 2793//1087 2794//1087 
f 2716//1087 2792//1087 2715//1087 
f 2718//1087 2717//1087 2720//1087 
f 2646//1087 2722//1087 2644//1087 
f 2724//1087 2723//1087 2725//1087 
f 2728//1087 2727//1087 2729//1087 
f 2731//1087 2795//1087 2625//1087 
f 2796//1087 2797//1087 2798//1087 
f 2797//1087 2674//1087 2799//1087 
f 2608//1087 2677//1087 2606//1087 
f 2735//1087 2733//1087 2732//1087 
f 2734//1087 2800//1087 2801//1087 
f 2800//1087 2802//1087 2803//1087 
f 2638//1087 2637//1087 2657//1087 
f 2737//1087 2736//1087 2738//1087 
f 2804//1087 2805//1087 2739//1087 
f 2805//1087 2804//1087 2740//1087 
f 2806//1087 2807//1087 2808//1087 
f 2807//1087 2743//1087 2809//1087 
f 2746//1087 2745//1087 2744//1087 
f 2748//1087 2681//1087 2680//1087 
f 2641//1087 2749//1087 2639//1087 
f 2752//1087 2750//1087 2682//1087 
f 2810//1087 2811//1087 2812//1087 
f 2757//1087 2755//1087 2754//1087 
f 2760//1087 2759//1087 2758//1087 
f 2762//1087 2688//1087 2687//1087 
f 2691//1087 2763//1087 2689//1087 
f 2765//1087 2697//1087 2696//1087 
f 2769//1087 2767//1087 2766//1087 
f 2813//1087 2814//1087 2815//1087 
f 2814//1087 2816//1087 2817//1087 
f 2702//1087 2701//1087 2703//1087 
f 2710//1087 2709//1087 2711//1087 
f 2818//1087 2819//1087 2714//1087 
f 2820//1087 2772//1087 2819//1087 
f 2771//1087 2770//1087 2773//1087 
f 2776//1087 2775//1087 2777//1087 
f 2821//1087 2781//1087 2778//1087 
f 2780//1087 2779//1087 2782//1087 
f 2785//1087 2784//1087 2787//1087 
f 2822//1087 2823//1087 2788//1087 
f 2790//1087 2789//1087 2792//1087 
f 2715//1087 2793//1087 2604//1087 
f 2824//1087 2825//1087 2826//1087 
f 2719//1087 2824//1087 2717//1087 
f 2673//1087 2672//1087 2723//1087 
f 2730//1087 2729//1087 2650//1087 
f 2827//1087 2828//1087 2829//1087 
f 2799//1087 2798//1087 2797//1087 
f 2733//1087 2656//1087 2655//1087 
f 2803//1087 2801//1087 2800//1087 
f 2802//1087 2830//1087 2831//1087 
f 2679//1087 2678//1087 2736//1087 
f 2742//1087 2805//1087 2740//1087 
f 2741//1087 2806//1087 2832//1087 
f 2809//1087 2808//1087 2807//1087 
f 2663//1087 2746//1087 2661//1087 
f 2683//1087 2671//1087 2670//1087 
f 2682//1087 2833//1087 2834//1087 
f 2835//1087 2836//1087 2810//1087 
f 2835//1087 2837//1087 2838//1087 
f 2811//1087 2753//1087 2839//1087 
f 2759//1087 2757//1087 2756//1087 
f 2763//1087 2762//1087 2761//1087 
f 2767//1087 2765//1087 2764//1087 
f 2768//1087 2813//1087 2840//1087 
f 2817//1087 2815//1087 2814//1087 
f 2816//1087 2841//1087 2842//1087 
f 2841//1087 2843//1087 2844//1087 
f 2843//1087 2845//1087 2846//1087 
f 2845//1087 2847//1087 2848//1087 
f 2847//1087 2849//1087 2850//1087 
f 2849//1087 2851//1087 2852//1087 
f 2851//1087 2853//1087 2854//1087 
f 2853//1087 2855//1087 2856//1087 
f 2706//1087 2705//1087 2707//1087 
f 2819//1087 2818//1087 2820//1087 
f 2774//1087 2773//1087 2775//1087 
f 2781//1087 2821//1087 2779//1087 
f 2857//1087 2786//1087 2783//1087 
f 2788//1087 2787//1087 2822//1087 
f 2858//1087 2791//1087 2823//1087 
f 2794//1087 2859//1087 2604//1087 
f 2719//1087 2825//1087 2824//1087 
f 2726//1087 2725//1087 2727//1087 
f 2604//1087 2860//1087 2824//1087 
f 2860//1087 2859//1087 2827//1087 
f 2828//1087 2796//1087 2861//1087 
f 2676//1087 2799//1087 2674//1087 
f 2831//1087 2803//1087 2802//1087 
f 2625//1087 2795//1087 2837//1087 
f 2739//1087 2738//1087 2804//1087 
f 2808//1087 2832//1087 2806//1087 
f 2749//1087 2748//1087 2747//1087 
f 2834//1087 2862//1087 2682//1087 
f 2838//1087 2836//1087 2835//1087 
f 2755//1087 2839//1087 2753//1087 
f 2695//1087 2693//1087 2692//1087 
f 2815//1087 2840//1087 2813//1087 
f 2844//1087 2842//1087 2841//1087 
f 2848//1087 2846//1087 2845//1087 
f 2852//1087 2850//1087 2849//1087 
f 2856//1087 2854//1087 2853//1087 
f 2714//1087 2713//1087 2818//1087 
f 2778//1087 2777//1087 2821//1087 
f 2786//1087 2857//1087 2784//1087 
f 2791//1087 2858//1087 2789//1087 
f 2721//1087 2720//1087 2722//1087 
f 2604//1087 2859//1087 2860//1087 
f 2861//1087 2829//1087 2828//1087 
f 2801//1087 2735//1087 2734//1087 
f 2835//1087 2682//1087 2625//1087 
f 2832//1087 2742//1087 2741//1087 
f 2862//1087 2751//1087 2682//1087 
f 2839//1087 2812//1087 2811//1087 
f 2840//1087 2769//1087 2768//1087 
f 2846//1087 2844//1087 2843//1087 
f 2854//1087 2852//1087 2851//1087 
f 2772//1087 2820//1087 2770//1087 
f 2823//1087 2822//1087 2858//1087 
f 2824//1087 2605//1087 2604//1087 
f 2798//1087 2861//1087 2796//1087 
f 2835//1087 2833//1087 2682//1087 
f 2745//1087 2809//1087 2743//1087 
f 2686//1087 2760//1087 2684//1087 
f 2850//1087 2848//1087 2847//1087 
f 2783//1087 2782//1087 2857//1087 
f 2829//1087 2860//1087 2827//1087 
f 2630//1087 2863//1087 2628//1087 
f 2842//1087 2817//1087 2816//1087 
f 2826//1087 2605//1087 2824//1087 
f 2812//1087 2835//1087 2810//1087 
f 2837//1087 2835//1087 2625//1087 
f 2700//1087 2864//1087 2698//1087 
o mesh51
f 1722//1088 2824//1088 2860//1088 
f 2860//1088 1719//1088 1722//1088 
o mesh52
f 2625//1089 1622//1089 1637//1089 
f 2682//1089 2234//1089 1622//1089 
f 1622//1089 2625//1089 2682//1089 
f 1637//1089 2351//1089 2625//1089 
o mesh53
f 2835//1090 1639//1090 1864//1090 
f 1864//1090 2833//1090 2835//1090 
f 1864//1090 1638//1090 2833//1090 
f 2835//1090 1644//1090 1639//1090 
f 1638//1090 2133//1090 2833//1090 
o mesh54
f 2176//1091 2148//1092 2630//1092 
f 2177//1093 2176//1091 2629//1094 
f 2196//1095 2177//1093 2632//1096 
f 2615//1097 2047//1097 2042//1098 
f 2042//1098 2634//1099 2615//1097 
f 2046//1100 2047//1097 2615//1097 
f 2038//1101 2046//1100 2614//1100 
f 2039//1102 2038//1101 2617//1101 
f 2045//1103 2039//1102 2620//1102 
f 2036//1104 2045//1103 2619//1103 
f 2037//1105 2036//1104 2622//1104 
f 2051//1106 2037//1105 2638//1105 
f 2043//1107 2051//1106 2658//1106 
f 2044//1108 2043//1107 2660//1107 
f 2053//1109 2044//1108 2679//1108 
f 2115//1110 2053//1109 2737//1109 
f 2082//1111 2115//1110 2739//1110 
f 2083//1112 2082//1111 2805//1111 
f 2098//1113 2083//1112 2742//1112 
f 2096//1114 2098//1113 2832//1113 
f 2097//1115 2096//1114 2808//1114 
f 2138//1116 2097//1115 2809//1115 
f 2113//1117 2138//1116 2745//1116 
f 2114//1118 2113//1117 2746//1117 
f 2119//1119 2114//1118 2663//1118 
f 2088//1120 2119//1119 2665//1119 
f 2089//1121 2088//1120 2681//1120 
f 2106//1122 2089//1121 2748//1121 
f 2118//1123 2106//1122 2749//1122 
f 2104//1124 2118//1123 2641//1123 
f 2105//1125 2104//1124 2643//1124 
f 2102//1126 2105//1125 2667//1125 
f 2103//1127 2102//1126 2669//1126 
f 2100//1128 2103//1127 2671//1127 
f 2101//1129 2100//1128 2683//1128 
f 2116//1130 2101//1129 2750//1129 
f 2117//1131 2116//1130 2752//1130 
f 2134//1132 2117//1131 2751//1131 
f 2132//1133 2134//1132 2862//1132 
f 2133//1134 2132//1133 2834//1133 
f 2834//1133 2833//1134 2133//1134 
f 2862//1132 2834//1133 2132//1133 
f 2751//1131 2862//1132 2134//1132 
f 2752//1130 2751//1131 2117//1131 
f 2750//1129 2752//1130 2116//1130 
f 2683//1128 2750//1129 2101//1129 
f 2671//1127 2683//1128 2100//1128 
f 2669//1126 2671//1127 2103//1127 
f 2667//1125 2669//1126 2102//1126 
f 2643//1124 2667//1125 2105//1125 
f 2641//1123 2643//1124 2104//1124 
f 2749//1122 2641//1123 2118//1123 
f 2748//1121 2749//1122 2106//1122 
f 2681//1120 2748//1121 2089//1121 
f 2665//1119 2681//1120 2088//1120 
f 2663//1118 2665//1119 2119//1119 
f 2746//1117 2663//1118 2114//1118 
f 2745//1116 2746//1117 2113//1117 
f 2809//1115 2745//1116 2138//1116 
f 2808//1114 2809//1115 2097//1115 
f 2832//1113 2808//1114 2096//1114 
f 2742//1112 2832//1113 2098//1113 
f 2805//1111 2742//1112 2083//1112 
f 2739//1110 2805//1111 2082//1111 
f 2737//1109 2739//1110 2115//1110 
f 2679//1108 2737//1109 2053//1109 
f 2660//1107 2679//1108 2044//1108 
f 2658//1106 2660//1107 2043//1107 
f 2638//1105 2658//1106 2051//1106 
f 2622//1104 2638//1105 2037//1105 
f 2619//1103 2622//1104 2036//1104 
f 2620//1102 2619//1103 2045//1103 
f 2617//1101 2620//1102 2039//1102 
f 2614//1100 2617//1101 2038//1101 
f 2615//1097 2614//1100 2046//1100 
f 2042//1098 2196//1095 2634//1099 
f 2632//1096 2634//1099 2196//1095 
f 2629//1094 2632//1096 2177//1093 
f 2630//1092 2629//1094 2176//1091 
o mesh55
f 2148//1135 2147//1135 2863//1135 
f 2863//1135 2630//1135 2148//1135 
o mesh56
f 2234//1136 2682//1136 2670//1137 
f 2217//1137 2670//1137 2668//1138 
f 2218//1138 2668//1138 2666//1139 
f 2226//1139 2666//1139 2642//1140 
f 2215//1140 2642//1140 2640//1141 
f 2216//1141 2640//1141 2639//1142 
f 2204//1142 2639//1142 2747//1143 
f 2205//1143 2747//1143 2680//1144 
f 2203//1144 2680//1144 2664//1145 
f 2201//1145 2664//1145 2662//1146 
f 2202//1146 2662//1146 2661//1147 
f 2214//1147 2661//1147 2744//1148 
f 2212//1148 2744//1148 2743//1149 
f 2210//1149 2743//1149 2807//1150 
f 2207//1150 2807//1150 2806//1151 
f 2208//1151 2806//1151 2741//1152 
f 2223//1152 2741//1152 2740//1153 
f 2224//1153 2740//1153 2804//1154 
f 2221//1154 2804//1154 2738//1155 
f 2222//1155 2738//1155 2736//1156 
f 2219//1156 2736//1156 2678//1157 
f 2220//1157 2678//1157 2659//1158 
f 2659//1158 2657//1159 2142//1160 
f 2657//1159 2159//1159 2142//1160 
f 2159//1159 2657//1159 2637//1161 
f 2175//1161 2637//1161 2621//1162 
f 2172//1162 2621//1162 2618//1163 
f 2173//1163 2618//1163 2636//1164 
f 2170//1164 2636//1164 2616//1165 
f 2155//1165 2616//1165 2613//1166 
f 2152//1166 2613//1166 2635//1167 
f 2153//1167 2635//1167 2633//1168 
f 2165//1168 2633//1168 2631//1169 
f 2194//1169 2631//1169 2628//1170 
f 2183//1170 2628//1170 2863//1171 
f 2863//1171 2147//1171 2183//1170 
f 2628//1170 2183//1170 2194//1169 
f 2631//1169 2194//1169 2165//1168 
f 2633//1168 2165//1168 2153//1167 
f 2635//1167 2153//1167 2152//1166 
f 2613//1166 2152//1166 2155//1165 
f 2616//1165 2155//1165 2170//1164 
f 2636//1164 2170//1164 2173//1163 
f 2618//1163 2173//1163 2172//1162 
f 2621//1162 2172//1162 2175//1161 
f 2637//1161 2175//1161 2159//1159 
f 2142//1160 2233//1172 2659//1158 
f 2659//1158 2233//1172 2220//1157 
f 2678//1157 2220//1157 2219//1156 
f 2736//1156 2219//1156 2222//1155 
f 2738//1155 2222//1155 2221//1154 
f 2804//1154 2221//1154 2224//1153 
f 2740//1153 2224//1153 2223//1152 
f 2741//1152 2223//1152 2208//1151 
f 2806//1151 2208//1151 2207//1150 
f 2807//1150 2207//1150 2210//1149 
f 2743//1149 2210//1149 2212//1148 
f 2744//1148 2212//1148 2214//1147 
f 2661//1147 2214//1147 2202//1146 
f 2662//1146 2202//1146 2201//1145 
f 2664//1145 2201//1145 2203//1144 
f 2680//1144 2203//1144 2205//1143 
f 2747//1143 2205//1143 2204//1142 
f 2639//1142 2204//1142 2216//1141 
f 2640//1141 2216//1141 2215//1140 
f 2642//1140 2215//1140 2226//1139 
f 2666//1139 2226//1139 2218//1138 
f 2668//1138 2218//1138 2217//1137 
f 2670//1137 2217//1137 2234//1136 
o mesh57
f 1894//1173 1887//1174 2605//1174 
f 1895//1175 1894//1173 2826//1176 
f 2825//1175 2719//1177 1633//1178 
f 2719//1177 1634//1177 1633//1178 
f 1630//1179 1634//1177 2719//1177 
f 1631//1180 1630//1179 2718//1179 
f 1632//1181 1631//1180 2721//1180 
f 1629//1182 1632//1181 2646//1181 
f 1627//1183 1629//1182 2645//1182 
f 1628//1184 1627//1183 2648//1183 
f 1625//1185 1628//1184 2673//1184 
f 1626//1186 1625//1185 2724//1185 
f 1623//1187 1626//1186 2726//1186 
f 1624//1188 1623//1187 2728//1187 
f 1635//1189 1624//1188 2730//1188 
f 2625//1190 2351//1190 1636//1191 
f 1636//1191 2649//1192 2625//1190 
f 1636//1191 1635//1189 2649//1192 
f 2730//1188 2649//1192 1635//1189 
f 2728//1187 2730//1188 1624//1188 
f 2726//1186 2728//1187 1623//1187 
f 2724//1185 2726//1186 1626//1186 
f 2673//1184 2724//1185 1625//1185 
f 2648//1183 2673//1184 1628//1184 
f 2645//1182 2648//1183 1627//1183 
f 2646//1181 2645//1182 1629//1182 
f 2721//1180 2646//1181 1632//1181 
f 2718//1179 2721//1180 1631//1180 
f 2719//1177 2718//1179 1630//1179 
f 1633//1178 1895//1175 2825//1175 
f 2826//1176 2825//1175 1895//1175 
f 2605//1174 2826//1176 1894//1173 
o mesh58
f 2855//1193 2279//1193 1667//1193 
f 1667//1193 2856//1193 2855//1193 
f 1667//1193 1663//1193 2856//1193 
o mesh59
f 1640//1194 1644//1195 2835//1195 
f 1641//1196 1640//1194 2812//1197 
f 1642//1198 1641//1196 2839//1199 
f 1643//1200 1642//1198 2755//1201 
f 2759//1202 1786//1202 1827//1203 
f 1827//1203 2757//1204 2759//1202 
f 1787//1205 1786//1202 2759//1202 
f 1775//1206 1787//1205 2760//1205 
f 1776//1207 1775//1206 2686//1206 
f 1774//1208 1776//1207 2688//1207 
f 2763//1209 1653//1209 1645//1210 
f 1645//1210 2762//1211 2763//1209 
f 1658//1212 1653//1209 2763//1209 
f 1662//1213 1658//1212 2691//1212 
f 1652//1214 1662//1213 2693//1213 
f 1650//1215 1652//1214 2695//1214 
f 1651//1216 1650//1215 2697//1215 
f 1656//1217 1651//1216 2765//1216 
f 1657//1218 1656//1217 2767//1217 
f 1661//1219 1657//1218 2769//1218 
f 1654//1220 1661//1219 2840//1219 
f 1655//1221 1654//1220 2815//1220 
f 1648//1222 1655//1221 2817//1221 
f 1649//1223 1648//1222 2842//1222 
f 1646//1224 1649//1223 2844//1223 
f 1647//1225 1646//1224 2846//1224 
f 1659//1226 1647//1225 2848//1225 
f 1660//1227 1659//1226 2850//1226 
f 1668//1228 1660//1227 2852//1227 
f 1663//1229 1668//1228 2854//1228 
f 2854//1228 2856//1229 1663//1229 
f 2852//1227 2854//1228 1668//1228 
f 2850//1226 2852//1227 1660//1227 
f 2848//1225 2850//1226 1659//1226 
f 2846//1224 2848//1225 1647//1225 
f 2844//1223 2846//1224 1646//1224 
f 2842//1222 2844//1223 1649//1223 
f 2817//1221 2842//1222 1648//1222 
f 2815//1220 2817//1221 1655//1221 
f 2840//1219 2815//1220 1654//1220 
f 2769//1218 2840//1219 1661//1219 
f 2767//1217 2769//1218 1657//1218 
f 2765//1216 2767//1217 1656//1217 
f 2697//1215 2765//1216 1651//1216 
f 2695//1214 2697//1215 1650//1215 
f 2693//1213 2695//1214 1652//1214 
f 2691//1212 2693//1213 1662//1213 
f 2763//1209 2691//1212 1658//1212 
f 1645//1210 1774//1208 2762//1211 
f 2688//1207 2762//1211 1774//1208 
f 2686//1206 2688//1207 1776//1207 
f 2760//1205 2686//1206 1775//1206 
f 2759//1202 2760//1205 1787//1205 
f 1827//1203 1643//1200 2757//1204 
f 2755//1201 2757//1204 1643//1200 
f 2839//1199 2755//1201 1642//1198 
f 2812//1197 2839//1199 1641//1196 
f 2835//1195 2812//1197 1640//1194 
o mesh60
f 2279//1230 2855//1230 2853//1231 
f 2276//1231 2853//1231 2851//1232 
f 2271//1232 2851//1232 2849//1233 
f 2261//1233 2849//1233 2847//1234 
f 2266//1234 2847//1234 2845//1235 
f 2278//1235 2845//1235 2843//1236 
f 2274//1236 2843//1236 2841//1237 
f 2275//1237 2841//1237 2816//1238 
f 2277//1238 2816//1238 2814//1239 
f 2273//1239 2814//1239 2813//1240 
f 2270//1240 2813//1240 2768//1241 
f 2768//1241 2766//1242 1679//1243 
f 2766//1242 1680//1242 1679//1243 
f 1680//1242 2766//1242 2764//1244 
f 1676//1244 2764//1244 2696//1245 
f 1677//1245 2696//1245 2694//1246 
f 1674//1246 2694//1246 2692//1247 
f 1675//1247 2692//1247 2690//1248 
f 1678//1248 2690//1248 2689//1249 
f 1670//1249 2689//1249 2761//1250 
f 1671//1250 2761//1250 2687//1251 
f 1672//1251 2687//1251 2685//1252 
f 2684//1253 2340//1253 2342//1254 
f 2342//1254 2685//1252 2684//1253 
f 2758//1255 1700//1255 1701//1256 
f 1701//1256 2684//1253 2758//1255 
f 1700//1255 2758//1255 2756//1257 
f 1697//1257 2756//1257 2754//1258 
f 1694//1258 2754//1258 2753//1259 
f 1699//1259 2753//1259 2811//1260 
f 1696//1260 2811//1260 2810//1261 
f 1692//1261 2810//1261 2836//1262 
f 1693//1262 2836//1262 2838//1263 
f 1698//1263 2838//1263 2837//1264 
f 1695//1264 2837//1264 2795//1265 
f 1690//1265 2795//1265 2731//1266 
f 1688//1266 2731//1266 2624//1267 
f 2624//1267 2623//1268 1684//1269 
f 2623//1268 1705//1268 1684//1269 
f 2623//1268 2650//1270 1702//1271 
f 2650//1270 1714//1270 1702//1271 
f 1714//1270 2650//1270 2729//1272 
f 1708//1272 2729//1272 2727//1273 
f 1713//1273 2727//1273 2725//1274 
f 1718//1274 2725//1274 2723//1275 
f 1706//1275 2723//1275 2672//1276 
f 1707//1276 2672//1276 2647//1277 
f 1716//1277 2647//1277 2644//1278 
f 1717//1278 2644//1278 2722//1279 
f 1715//1279 2722//1279 2720//1280 
f 1709//1280 2720//1280 2717//1281 
f 2717//1281 2824//1282 1721//1283 
f 2824//1282 1722//1282 1721//1283 
f 1721//1283 1710//1284 2717//1281 
f 2717//1281 1710//1284 1709//1280 
f 2720//1280 1709//1280 1715//1279 
f 2722//1279 1715//1279 1717//1278 
f 2644//1278 1717//1278 1716//1277 
f 2647//1277 1716//1277 1707//1276 
f 2672//1276 1707//1276 1706//1275 
f 2723//1275 1706//1275 1718//1274 
f 2725//1274 1718//1274 1713//1273 
f 2727//1273 1713//1273 1708//1272 
f 2729//1272 1708//1272 1714//1270 
f 1702//1271 1705//1268 2623//1268 
f 1684//1269 1683//1285 2624//1267 
f 2624//1267 1683//1285 1688//1266 
f 2731//1266 1688//1266 1690//1265 
f 2795//1265 1690//1265 1695//1264 
f 2837//1264 1695//1264 1698//1263 
f 2838//1263 1698//1263 1693//1262 
f 2836//1262 1693//1262 1692//1261 
f 2810//1261 1692//1261 1696//1260 
f 2811//1260 1696//1260 1699//1259 
f 2753//1259 1699//1259 1694//1258 
f 2754//1258 1694//1258 1697//1257 
f 2756//1257 1697//1257 1700//1255 
f 1701//1256 2340//1253 2684//1253 
f 2342//1254 1673//1286 2685//1252 
f 2685//1252 1673//1286 1672//1251 
f 2687//1251 1672//1251 1671//1250 
f 2761//1250 1671//1250 1670//1249 
f 2689//1249 1670//1249 1678//1248 
f 2690//1248 1678//1248 1675//1247 
f 2692//1247 1675//1247 1674//1246 
f 2694//1246 1674//1246 1677//1245 
f 2696//1245 1677//1245 1676//1244 
f 2764//1244 1676//1244 1680//1242 
f 1679//1243 2264//1287 2768//1241 
f 2768//1241 2264//1287 2270//1240 
f 2813//1240 2270//1240 2273//1239 
f 2814//1239 2273//1239 2277//1238 
f 2816//1238 2277//1238 2275//1237 
f 2841//1237 2275//1237 2274//1236 
f 2843//1236 2274//1236 2278//1235 
f 2845//1235 2278//1235 2266//1234 
f 2847//1234 2266//1234 2261//1233 
f 2849//1233 2261//1233 2271//1232 
f 2851//1232 2271//1232 2276//1231 
f 2853//1231 2276//1231 2279//1230 
o mesh61
f 1611//1288 1578//1289 2700//1289 
f 1612//1290 1611//1288 2699//1291 
f 2704//1292 1938//1292 1914//1293 
f 1914//1293 2702//1294 2704//1292 
f 1928//1295 1938//1292 2704//1292 
f 1920//1296 1928//1295 2706//1295 
f 1916//1297 1920//1296 2708//1296 
f 1910//1298 1916//1297 2710//1297 
f 1922//1299 1910//1298 2712//1298 
f 2714//1299 2819//1300 1614//1301 
f 2819//1300 1615//1300 1614//1301 
f 1620//1302 1615//1300 2819//1300 
f 1618//1303 1620//1302 2772//1302 
f 1619//1304 1618//1303 2771//1303 
f 1616//1305 1619//1304 2774//1304 
f 1617//1306 1616//1305 2776//1305 
f 1621//1307 1617//1306 2778//1306 
f 2780//1308 1896//1308 1898//1309 
f 1898//1309 2781//1310 2780//1308 
f 1897//1311 1896//1308 2780//1308 
f 1900//1312 1897//1311 2783//1311 
f 1891//1313 1900//1312 2786//1312 
f 1888//1314 1891//1313 2785//1313 
f 1889//1315 1888//1314 2788//1314 
f 1892//1316 1889//1315 2823//1315 
f 1899//1317 1892//1316 2791//1316 
f 1902//1318 1899//1317 2790//1317 
f 1903//1319 1902//1318 2716//1318 
f 2716//1318 2604//1319 1903//1319 
f 2790//1317 2716//1318 1902//1318 
f 2791//1316 2790//1317 1899//1317 
f 2823//1315 2791//1316 1892//1316 
f 2788//1314 2823//1315 1889//1315 
f 2785//1313 2788//1314 1888//1314 
f 2786//1312 2785//1313 1891//1313 
f 2783//1311 2786//1312 1900//1312 
f 2780//1308 2783//1311 1897//1311 
f 1898//1309 1621//1307 2781//1310 
f 2778//1306 2781//1310 1621//1307 
f 2776//1305 2778//1306 1617//1306 
f 2774//1304 2776//1305 1616//1305 
f 2771//1303 2774//1304 1619//1304 
f 2772//1302 2771//1303 1618//1303 
f 2819//1300 2772//1302 1620//1302 
f 1614//1301 1922//1299 2714//1299 
f 2712//1298 2714//1299 1922//1299 
f 2710//1297 2712//1298 1910//1298 
f 2708//1296 2710//1297 1916//1297 
f 2706//1295 2708//1296 1920//1296 
f 2704//1292 2706//1295 1928//1295 
f 1914//1293 1612//1290 2702//1294 
f 2699//1291 2702//1294 1612//1290 
f 2700//1289 2699//1291 1611//1288 
o mesh62
f 2831//1320 2830//1320 1515//1320 
f 2830//1320 1513//1320 1515//1320 
f 1515//1320 1691//1320 2831//1320 
o mesh63
f 1720//1321 1719//1322 2860//1322 
f 2829//1321 2861//1323 1711//1324 
f 2861//1323 1712//1323 1711//1324 
f 2861//1323 2798//1325 1508//1326 
f 2798//1325 1506//1325 1508//1326 
f 1507//1327 1506//1325 2798//1325 
f 1504//1328 1507//1327 2799//1327 
f 1505//1329 1504//1328 2676//1328 
f 1503//1330 1505//1329 2677//1329 
f 1502//1331 1503//1330 2608//1330 
f 1500//1332 1502//1331 2610//1331 
f 1501//1333 1500//1332 2612//1332 
f 2352//1334 1501//1333 2627//1333 
f 2652//1334 2654//1335 1499//1336 
f 2654//1335 1704//1337 1499//1336 
f 2654//1335 1703//1338 1704//1337 
f 2654//1335 2656//1339 1685//1340 
f 2656//1339 1686//1339 1685//1340 
f 1681//1341 1686//1339 2656//1339 
f 1682//1342 1681//1341 2733//1341 
f 1687//1343 1682//1342 2735//1342 
f 1689//1344 1687//1343 2801//1343 
f 1691//1345 1689//1344 2803//1344 
f 2803//1344 2831//1345 1691//1345 
f 2801//1343 2803//1344 1689//1344 
f 2735//1342 2801//1343 1687//1343 
f 2733//1341 2735//1342 1682//1342 
f 2656//1339 2733//1341 1681//1341 
f 1685//1340 1703//1338 2654//1335 
f 1499//1336 2352//1334 2652//1334 
f 2627//1333 2652//1334 2352//1334 
f 2612//1332 2627//1333 1501//1333 
f 2610//1331 2612//1332 1500//1332 
f 2608//1330 2610//1331 1502//1331 
f 2677//1329 2608//1330 1503//1330 
f 2676//1328 2677//1329 1505//1329 
f 2799//1327 2676//1328 1504//1328 
f 2798//1325 2799//1327 1507//1327 
f 1508//1326 1712//1323 2861//1323 
f 1711//1324 1720//1321 2829//1321 
f 2860//1322 2829//1321 1720//1321 
o mesh64
f 2700//1346 1578//1346 1582//1346 
f 1582//1346 2864//1346 2700//1346 
o mesh65
f 1513//1347 2830//1347 2802//1348 
f 1512//1348 2802//1348 2800//1349 
f 1511//1349 2800//1349 2734//1350 
f 1509//1350 2734//1350 2732//1351 
f 1510//1351 2732//1351 2655//1352 
f 2655//1352 2653//1353 1518//1354 
f 2653//1353 1516//1353 1518//1354 
f 2653//1353 2651//1355 1517//1356 
f 2651//1355 1527//1355 1517//1356 
f 1527//1355 2651//1355 2626//1357 
f 1524//1357 2626//1357 2611//1358 
f 1525//1358 2611//1358 2609//1359 
f 1523//1359 2609//1359 2607//1360 
f 1519//1360 2607//1360 2606//1361 
f 1520//1361 2606//1361 2675//1362 
f 1521//1362 2675//1362 2674//1363 
f 1522//1363 2674//1363 2797//1364 
f 2797//1364 2796//1365 1543//1366 
f 2796//1365 1541//1365 1543//1366 
f 1541//1365 2796//1365 2828//1367 
f 1542//1367 2828//1367 2827//1368 
f 1539//1368 2827//1368 2859//1369 
f 1540//1369 2859//1369 2794//1370 
f 1537//1370 2794//1370 2793//1371 
f 1538//1371 2793//1371 2715//1372 
f 1536//1372 2715//1372 2792//1373 
f 2792//1373 2789//1374 1531//1375 
f 2789//1374 1547//1374 1531//1375 
f 1547//1374 2789//1374 2858//1376 
f 1546//1376 2858//1376 2822//1377 
f 1544//1377 2822//1377 2787//1378 
f 1545//1378 2787//1378 2784//1379 
f 1548//1379 2784//1379 2857//1380 
f 2782//1381 1564//1381 1565//1382 
f 1565//1382 2857//1380 2782//1381 
f 1564//1381 2782//1381 2779//1383 
f 1563//1383 2779//1383 2821//1384 
f 1558//1384 2821//1384 2777//1385 
f 1559//1385 2777//1385 2775//1386 
f 1560//1386 2775//1386 2773//1387 
f 1551//1387 2773//1387 2770//1388 
f 1552//1388 2770//1388 2820//1389 
f 1555//1389 2820//1389 2818//1390 
f 1553//1390 2818//1390 2713//1391 
f 2713//1391 2711//1392 1574//1393 
f 1574//1393 1566//1394 2713//1391 
f 2711//1392 1613//1395 1574//1393 
f 1613//1395 2711//1392 2709//1396 
f 1610//1396 2709//1396 2707//1397 
f 1595//1397 2707//1397 2705//1398 
f 1596//1398 2705//1398 2703//1399 
f 1609//1399 2703//1399 2701//1400 
f 1601//1400 2701//1400 2698//1401 
f 1593//1401 2698//1401 2864//1402 
f 2864//1402 1582//1402 1593//1401 
f 2698//1401 1593//1401 1601//1400 
f 2701//1400 1601//1400 1609//1399 
f 2703//1399 1609//1399 1596//1398 
f 2705//1398 1596//1398 1595//1397 
f 2707//1397 1595//1397 1610//1396 
f 2709//1396 1610//1396 1613//1395 
f 1566//1394 1554//1403 2713//1391 
f 2713//1391 1554//1403 1553//1390 
f 2818//1390 1553//1390 1555//1389 
f 2820//1389 1555//1389 1552//1388 
f 2770//1388 1552//1388 1551//1387 
f 2773//1387 1551//1387 1560//1386 
f 2775//1386 1560//1386 1559//1385 
f 2777//1385 1559//1385 1558//1384 
f 2821//1384 1558//1384 1563//1383 
f 2779//1383 1563//1383 1564//1381 
f 1565//1382 1549//1404 2857//1380 
f 2857//1380 1549//1404 1548//1379 
f 2784//1379 1548//1379 1545//1378 
f 2787//1378 1545//1378 1544//1377 
f 2822//1377 1544//1377 1546//1376 
f 2858//1376 1546//1376 1547//1374 
f 1531//1375 1530//1405 2792//1373 
f 2792//1373 1530//1405 1536//1372 
f 2715//1372 1536//1372 1538//1371 
f 2793//1371 1538//1371 1537//1370 
f 2794//1370 1537//1370 1540//1369 
f 2859//1369 1540//1369 1539//1368 
f 2827//1368 1539//1368 1542//1367 
f 2828//1367 1542//1367 1541//1365 
f 1543//1366 1526//1406 2797//1364 
f 2797//1364 1526//1406 1522//1363 
f 2674//1363 1522//1363 1521//1362 
f 2675//1362 1521//1362 1520//1361 
f 2606//1361 1520//1361 1519//1360 
f 2607//1360 1519//1360 1523//1359 
f 2609//1359 1523//1359 1525//1358 
f 2611//1358 1525//1358 1524//1357 
f 2626//1357 1524//1357 1527//1355 
f 1517//1356 1516//1353 2653//1353 
f 1518//1354 1514//1407 2655//1352 
f 2655//1352 1514//1407 1510//1351 
f 2732//1351 1510//1351 1509//1350 
f 2734//1350 1509//1350 1511//1349 
f 2800//1349 1511//1349 1512//1348 
f 2802//1348 1512//1348 1513//1347 
o mesh66
f 2865//1408 2140//1408 2049//1408 
f 2049//1408 2866//1408 2865//1408 
o mesh67
f 2866//1409 2049//1409 2048//1409 
f 2048//1409 2867//1409 2866//1409 
o mesh68
f 2867//1410 2048//1410 2087//1410 
f 2087//1410 2868//1410 2867//1410 
o mesh69
f 2868//1411 2087//1411 2140//1411 
f 2140//1411 2865//1411 2868//1411 
o mesh70
f 2868//1412 2865//1412 2866//1412 
f 2866//1412 2867//1412 2868//1412 
o mesh71
f 1765//1413 1785//1414 2869//1414 
f 1766//1415 1765//1413 2870//1416 
f 1763//1417 1766//1415 2871//1418 
f 1764//1419 1763//1417 2872//1420 
f 1755//1421 1764//1419 2873//1422 
f 1863//1423 1755//1421 2874//1424 
f 1862//1425 1863//1423 2875//1426 
f 1844//1427 1862//1425 2876//1428 
f 1845//1429 1844//1427 2877//1430 
f 1842//1431 1845//1429 2878//1432 
f 1843//1433 1842//1431 2879//1434 
f 1841//1435 1843//1433 2880//1436 
f 1811//1437 1841//1435 2881//1438 
f 1795//1439 1811//1437 2882//1440 
f 1780//1441 1795//1439 2883//1442 
f 1781//1443 1780//1441 2884//1444 
f 1839//1445 1781//1443 2885//1446 
f 1840//1447 1839//1445 2886//1448 
f 1837//1449 1840//1447 2887//1450 
f 1838//1451 1837//1449 2888//1452 
f 1860//1453 1838//1451 2889//1454 
f 1861//1455 1860//1453 2890//1456 
f 1859//1457 1861//1455 2891//1458 
f 1835//1459 1859//1457 2892//1460 
f 1836//1461 1835//1459 2893//1462 
f 1833//1463 1836//1461 2894//1464 
f 1834//1465 1833//1463 2895//1466 
f 1858//1467 1834//1465 2896//1468 
f 1856//1469 1858//1467 2897//1470 
f 1857//1471 1856//1469 2898//1472 
f 1849//1473 1857//1471 2899//1474 
f 1818//1475 1849//1473 2900//1476 
f 1847//1477 1818//1475 2901//1478 
f 1848//1479 1847//1477 2902//1480 
f 1816//1481 1848//1479 2903//1482 
f 1817//1483 1816//1481 2904//1484 
f 1814//1485 1817//1483 2905//1486 
f 1815//1487 1814//1485 2906//1488 
f 1846//1489 1815//1487 2907//1490 
f 1813//1491 1846//1489 2908//1492 
f 2909//1493 1724//1493 1723//1494 
f 1723//1494 2910//1495 2909//1493 
f 2911//1496 1725//1496 1727//1497 
f 1727//1497 2909//1493 2911//1496 
f 1727//1497 1724//1493 2909//1493 
f 1723//1494 1813//1491 2910//1495 
f 2908//1492 2910//1495 1813//1491 
f 2907//1490 2908//1492 1846//1489 
f 2906//1488 2907//1490 1815//1487 
f 2905//1486 2906//1488 1814//1485 
f 2904//1484 2905//1486 1817//1483 
f 2903//1482 2904//1484 1816//1481 
f 2902//1480 2903//1482 1848//1479 
f 2901//1478 2902//1480 1847//1477 
f 2900//1476 2901//1478 1818//1475 
f 2899//1474 2900//1476 1849//1473 
f 2898//1472 2899//1474 1857//1471 
f 2897//1470 2898//1472 1856//1469 
f 2896//1468 2897//1470 1858//1467 
f 2895//1466 2896//1468 1834//1465 
f 2894//1464 2895//1466 1833//1463 
f 2893//1462 2894//1464 1836//1461 
f 2892//1460 2893//1462 1835//1459 
f 2891//1458 2892//1460 1859//1457 
f 2890//1456 2891//1458 1861//1455 
f 2889//1454 2890//1456 1860//1453 
f 2888//1452 2889//1454 1838//1451 
f 2887//1450 2888//1452 1837//1449 
f 2886//1448 2887//1450 1840//1447 
f 2885//1446 2886//1448 1839//1445 
f 2884//1444 2885//1446 1781//1443 
f 2883//1442 2884//1444 1780//1441 
f 2882//1440 2883//1442 1795//1439 
f 2881//1438 2882//1440 1811//1437 
f 2880//1436 2881//1438 1841//1435 
f 2879//1434 2880//1436 1843//1433 
f 2878//1432 2879//1434 1842//1431 
f 2877//1430 2878//1432 1845//1429 
f 2876//1428 2877//1430 1844//1427 
f 2875//1426 2876//1428 1862//1425 
f 2874//1424 2875//1426 1863//1423 
f 2873//1422 2874//1424 1755//1421 
f 2872//1420 2873//1422 1764//1419 
f 2871//1418 2872//1420 1763//1417 
f 2870//1416 2871//1418 1766//1415 
f 2869//1414 2870//1416 1765//1413 
o mesh72
f 2869//1498 1785//1498 1773//1498 
f 1773//1498 2912//1498 2869//1498 
o mesh73
f 1742//1499 2913//1499 2914//1500 
f 1745//1500 2914//1500 2915//1501 
f 1744//1501 2915//1501 2916//1502 
f 1740//1502 2916//1502 2917//1503 
f 1741//1503 2917//1503 2918//1504 
f 1739//1504 2918//1504 2919//1505 
f 1737//1505 2919//1505 2920//1506 
f 2921//1507 1810//1507 1730//1508 
f 1730//1508 2920//1506 2921//1507 
f 1810//1507 2921//1507 2922//1509 
f 1832//1509 2922//1509 2923//1510 
f 1855//1510 2923//1510 2924//1511 
f 1854//1511 2924//1511 2925//1512 
f 1831//1512 2925//1512 2926//1513 
f 1808//1513 2926//1513 2927//1514 
f 1809//1514 2927//1514 2928//1515 
f 1866//1515 2928//1515 2929//1516 
f 1867//1516 2929//1516 2930//1517 
f 1793//1517 2930//1517 2931//1518 
f 1794//1518 2931//1518 2932//1519 
f 1807//1519 2932//1519 2933//1520 
f 1805//1520 2933//1520 2934//1521 
f 1806//1521 2934//1521 2935//1522 
f 1791//1522 2935//1522 2936//1523 
f 1792//1523 2936//1523 2937//1524 
f 1789//1524 2937//1524 2938//1525 
f 1790//1525 2938//1525 2939//1526 
f 1788//1526 2939//1526 2940//1527 
f 1771//1527 2940//1527 2941//1528 
f 1772//1528 2941//1528 2942//1529 
f 1778//1529 2942//1529 2943//1530 
f 1769//1530 2943//1530 2944//1531 
f 1770//1531 2944//1531 2945//1532 
f 1777//1532 2945//1532 2946//1533 
f 1767//1533 2946//1533 2947//1534 
f 1768//1534 2947//1534 2948//1535 
f 1829//1535 2948//1535 2949//1536 
f 1830//1536 2949//1536 2950//1537 
f 1803//1537 2950//1537 2951//1538 
f 1804//1538 2951//1538 2952//1539 
f 1828//1539 2952//1539 2953//1540 
f 1865//1540 2953//1540 2954//1541 
f 1852//1541 2954//1541 2955//1542 
f 1853//1542 2955//1542 2912//1543 
f 2912//1543 1773//1543 1853//1542 
f 2955//1542 1853//1542 1852//1541 
f 2954//1541 1852//1541 1865//1540 
f 2953//1540 1865//1540 1828//1539 
f 2952//1539 1828//1539 1804//1538 
f 2951//1538 1804//1538 1803//1537 
f 2950//1537 1803//1537 1830//1536 
f 2949//1536 1830//1536 1829//1535 
f 2948//1535 1829//1535 1768//1534 
f 2947//1534 1768//1534 1767//1533 
f 2946//1533 1767//1533 1777//1532 
f 2945//1532 1777//1532 1770//1531 
f 2944//1531 1770//1531 1769//1530 
f 2943//1530 1769//1530 1778//1529 
f 2942//1529 1778//1529 1772//1528 
f 2941//1528 1772//1528 1771//1527 
f 2940//1527 1771//1527 1788//1526 
f 2939//1526 1788//1526 1790//1525 
f 2938//1525 1790//1525 1789//1524 
f 2937//1524 1789//1524 1792//1523 
f 2936//1523 1792//1523 1791//1522 
f 2935//1522 1791//1522 1806//1521 
f 2934//1521 1806//1521 1805//1520 
f 2933//1520 1805//1520 1807//1519 
f 2932//1519 1807//1519 1794//1518 
f 2931//1518 1794//1518 1793//1517 
f 2930//1517 1793//1517 1867//1516 
f 2929//1516 1867//1516 1866//1515 
f 2928//1515 1866//1515 1809//1514 
f 2927//1514 1809//1514 1808//1513 
f 2926//1513 1808//1513 1831//1512 
f 2925//1512 1831//1512 1854//1511 
f 2924//1511 1854//1511 1855//1510 
f 2923//1510 1855//1510 1832//1509 
f 2922//1509 1832//1509 1810//1507 
f 1730//1508 1729//1544 2920//1506 
f 2920//1506 1729//1544 1737//1505 
f 2919//1505 1737//1505 1739//1504 
f 2918//1504 1739//1504 1741//1503 
f 2917//1503 1741//1503 1740//1502 
f 2916//1502 1740//1502 1744//1501 
f 2915//1501 1744//1501 1745//1500 
f 2914//1500 1745//1500 1742//1499 
o mesh74
f 2911//1545 2913//1545 1726//1545 
f 2913//1545 1742//1545 1726//1545 
f 1726//1545 1725//1545 2911//1545 
o mesh75
f 2953//1546 2872//1546 2871//1546 
f 2952//1546 2873//1546 2872//1546 
f 2944//1546 2881//1546 2880//1546 
f 2943//1546 2882//1546 2881//1546 
f 2872//1546 2953//1546 2952//1546 
f 2951//1546 2874//1546 2873//1546 
f 2881//1546 2944//1546 2943//1546 
f 2942//1546 2883//1546 2882//1546 
f 2873//1546 2952//1546 2951//1546 
f 2950//1546 2875//1546 2874//1546 
f 2949//1546 2876//1546 2875//1546 
f 2948//1546 2877//1546 2876//1546 
f 2882//1546 2943//1546 2942//1546 
f 2941//1546 2884//1546 2883//1546 
f 2923//1546 2922//1546 2902//1546 
f 2922//1546 2921//1546 2903//1546 
f 2954//1546 2871//1546 2870//1546 
f 2874//1546 2951//1546 2950//1546 
f 2876//1546 2949//1546 2948//1546 
f 2947//1546 2878//1546 2877//1546 
f 2883//1546 2942//1546 2941//1546 
f 2940//1546 2885//1546 2884//1546 
f 2939//1546 2886//1546 2885//1546 
f 2938//1546 2887//1546 2886//1546 
f 2924//1546 2923//1546 2901//1546 
f 2903//1546 2902//1546 2922//1546 
f 2871//1546 2954//1546 2953//1546 
f 2877//1546 2948//1546 2947//1546 
f 2946//1546 2879//1546 2878//1546 
f 2945//1546 2880//1546 2879//1546 
f 2884//1546 2941//1546 2940//1546 
f 2886//1546 2939//1546 2938//1546 
f 2937//1546 2888//1546 2887//1546 
f 2936//1546 2889//1546 2888//1546 
f 2933//1546 2932//1546 2892//1546 
f 2932//1546 2931//1546 2893//1546 
f 2927//1546 2926//1546 2898//1546 
f 2926//1546 2925//1546 2899//1546 
f 2925//1546 2924//1546 2900//1546 
f 2902//1546 2901//1546 2923//1546 
f 2919//1546 2918//1546 2906//1546 
f 2918//1546 2917//1546 2907//1546 
f 2917//1546 2916//1546 2908//1546 
f 2916//1546 2915//1546 2910//1546 
f 2875//1546 2950//1546 2949//1546 
f 2879//1546 2946//1546 2945//1546 
f 2885//1546 2940//1546 2939//1546 
f 2888//1546 2937//1546 2936//1546 
f 2893//1546 2892//1546 2932//1546 
f 2931//1546 2930//1546 2894//1546 
f 2930//1546 2929//1546 2895//1546 
f 2929//1546 2928//1546 2896//1546 
f 2899//1546 2898//1546 2926//1546 
f 2901//1546 2900//1546 2924//1546 
f 2921//1546 2920//1546 2904//1546 
f 2920//1546 2919//1546 2905//1546 
f 2907//1546 2906//1546 2918//1546 
f 2910//1546 2908//1546 2916//1546 
f 2878//1546 2947//1546 2946//1546 
f 2887//1546 2938//1546 2937//1546 
f 2934//1546 2933//1546 2891//1546 
f 2894//1546 2893//1546 2931//1546 
f 2896//1546 2895//1546 2929//1546 
f 2928//1546 2927//1546 2897//1546 
f 2900//1546 2899//1546 2925//1546 
f 2905//1546 2904//1546 2920//1546 
f 2908//1546 2907//1546 2917//1546 
f 2955//1546 2870//1546 2869//1546 
f 2880//1546 2945//1546 2944//1546 
f 2935//1546 2890//1546 2889//1546 
f 2890//1546 2935//1546 2934//1546 
f 2895//1546 2894//1546 2930//1546 
f 2898//1546 2897//1546 2927//1546 
f 2906//1546 2905//1546 2919//1546 
f 2915//1546 2914//1546 2909//1546 
f 2870//1546 2955//1546 2954//1546 
f 2891//1546 2890//1546 2934//1546 
f 2897//1546 2896//1546 2928//1546 
f 2909//1546 2910//1546 2915//1546 
f 2889//1546 2936//1546 2935//1546 
f 2904//1546 2903//1546 2921//1546 
f 2892//1546 2891//1546 2933//1546 
f 2914//1546 2913//1546 2911//1546 
f 2911//1546 2909//1546 2914//1546 
f 2869//1546 2912//1546 2955//1546 
o mesh76
f 1783//1547 1819//1548 2956//1548 
f 1784//1549 1783//1547 2957//1550 
f 1746//1551 1784//1549 2958//1552 
f 1762//1553 1746//1551 2959//1554 
f 1753//1555 1762//1553 2960//1556 
f 1750//1557 1753//1555 2961//1558 
f 1751//1559 1750//1557 2962//1560 
f 1761//1561 1751//1559 2963//1562 
f 1749//1563 1761//1561 2964//1564 
f 1754//1565 1749//1563 2965//1566 
f 1759//1567 1754//1565 2966//1568 
f 1760//1569 1759//1567 2967//1570 
f 1758//1571 1760//1569 2968//1572 
f 1747//1573 1758//1571 2969//1574 
f 1748//1575 1747//1573 2970//1576 
f 1752//1577 1748//1575 2971//1578 
f 1782//1579 1752//1577 2972//1580 
f 1812//1581 1782//1579 2973//1582 
f 2973//1582 2974//1581 1812//1581 
f 2972//1580 2973//1582 1782//1579 
f 2971//1578 2972//1580 1752//1577 
f 2970//1576 2971//1578 1748//1575 
f 2969//1574 2970//1576 1747//1573 
f 2968//1572 2969//1574 1758//1571 
f 2967//1570 2968//1572 1760//1569 
f 2966//1568 2967//1570 1759//1567 
f 2965//1566 2966//1568 1754//1565 
f 2964//1564 2965//1566 1749//1563 
f 2963//1562 2964//1564 1761//1561 
f 2962//1560 2963//1562 1751//1559 
f 2961//1558 2962//1560 1750//1557 
f 2960//1556 2961//1558 1753//1555 
f 2959//1554 2960//1556 1762//1553 
f 2958//1552 2959//1554 1746//1551 
f 2957//1550 2958//1552 1784//1549 
f 2956//1548 2957//1550 1783//1547 
o mesh77
f 2956//1583 1819//1583 1757//1583 
f 1757//1583 2975//1583 2956//1583 
o mesh78
f 1779//1584 2976//1584 2977//1585 
f 1826//1585 2977//1585 2978//1586 
f 1851//1586 2978//1586 2979//1587 
f 1850//1587 2979//1587 2980//1588 
f 1824//1588 2980//1588 2981//1589 
f 1825//1589 2981//1589 2982//1590 
f 1822//1590 2982//1590 2983//1591 
f 1823//1591 2983//1591 2984//1592 
f 1801//1592 2984//1592 2985//1593 
f 1802//1593 2985//1593 2986//1594 
f 1799//1594 2986//1594 2987//1595 
f 1800//1595 2987//1595 2988//1596 
f 1797//1596 2988//1596 2989//1597 
f 1798//1597 2989//1597 2990//1598 
f 1821//1598 2990//1598 2991//1599 
f 1820//1599 2991//1599 2992//1600 
f 1796//1600 2992//1600 2993//1601 
f 1756//1601 2993//1601 2975//1602 
f 2975//1602 1757//1602 1756//1601 
f 2993//1601 1756//1601 1796//1600 
f 2992//1600 1796//1600 1820//1599 
f 2991//1599 1820//1599 1821//1598 
f 2990//1598 1821//1598 1798//1597 
f 2989//1597 1798//1597 1797//1596 
f 2988//1596 1797//1596 1800//1595 
f 2987//1595 1800//1595 1799//1594 
f 2986//1594 1799//1594 1802//1593 
f 2985//1593 1802//1593 1801//1592 
f 2984//1592 1801//1592 1823//1591 
f 2983//1591 1823//1591 1822//1590 
f 2982//1590 1822//1590 1825//1589 
f 2981//1589 1825//1589 1824//1588 
f 2980//1588 1824//1588 1850//1587 
f 2979//1587 1850//1587 1851//1586 
f 2978//1586 1851//1586 1826//1585 
f 2977//1585 1826//1585 1779//1584 
o mesh79
f 1779//1603 1812//1603 2974//1603 
f 2974//1603 2976//1603 1779//1603 
o mesh80
f 2989//1604 2961//1604 2960//1604 
f 2988//1604 2962//1604 2961//1604 
f 2981//1604 2969//1604 2968//1604 
f 2980//1604 2970//1604 2969//1604 
f 2977//1604 2973//1604 2972//1604 
f 2977//1604 2976//1604 2974//1604 
f 2961//1604 2989//1604 2988//1604 
f 2987//1604 2963//1604 2962//1604 
f 2969//1604 2981//1604 2980//1604 
f 2979//1604 2971//1604 2970//1604 
f 2978//1604 2972//1604 2971//1604 
f 2974//1604 2973//1604 2977//1604 
f 2962//1604 2988//1604 2987//1604 
f 2986//1604 2964//1604 2963//1604 
f 2985//1604 2965//1604 2964//1604 
f 2984//1604 2966//1604 2965//1604 
f 2983//1604 2967//1604 2966//1604 
f 2982//1604 2968//1604 2967//1604 
f 2970//1604 2980//1604 2979//1604 
f 2972//1604 2978//1604 2977//1604 
f 2993//1604 2957//1604 2956//1604 
f 2992//1604 2958//1604 2957//1604 
f 2991//1604 2959//1604 2958//1604 
f 2990//1604 2960//1604 2959//1604 
f 2963//1604 2987//1604 2986//1604 
f 2965//1604 2985//1604 2984//1604 
f 2967//1604 2983//1604 2982//1604 
f 2971//1604 2979//1604 2978//1604 
f 2957//1604 2993//1604 2992//1604 
f 2959//1604 2991//1604 2990//1604 
f 2964//1604 2986//1604 2985//1604 
f 2968//1604 2982//1604 2981//1604 
f 2958//1604 2992//1604 2991//1604 
f 2966//1604 2984//1604 2983//1604 
f 2960//1604 2990//1604 2989//1604 
f 2956//1604 2975//1604 2993//1604 
o mesh81
f 2064//1605 2050//1606 2994//1606 
f 2080//1607 2064//1605 2995//1608 
f 2095//1609 2080//1607 2996//1610 
f 2062//1611 2095//1609 2997//1612 
f 2063//1613 2062//1611 2998//1614 
f 2060//1615 2063//1613 2999//1616 
f 2061//1617 2060//1615 3000//1618 
f 2078//1619 2061//1617 3001//1620 
f 2079//1621 2078//1619 3002//1622 
f 2076//1623 2079//1621 3003//1624 
f 2077//1625 2076//1623 3004//1626 
f 2075//1627 2077//1625 3005//1628 
f 2058//1629 2075//1627 3006//1630 
f 2059//1631 2058//1629 3007//1632 
f 2112//1633 2059//1631 3008//1634 
f 2081//1635 2112//1633 3009//1636 
f 2071//1637 2081//1635 3010//1638 
f 2072//1639 2071//1637 3011//1640 
f 2086//1641 2072//1639 3012//1642 
f 2070//1643 2086//1641 3013//1644 
f 2056//1645 2070//1643 3014//1646 
f 2057//1647 2056//1645 3015//1648 
f 2085//1649 2057//1647 3016//1650 
f 2068//1651 2085//1649 3017//1652 
f 2069//1653 2068//1651 3018//1654 
f 2084//1655 2069//1653 3019//1656 
f 2099//1657 2084//1655 3020//1658 
f 2066//1659 2099//1657 3021//1660 
f 2067//1661 2066//1659 3022//1662 
f 2065//1663 2067//1661 3023//1664 
f 2054//1665 2065//1663 3024//1666 
f 2055//1667 2054//1665 3025//1668 
f 2035//1669 2055//1667 3026//1670 
f 2052//1671 2035//1669 3027//1672 
f 2040//1673 2052//1671 3028//1674 
f 3029//1673 3030//1675 2041//1676 
f 3030//1675 2199//1675 2041//1676 
f 2197//1677 2199//1675 3030//1675 
f 2198//1678 2197//1677 3031//1677 
f 2149//1679 2198//1678 3032//1678 
f 3032//1678 3033//1679 2149//1679 
f 3031//1677 3032//1678 2198//1678 
f 3030//1675 3031//1677 2197//1677 
f 2041//1676 2040//1673 3029//1673 
f 3028//1674 3029//1673 2040//1673 
f 3027//1672 3028//1674 2052//1671 
f 3026//1670 3027//1672 2035//1669 
f 3025//1668 3026//1670 2055//1667 
f 3024//1666 3025//1668 2054//1665 
f 3023//1664 3024//1666 2065//1663 
f 3022//1662 3023//1664 2067//1661 
f 3021//1660 3022//1662 2066//1659 
f 3020//1658 3021//1660 2099//1657 
f 3019//1656 3020//1658 2084//1655 
f 3018//1654 3019//1656 2069//1653 
f 3017//1652 3018//1654 2068//1651 
f 3016//1650 3017//1652 2085//1649 
f 3015//1648 3016//1650 2057//1647 
f 3014//1646 3015//1648 2056//1645 
f 3013//1644 3014//1646 2070//1643 
f 3012//1642 3013//1644 2086//1641 
f 3011//1640 3012//1642 2072//1639 
f 3010//1638 3011//1640 2071//1637 
f 3009//1636 3010//1638 2081//1635 
f 3008//1634 3009//1636 2112//1633 
f 3007//1632 3008//1634 2059//1631 
f 3006//1630 3007//1632 2058//1629 
f 3005//1628 3006//1630 2075//1627 
f 3004//1626 3005//1628 2077//1625 
f 3003//1624 3004//1626 2076//1623 
f 3002//1622 3003//1624 2079//1621 
f 3001//1620 3002//1622 2078//1619 
f 3000//1618 3001//1620 2061//1617 
f 2999//1616 3000//1618 2060//1615 
f 2998//1614 2999//1616 2063//1613 
f 2997//1612 2998//1614 2062//1611 
f 2996//1610 2997//1612 2095//1609 
f 2995//1608 2996//1610 2080//1607 
f 2994//1606 2995//1608 2064//1605 
o mesh82
f 3034//1680 3035//1680 3036//1680 
f 3037//1680 3038//1680 3035//1680 
f 3039//1680 3040//1680 3041//1680 
f 3042//1680 3043//1680 3040//1680 
f 3044//1680 3036//1680 3043//1680 
f 3035//1680 3034//1680 3037//1680 
f 3045//1680 3046//1680 3038//1680 
f 3047//1680 3048//1680 3046//1680 
f 3040//1680 3039//1680 3042//1680 
f 3036//1680 3044//1680 3034//1680 
f 3046//1680 3045//1680 3047//1680 
f 3049//1680 3050//1680 3048//1680 
f 3051//1680 3052//1680 3050//1680 
f 3053//1680 3054//1680 3052//1680 
f 3055//1680 3056//1680 3011//1680 
f 3057//1680 3058//1680 3014//1680 
f 3058//1680 3059//1680 3015//1680 
f 3043//1680 3042//1680 3044//1680 
f 3048//1680 3047//1680 3049//1680 
f 3052//1680 3051//1680 3053//1680 
f 3060//1680 3061//1680 3054//1680 
f 3010//1680 3062//1680 3055//1680 
f 3056//1680 3063//1680 3012//1680 
f 3063//1680 3057//1680 3013//1680 
f 3015//1680 3014//1680 3058//1680 
f 3064//1680 3041//1680 3065//1680 
f 3038//1680 3037//1680 3045//1680 
f 3054//1680 3053//1680 3060//1680 
f 3066//1680 3067//1680 3068//1680 
f 3069//1680 3070//1680 3067//1680 
f 3071//1680 3072//1680 3073//1680 
f 3074//1680 3075//1680 3072//1680 
f 3012//1680 3011//1680 3056//1680 
f 3014//1680 3013//1680 3057//1680 
f 3076//1680 3077//1680 3018//1680 
f 3077//1680 3078//1680 3019//1680 
f 3079//1680 3080//1680 3022//1680 
f 3080//1680 3081//1680 3023//1680 
f 3082//1680 3083//1680 3027//1680 
f 3065//1680 3084//1680 3064//1680 
f 3050//1680 3049//1680 3051//1680 
f 3085//1680 3068//1680 3061//1680 
f 3067//1680 3066//1680 3069//1680 
f 3086//1680 3073//1680 3070//1680 
f 3072//1680 3071//1680 3074//1680 
f 3087//1680 2998//1680 2997//1680 
f 3088//1680 2999//1680 2998//1680 
f 3089//1680 3006//1680 3005//1680 
f 3090//1680 3007//1680 3006//1680 
f 3013//1680 3012//1680 3063//1680 
f 3059//1680 3091//1680 3016//1680 
f 3091//1680 3076//1680 3017//1680 
f 3019//1680 3018//1680 3077//1680 
f 3092//1680 3079//1680 3021//1680 
f 3023//1680 3022//1680 3080//1680 
f 3081//1680 3093//1680 3024//1680 
f 3093//1680 3094//1680 3025//1680 
f 3083//1680 3028//1680 3027//1680 
f 3095//1680 3096//1680 3097//1680 
f 3096//1680 3098//1680 3099//1680 
f 3041//1680 3064//1680 3039//1680 
f 3068//1680 3085//1680 3066//1680 
f 3073//1680 3086//1680 3071//1680 
f 3100//1680 3101//1680 3075//1680 
f 3102//1680 2995//1680 2994//1680 
f 3103//1680 2996//1680 2995//1680 
f 3104//1680 2997//1680 2996//1680 
f 2998//1680 3087//1680 3088//1680 
f 3105//1680 3000//1680 2999//1680 
f 3106//1680 3001//1680 3000//1680 
f 3107//1680 3002//1680 3001//1680 
f 3108//1680 3003//1680 3002//1680 
f 3006//1680 3089//1680 3090//1680 
f 3109//1680 3008//1680 3007//1680 
f 3110//1680 3009//1680 3008//1680 
f 3062//1680 3010//1680 3009//1680 
f 3016//1680 3015//1680 3059//1680 
f 3018//1680 3017//1680 3076//1680 
f 3078//1680 3092//1680 3020//1680 
f 3022//1680 3021//1680 3079//1680 
f 3025//1680 3024//1680 3093//1680 
f 3094//1680 3082//1680 3026//1680 
f 3083//1680 3029//1680 3028//1680 
f 3111//1680 3095//1680 3112//1680 
f 3099//1680 3097//1680 3096//1680 
f 3061//1680 3060//1680 3085//1680 
f 3075//1680 3074//1680 3100//1680 
f 3113//1680 3114//1680 3101//1680 
f 3115//1680 3116//1680 3114//1680 
f 2995//1680 3102//1680 3103//1680 
f 2997//1680 3104//1680 3087//1680 
f 3000//1680 3105//1680 3106//1680 
f 3002//1680 3107//1680 3108//1680 
f 3007//1680 3090//1680 3109//1680 
f 3009//1680 3110//1680 3062//1680 
f 3017//1680 3016//1680 3091//1680 
f 3021//1680 3020//1680 3092//1680 
f 3026//1680 3025//1680 3094//1680 
f 3083//1680 3030//1680 3029//1680 
f 3117//1680 3118//1680 3119//1680 
f 3118//1680 3120//1680 3121//1680 
f 3120//1680 3122//1680 3123//1680 
f 3122//1680 3124//1680 3125//1680 
f 3126//1680 3127//1680 3128//1680 
f 3127//1680 3129//1680 3130//1680 
f 3129//1680 3131//1680 3132//1680 
f 3131//1680 3133//1680 3134//1680 
f 3135//1680 3136//1680 3137//1680 
f 3136//1680 3111//1680 3138//1680 
f 3097//1680 3112//1680 3095//1680 
f 3098//1680 3084//1680 3139//1680 
f 3070//1680 3069//1680 3086//1680 
f 3114//1680 3113//1680 3115//1680 
f 2996//1680 3103//1680 3104//1680 
f 3001//1680 3106//1680 3107//1680 
f 3140//1680 3004//1680 3003//1680 
f 3141//1680 3005//1680 3004//1680 
f 3008//1680 3109//1680 3110//1680 
f 3020//1680 3019//1680 3078//1680 
f 3027//1680 3026//1680 3082//1680 
f 3083//1680 3032//1680 3031//1680 
f 3121//1680 3119//1680 3118//1680 
f 3125//1680 3123//1680 3122//1680 
f 3124//1680 3126//1680 3142//1680 
f 3130//1680 3128//1680 3127//1680 
f 3134//1680 3132//1680 3131//1680 
f 3133//1680 3143//1680 3144//1680 
f 3145//1680 3135//1680 3146//1680 
f 3138//1680 3137//1680 3136//1680 
f 3139//1680 3099//1680 3098//1680 
f 3101//1680 3100//1680 3113//1680 
f 2999//1680 3088//1680 3105//1680 
f 3004//1680 3140//1680 3141//1680 
f 3011//1680 3010//1680 3055//1680 
f 3031//1680 3030//1680 3083//1680 
f 3147//1680 3117//1680 3148//1680 
f 3123//1680 3121//1680 3120//1680 
f 3128//1680 3142//1680 3126//1680 
f 3144//1680 3134//1680 3133//1680 
f 3143//1680 3149//1680 3150//1680 
f 3149//1680 3145//1680 3151//1680 
f 3137//1680 3146//1680 3135//1680 
f 3065//1680 3139//1680 3084//1680 
f 3083//1680 3152//1680 3153//1680 
f 3003//1680 3108//1680 3140//1680 
f 3024//1680 3023//1680 3081//1680 
f 3154//1680 3155//1680 3156//1680 
f 3119//1680 3148//1680 3117//1680 
f 3132//1680 3130//1680 3129//1680 
f 3151//1680 3150//1680 3149//1680 
f 3112//1680 3138//1680 3111//1680 
f 3153//1680 3154//1680 3083//1680 
f 3083//1680 3157//1680 3158//1680 
f 3005//1680 3141//1680 3089//1680 
f 3159//1680 3147//1680 3160//1680 
f 3154//1680 3153//1680 3155//1680 
f 3142//1680 3125//1680 3124//1680 
f 3146//1680 3151//1680 3145//1680 
f 3158//1680 3152//1680 3083//1680 
f 3083//1680 3033//1680 3032//1680 
f 3156//1680 3159//1680 3154//1680 
f 3150//1680 3144//1680 3143//1680 
f 2994//1680 3161//1680 3102//1680 
f 3148//1680 3160//1680 3147//1680 
f 3160//1680 3154//1680 3159//1680 
f 3154//1680 3033//1680 3083//1680 
o mesh83
f 2050//1681 2131//1681 3161//1681 
f 3161//1681 2994//1681 2050//1681 
o mesh84
f 2034//1682 3083//1682 3082//1683 
f 2023//1683 3082//1683 3094//1684 
f 2024//1684 3094//1684 3093//1685 
f 2021//1685 3093//1685 3081//1686 
f 2022//1686 3081//1686 3080//1687 
f 3079//1688 2129//1688 2032//1689 
f 2032//1689 3080//1687 3079//1688 
f 2129//1688 3079//1688 3092//1690 
f 2130//1690 3092//1690 3078//1691 
f 2128//1691 3078//1691 3077//1692 
f 2110//1692 3077//1692 3076//1693 
f 2111//1693 3076//1693 3091//1694 
f 2127//1694 3091//1694 3059//1695 
f 2093//1695 3059//1695 3058//1696 
f 2094//1696 3058//1696 3057//1697 
f 2091//1697 3057//1697 3063//1698 
f 2092//1698 3063//1698 3056//1699 
f 2108//1699 3056//1699 3055//1700 
f 2109//1700 3055//1700 3062//1701 
f 2126//1701 3062//1701 3110//1702 
f 2124//1702 3110//1702 3109//1703 
f 2125//1703 3109//1703 3090//1704 
f 2123//1704 3090//1704 3089//1705 
f 2137//1705 3089//1705 3141//1706 
f 2121//1706 3141//1706 3140//1707 
f 2122//1707 3140//1707 3108//1708 
f 2120//1708 3108//1708 3107//1709 
f 2107//1709 3107//1709 3106//1710 
f 2073//1710 3106//1710 3105//1711 
f 2074//1711 3105//1711 3088//1712 
f 2090//1712 3088//1712 3087//1713 
f 2135//1713 3087//1713 3104//1714 
f 2136//1714 3104//1714 3103//1715 
f 2139//1715 3103//1715 3102//1716 
f 2141//1716 3102//1716 3161//1717 
f 3161//1717 2131//1717 2141//1716 
f 3102//1716 2141//1716 2139//1715 
f 3103//1715 2139//1715 2136//1714 
f 3104//1714 2136//1714 2135//1713 
f 3087//1713 2135//1713 2090//1712 
f 3088//1712 2090//1712 2074//1711 
f 3105//1711 2074//1711 2073//1710 
f 3106//1710 2073//1710 2107//1709 
f 3107//1709 2107//1709 2120//1708 
f 3108//1708 2120//1708 2122//1707 
f 3140//1707 2122//1707 2121//1706 
f 3141//1706 2121//1706 2137//1705 
f 3089//1705 2137//1705 2123//1704 
f 3090//1704 2123//1704 2125//1703 
f 3109//1703 2125//1703 2124//1702 
f 3110//1702 2124//1702 2126//1701 
f 3062//1701 2126//1701 2109//1700 
f 3055//1700 2109//1700 2108//1699 
f 3056//1699 2108//1699 2092//1698 
f 3063//1698 2092//1698 2091//1697 
f 3057//1697 2091//1697 2094//1696 
f 3058//1696 2094//1696 2093//1695 
f 3059//1695 2093//1695 2127//1694 
f 3091//1694 2127//1694 2111//1693 
f 3076//1693 2111//1693 2110//1692 
f 3077//1692 2110//1692 2128//1691 
f 3078//1691 2128//1691 2130//1690 
f 3092//1690 2130//1690 2129//1688 
f 2032//1689 2031//1718 3080//1687 
f 3080//1687 2031//1718 2022//1686 
f 3081//1686 2022//1686 2021//1685 
f 3093//1685 2021//1685 2024//1684 
f 3094//1684 2024//1684 2023//1683 
f 3082//1683 2023//1683 2034//1682 
o mesh85
f 3083//1719 2034//1719 2020//1719 
f 2020//1719 3157//1719 3083//1719 
o mesh86
f 3154//1720 2190//1720 2149//1720 
f 2149//1720 3033//1720 3154//1720 
o mesh87
f 3115//1721 2235//1721 2200//1721 
f 2200//1721 3116//1721 3115//1721 
o mesh88
f 2180//1722 2190//1723 3154//1723 
f 2181//1724 2180//1722 3160//1725 
f 2178//1726 2181//1724 3148//1727 
f 2179//1728 2178//1726 3119//1729 
f 2162//1730 2179//1728 3121//1731 
f 2163//1732 2162//1730 3123//1733 
f 2168//1734 2163//1732 3125//1735 
f 2161//1736 2168//1734 3142//1737 
f 2150//1738 2161//1736 3128//1739 
f 2160//1740 2150//1738 3130//1741 
f 2145//1742 2160//1740 3132//1743 
f 2146//1744 2145//1742 3134//1745 
f 2186//1746 2146//1744 3144//1747 
f 2187//1748 2186//1746 3150//1749 
f 2192//1750 2187//1748 3151//1751 
f 2184//1752 2192//1750 3146//1753 
f 2185//1754 2184//1752 3137//1755 
f 2191//1756 2185//1754 3138//1757 
f 2182//1758 2191//1756 3112//1759 
f 2193//1760 2182//1758 3097//1761 
f 2195//1762 2193//1760 3099//1763 
f 2164//1764 2195//1762 3139//1765 
f 2151//1766 2164//1764 3065//1767 
f 2154//1768 2151//1766 3041//1769 
f 2169//1770 2154//1768 3040//1771 
f 2188//1772 2169//1770 3043//1773 
f 2171//1774 2188//1772 3036//1775 
f 2174//1776 2171//1774 3035//1777 
f 2167//1778 2174//1776 3038//1779 
f 2157//1780 2167//1778 3046//1781 
f 2158//1782 2157//1780 3048//1783 
f 2156//1784 2158//1782 3050//1785 
f 2143//1786 2156//1784 3052//1787 
f 2144//1788 2143//1786 3054//1789 
f 2166//1790 2144//1788 3061//1791 
f 3068//1790 3067//1792 2189//1793 
f 3067//1792 2227//1792 2189//1793 
f 2225//1794 2227//1792 3067//1792 
f 2206//1795 2225//1794 3070//1794 
f 2209//1796 2206//1795 3073//1795 
f 2211//1797 2209//1796 3072//1796 
f 2213//1798 2211//1797 3075//1797 
f 2228//1799 2213//1798 3101//1798 
f 2200//1800 2228//1799 3114//1799 
f 3114//1799 3116//1800 2200//1800 
f 3101//1798 3114//1799 2228//1799 
f 3075//1797 3101//1798 2213//1798 
f 3072//1796 3075//1797 2211//1797 
f 3073//1795 3072//1796 2209//1796 
f 3070//1794 3073//1795 2206//1795 
f 3067//1792 3070//1794 2225//1794 
f 2189//1793 2166//1790 3068//1790 
f 3061//1791 3068//1790 2166//1790 
f 3054//1789 3061//1791 2144//1788 
f 3052//1787 3054//1789 2143//1786 
f 3050//1785 3052//1787 2156//1784 
f 3048//1783 3050//1785 2158//1782 
f 3046//1781 3048//1783 2157//1780 
f 3038//1779 3046//1781 2167//1778 
f 3035//1777 3038//1779 2174//1776 
f 3036//1775 3035//1777 2171//1774 
f 3043//1773 3036//1775 2188//1772 
f 3040//1771 3043//1773 2169//1770 
f 3041//1769 3040//1771 2154//1768 
f 3065//1767 3041//1769 2151//1766 
f 3139//1765 3065//1767 2164//1764 
f 3099//1763 3139//1765 2195//1762 
f 3097//1761 3099//1763 2193//1760 
f 3112//1759 3097//1761 2182//1758 
f 3138//1757 3112//1759 2191//1756 
f 3137//1755 3138//1757 2185//1754 
f 3146//1753 3137//1755 2184//1752 
f 3151//1751 3146//1753 2192//1750 
f 3150//1749 3151//1751 2187//1748 
f 3144//1747 3150//1749 2186//1746 
f 3134//1745 3144//1747 2146//1744 
f 3132//1743 3134//1745 2145//1742 
f 3130//1741 3132//1743 2160//1740 
f 3128//1739 3130//1741 2150//1738 
f 3142//1737 3128//1739 2161//1736 
f 3125//1735 3142//1737 2168//1734 
f 3123//1733 3125//1735 2163//1732 
f 3121//1731 3123//1733 2162//1730 
f 3119//1729 3121//1731 2179//1728 
f 3148//1727 3119//1729 2178//1726 
f 3160//1725 3148//1727 2181//1724 
f 3154//1723 3160//1725 2180//1722 
o mesh89
f 2235//1801 3115//1801 3113//1802 
f 2236//1802 3113//1802 3100//1803 
f 2231//1803 3100//1803 3074//1804 
f 2232//1804 3074//1804 3071//1805 
f 2229//1805 3071//1805 3086//1806 
f 3086//1806 3069//1807 2029//1808 
f 3069//1807 2030//1807 2029//1808 
f 2030//1807 3069//1807 3066//1809 
f 2018//1809 3066//1809 3085//1810 
f 2019//1810 3085//1810 3060//1811 
f 2016//1811 3060//1811 3053//1812 
f 2017//1812 3053//1812 3051//1813 
f 2033//1813 3051//1813 3049//1814 
f 2028//1814 3049//1814 3047//1815 
f 2014//1815 3047//1815 3045//1816 
f 2015//1816 3045//1816 3037//1817 
f 2027//1817 3037//1817 3034//1818 
f 2026//1818 3034//1818 3044//1819 
f 2005//1819 3044//1819 3042//1820 
f 2002//1820 3042//1820 3039//1821 
f 2003//1821 3039//1821 3064//1822 
f 2011//1822 3064//1822 3084//1823 
f 2000//1823 3084//1823 3098//1824 
f 1997//1824 3098//1824 3096//1825 
f 1998//1825 3096//1825 3095//1826 
f 2008//1826 3095//1826 3111//1827 
f 1991//1827 3111//1827 3136//1828 
f 1992//1828 3136//1828 3135//1829 
f 1995//1829 3135//1829 3145//1830 
f 1994//1830 3145//1830 3149//1831 
f 1989//1831 3149//1831 3143//1832 
f 1990//1832 3143//1832 3133//1833 
f 1993//1833 3133//1833 3131//1834 
f 1988//1834 3131//1834 3129//1835 
f 1987//1835 3129//1835 3127//1836 
f 1985//1836 3127//1836 3126//1837 
f 1983//1837 3126//1837 3124//1838 
f 1984//1838 3124//1838 3122//1839 
f 1986//1839 3122//1839 3120//1840 
f 1981//1840 3120//1840 3118//1841 
f 1982//1841 3118//1841 3117//1842 
f 1980//1842 3117//1842 3147//1843 
f 1976//1843 3147//1843 3159//1844 
f 1974//1844 3159//1844 3156//1845 
f 1975//1845 3156//1845 3155//1846 
f 1972//1846 3155//1846 3153//1847 
f 1969//1847 3153//1847 3152//1848 
f 1970//1848 3152//1848 3158//1849 
f 2006//1849 3158//1849 3157//1850 
f 3157//1850 2020//1850 2006//1849 
f 3158//1849 2006//1849 1970//1848 
f 3152//1848 1970//1848 1969//1847 
f 3153//1847 1969//1847 1972//1846 
f 3155//1846 1972//1846 1975//1845 
f 3156//1845 1975//1845 1974//1844 
f 3159//1844 1974//1844 1976//1843 
f 3147//1843 1976//1843 1980//1842 
f 3117//1842 1980//1842 1982//1841 
f 3118//1841 1982//1841 1981//1840 
f 3120//1840 1981//1840 1986//1839 
f 3122//1839 1986//1839 1984//1838 
f 3124//1838 1984//1838 1983//1837 
f 3126//1837 1983//1837 1985//1836 
f 3127//1836 1985//1836 1987//1835 
f 3129//1835 1987//1835 1988//1834 
f 3131//1834 1988//1834 1993//1833 
f 3133//1833 1993//1833 1990//1832 
f 3143//1832 1990//1832 1989//1831 
f 3149//1831 1989//1831 1994//1830 
f 3145//1830 1994//1830 1995//1829 
f 3135//1829 1995//1829 1992//1828 
f 3136//1828 1992//1828 1991//1827 
f 3111//1827 1991//1827 2008//1826 
f 3095//1826 2008//1826 1998//1825 
f 3096//1825 1998//1825 1997//1824 
f 3098//1824 1997//1824 2000//1823 
f 3084//1823 2000//1823 2011//1822 
f 3064//1822 2011//1822 2003//1821 
f 3039//1821 2003//1821 2002//1820 
f 3042//1820 2002//1820 2005//1819 
f 3044//1819 2005//1819 2026//1818 
f 3034//1818 2026//1818 2027//1817 
f 3037//1817 2027//1817 2015//1816 
f 3045//1816 2015//1816 2014//1815 
f 3047//1815 2014//1815 2028//1814 
f 3049//1814 2028//1814 2033//1813 
f 3051//1813 2033//1813 2017//1812 
f 3053//1812 2017//1812 2016//1811 
f 3060//1811 2016//1811 2019//1810 
f 3085//1810 2019//1810 2018//1809 
f 3066//1809 2018//1809 2030//1807 
f 2029//1808 2230//1851 3086//1806 
f 3086//1806 2230//1851 2229//1805 
f 3071//1805 2229//1805 2232//1804 
f 3074//1804 2232//1804 2231//1803 
f 3100//1803 2231//1803 2236//1802 
f 3113//1802 2236//1802 2235//1801 
o mesh90
f 3162//1852 3163//1852 1893//1852 
f 3163//1852 1890//1852 1893//1852 
f 1893//1852 2013//1852 3162//1852 
o mesh91
f 1959//1853 1958//1852 3164//1852 
f 1964//1854 1959//1853 3165//1853 
f 1962//1855 1964//1854 3166//1854 
f 1963//1856 1962//1855 3167//1855 
f 3168//1857 1978//1857 1977//1858 
f 1977//1858 3169//1859 3168//1857 
f 1968//1860 1978//1857 3168//1857 
f 1971//1861 1968//1860 3170//1860 
f 1979//1862 1971//1861 3171//1861 
f 1973//1863 1979//1862 3172//1862 
f 3173//1863 3174//1864 1886//1865 
f 3174//1864 1877//1864 1886//1865 
f 1881//1866 1877//1864 3174//1864 
f 1882//1867 1881//1866 3175//1866 
f 1880//1868 1882//1867 3176//1867 
f 1875//1869 1880//1868 3177//1868 
f 1876//1870 1875//1869 3178//1869 
f 1879//1871 1876//1870 3179//1870 
f 1873//1872 1879//1871 3180//1871 
f 1874//1873 1873//1872 3181//1872 
f 1868//1874 1874//1873 3182//1873 
f 1871//1875 1868//1874 3183//1874 
f 1869//1876 1871//1875 3184//1875 
f 1870//1877 1869//1876 3185//1876 
f 1872//1878 1870//1877 3186//1877 
f 1878//1879 1872//1878 3187//1878 
f 1883//1880 1878//1879 3188//1879 
f 1884//1881 1883//1880 3189//1880 
f 3190//1882 2007//1882 1885//1883 
f 1885//1883 3191//1884 3190//1882 
f 2009//1885 2007//1882 3190//1882 
f 1996//1886 2009//1885 3192//1885 
f 1999//1887 1996//1886 3193//1886 
f 2010//1888 1999//1887 3194//1887 
f 2012//1889 2010//1888 3195//1888 
f 2001//1890 2012//1889 3196//1889 
f 2004//1891 2001//1890 3197//1890 
f 2025//1892 2004//1891 3198//1891 
f 2013//1893 2025//1892 3199//1892 
f 3199//1892 3162//1893 2013//1893 
f 3198//1891 3199//1892 2025//1892 
f 3197//1890 3198//1891 2004//1891 
f 3196//1889 3197//1890 2001//1890 
f 3195//1888 3196//1889 2012//1889 
f 3194//1887 3195//1888 2010//1888 
f 3193//1886 3194//1887 1999//1887 
f 3192//1885 3193//1886 1996//1886 
f 3190//1882 3192//1885 2009//1885 
f 1885//1883 1884//1881 3191//1884 
f 3189//1880 3191//1884 1884//1881 
f 3188//1879 3189//1880 1883//1880 
f 3187//1878 3188//1879 1878//1879 
f 3186//1877 3187//1878 1872//1878 
f 3185//1876 3186//1877 1870//1877 
f 3184//1875 3185//1876 1869//1876 
f 3183//1874 3184//1875 1871//1875 
f 3182//1873 3183//1874 1868//1874 
f 3181//1872 3182//1873 1874//1873 
f 3180//1871 3181//1872 1873//1872 
f 3179//1870 3180//1871 1879//1871 
f 3178//1869 3179//1870 1876//1870 
f 3177//1868 3178//1869 1875//1869 
f 3176//1867 3177//1868 1880//1868 
f 3175//1866 3176//1867 1882//1867 
f 3174//1864 3175//1866 1881//1866 
f 1886//1865 1973//1863 3173//1863 
f 3172//1862 3173//1863 1973//1863 
f 3171//1861 3172//1862 1979//1862 
f 3170//1860 3171//1861 1971//1861 
f 3168//1857 3170//1860 1968//1860 
f 1977//1858 1963//1856 3169//1859 
f 3167//1855 3169//1859 1963//1856 
f 3166//1854 3167//1855 1962//1855 
f 3165//1853 3166//1854 1964//1854 
f 3164//1852 3165//1853 1959//1853 
o mesh92
f 1958//1893 1965//1893 3200//1893 
f 3200//1893 3164//1893 1958//1893 
o mesh93
f 3163//1894 3201//1895 1901//1896 
f 3201//1895 1904//1895 1901//1896 
f 1904//1895 3201//1895 3202//1897 
f 1907//1897 3202//1897 3203//1898 
f 1905//1898 3203//1898 3204//1899 
f 3204//1899 3205//1900 1939//1901 
f 3205//1900 1929//1900 1939//1901 
f 1929//1900 3205//1900 3206//1902 
f 1911//1902 3206//1902 3207//1903 
f 1912//1903 3207//1903 3208//1904 
f 1917//1904 3208//1904 3209//1905 
f 1921//1905 3209//1905 3210//1906 
f 1926//1906 3210//1906 3211//1907 
f 1927//1907 3211//1907 3212//1908 
f 1944//1908 3212//1908 3213//1909 
f 1936//1909 3213//1909 3214//1910 
f 1937//1910 3214//1910 3215//1911 
f 1934//1911 3215//1911 3216//1912 
f 1935//1912 3216//1912 3217//1913 
f 1918//1913 3217//1913 3218//1914 
f 1919//1914 3218//1914 3219//1915 
f 1915//1915 3219//1915 3220//1916 
f 1913//1916 3220//1916 3221//1917 
f 1908//1917 3221//1917 3222//1918 
f 1909//1918 3222//1918 3223//1919 
f 1933//1919 3223//1919 3224//1920 
f 1942//1920 3224//1920 3225//1921 
f 1943//1921 3225//1921 3226//1922 
f 1941//1922 3226//1922 3227//1923 
f 1932//1923 3227//1923 3228//1924 
f 1924//1924 3228//1924 3229//1925 
f 1925//1925 3229//1925 3230//1926 
f 1930//1926 3230//1926 3231//1927 
f 3231//1927 3232//1928 1949//1929 
f 3232//1928 1956//1928 1949//1929 
f 1956//1928 3232//1928 3233//1930 
f 3234//1931 1960//1931 1948//1932 
f 1948//1932 3233//1930 3234//1931 
f 1960//1931 3234//1931 3235//1933 
f 1961//1933 3235//1933 3236//1934 
f 1966//1934 3236//1934 3237//1935 
f 1967//1935 3237//1935 3200//1936 
f 3200//1936 1965//1936 1967//1935 
f 3237//1935 1967//1935 1966//1934 
f 3236//1934 1966//1934 1961//1933 
f 3235//1933 1961//1933 1960//1931 
f 1948//1932 1947//1937 3233//1930 
f 3233//1930 1947//1937 1956//1928 
f 1949//1929 1945//1938 3231//1927 
f 3231//1927 1945//1938 1930//1926 
f 3230//1926 1930//1926 1925//1925 
f 3229//1925 1925//1925 1924//1924 
f 3228//1924 1924//1924 1932//1923 
f 3227//1923 1932//1923 1941//1922 
f 3226//1922 1941//1922 1943//1921 
f 3225//1921 1943//1921 1942//1920 
f 3224//1920 1942//1920 1933//1919 
f 3223//1919 1933//1919 1909//1918 
f 3222//1918 1909//1918 1908//1917 
f 3221//1917 1908//1917 1913//1916 
f 3220//1916 1913//1916 1915//1915 
f 3219//1915 1915//1915 1919//1914 
f 3218//1914 1919//1914 1918//1913 
f 3217//1913 1918//1913 1935//1912 
f 3216//1912 1935//1912 1934//1911 
f 3215//1911 1934//1911 1937//1910 
f 3214//1910 1937//1910 1936//1909 
f 3213//1909 1936//1909 1944//1908 
f 3212//1908 1944//1908 1927//1907 
f 3211//1907 1927//1907 1926//1906 
f 3210//1906 1926//1906 1921//1905 
f 3209//1905 1921//1905 1917//1904 
f 3208//1904 1917//1904 1912//1903 
f 3207//1903 1912//1903 1911//1902 
f 3206//1902 1911//1902 1929//1900 
f 1939//1901 1906//1939 3204//1899 
f 3204//1899 1906//1939 1905//1898 
f 3203//1898 1905//1898 1907//1897 
f 3202//1897 1907//1897 1904//1895 
f 1901//1896 1890//1940 3163//1894 
o mesh94
f 3228//1941 3227//1941 3174//1941 
f 3234//1941 3169//1941 3167//1941 
f 3233//1941 3168//1941 3169//1941 
f 3173//1941 3229//1941 3228//1941 
f 3227//1941 3226//1941 3175//1941 
f 3235//1941 3167//1941 3166//1941 
f 3169//1941 3234//1941 3233//1941 
f 3229//1941 3173//1941 3172//1941 
f 3175//1941 3174//1941 3227//1941 
f 3236//1941 3166//1941 3165//1941 
f 3167//1941 3235//1941 3234//1941 
f 3231//1941 3171//1941 3170//1941 
f 3230//1941 3172//1941 3171//1941 
f 3174//1941 3173//1941 3228//1941 
f 3226//1941 3225//1941 3176//1941 
f 3222//1941 3221//1941 3180//1941 
f 3221//1941 3220//1941 3181//1941 
f 3209//1941 3208//1941 3192//1941 
f 3166//1941 3236//1941 3235//1941 
f 3232//1941 3170//1941 3168//1941 
f 3171//1941 3231//1941 3230//1941 
f 3176//1941 3175//1941 3226//1941 
f 3225//1941 3224//1941 3177//1941 
f 3224//1941 3223//1941 3178//1941 
f 3181//1941 3180//1941 3221//1941 
f 3220//1941 3219//1941 3182//1941 
f 3218//1941 3183//1941 3182//1941 
f 3217//1941 3184//1941 3183//1941 
f 3216//1941 3185//1941 3184//1941 
f 3215//1941 3186//1941 3185//1941 
f 3214//1941 3187//1941 3186//1941 
f 3213//1941 3188//1941 3187//1941 
f 3190//1941 3210//1941 3209//1941 
f 3208//1941 3207//1941 3193//1941 
f 3168//1941 3233//1941 3232//1941 
f 3172//1941 3230//1941 3229//1941 
f 3178//1941 3177//1941 3224//1941 
f 3223//1941 3222//1941 3179//1941 
f 3182//1941 3181//1941 3220//1941 
f 3183//1941 3218//1941 3217//1941 
f 3185//1941 3216//1941 3215//1941 
f 3187//1941 3214//1941 3213//1941 
f 3211//1941 3191//1941 3189//1941 
f 3210//1941 3190//1941 3191//1941 
f 3193//1941 3192//1941 3208//1941 
f 3207//1941 3206//1941 3194//1941 
f 3206//1941 3205//1941 3195//1941 
f 3205//1941 3204//1941 3196//1941 
f 3170//1941 3232//1941 3231//1941 
f 3179//1941 3178//1941 3223//1941 
f 3182//1941 3219//1941 3218//1941 
f 3186//1941 3215//1941 3214//1941 
f 3212//1941 3189//1941 3188//1941 
f 3191//1941 3211//1941 3210//1941 
f 3194//1941 3193//1941 3207//1941 
f 3196//1941 3195//1941 3205//1941 
f 3177//1941 3176//1941 3225//1941 
f 3184//1941 3217//1941 3216//1941 
f 3189//1941 3212//1941 3211//1941 
f 3195//1941 3194//1941 3206//1941 
f 3204//1941 3203//1941 3197//1941 
f 3203//1941 3202//1941 3198//1941 
f 3202//1941 3201//1941 3199//1941 
f 3201//1941 3163//1941 3162//1941 
f 3180//1941 3179//1941 3222//1941 
f 3192//1941 3190//1941 3209//1941 
f 3198//1941 3197//1941 3203//1941 
f 3162//1941 3199//1941 3201//1941 
f 3188//1941 3213//1941 3212//1941 
f 3199//1941 3198//1941 3202//1941 
f 3237//1941 3165//1941 3164//1941 
f 3197//1941 3196//1941 3204//1941 
f 3165//1941 3237//1941 3236//1941 
f 3164//1941 3200//1941 3237//1941 
o mesh95
f 3238//1942 2291//1942 2292//1942 
f 2292//1942 3239//1942 3238//1942 
f 2292//1942 2285//1942 3239//1942 
o mesh96
f 2343//1943 2346//1942 3240//1942 
f 2344//1944 2343//1943 3241//1943 
f 2339//1945 2344//1944 3242//1944 
f 2341//1946 2339//1945 3243//1945 
f 2345//1947 2341//1946 3244//1946 
f 3245//1947 3246//1948 2239//1949 
f 3246//1948 2240//1948 2239//1949 
f 2237//1950 2240//1948 3246//1948 
f 2238//1951 2237//1950 3247//1950 
f 3248//1951 3249//1952 2272//1953 
f 3249//1952 2269//1952 2272//1953 
f 2267//1954 2269//1952 3249//1952 
f 2268//1955 2267//1954 3250//1954 
f 2265//1956 2268//1955 3251//1955 
f 2258//1957 2265//1956 3252//1956 
f 2259//1958 2258//1957 3253//1957 
f 2262//1959 2259//1958 3254//1958 
f 2263//1960 2262//1959 3255//1959 
f 3256//1960 3257//1961 2257//1962 
f 3257//1961 2255//1961 2257//1962 
f 2256//1963 2255//1961 3257//1961 
f 2251//1964 2256//1963 3258//1963 
f 2252//1965 2251//1964 3259//1964 
f 2254//1966 2252//1965 3260//1965 
f 2241//1967 2254//1966 3261//1966 
f 2249//1968 2241//1967 3262//1967 
f 2247//1969 2249//1968 3263//1968 
f 2248//1970 2247//1969 3264//1969 
f 2253//1971 2248//1970 3265//1970 
f 2246//1972 2253//1971 3266//1971 
f 2245//1973 2246//1972 3267//1972 
f 2244//1974 2245//1973 3268//1973 
f 2242//1975 2244//1974 3269//1974 
f 2243//1976 2242//1975 3270//1975 
f 2250//1977 2243//1976 3271//1976 
f 3272//1978 2281//1978 2260//1979 
f 2260//1979 3273//1980 3272//1978 
f 2280//1981 2281//1978 3272//1978 
f 2282//1982 2280//1981 3274//1981 
f 3275//1982 3276//1983 2283//1984 
f 3276//1983 2290//1983 2283//1984 
f 2288//1985 2290//1983 3276//1983 
f 2289//1986 2288//1985 3277//1985 
f 2287//1987 2289//1986 3278//1986 
f 2286//1988 2287//1987 3279//1987 
f 2284//1989 2286//1988 3280//1988 
f 2285//1990 2284//1989 3281//1989 
f 3281//1989 3239//1990 2285//1990 
f 3280//1988 3281//1989 2284//1989 
f 3279//1987 3280//1988 2286//1988 
f 3278//1986 3279//1987 2287//1987 
f 3277//1985 3278//1986 2289//1986 
f 3276//1983 3277//1985 2288//1985 
f 2283//1984 2282//1982 3275//1982 
f 3274//1981 3275//1982 2282//1982 
f 3272//1978 3274//1981 2280//1981 
f 2260//1979 2250//1977 3273//1980 
f 3271//1976 3273//1980 2250//1977 
f 3270//1975 3271//1976 2243//1976 
f 3269//1974 3270//1975 2242//1975 
f 3268//1973 3269//1974 2244//1974 
f 3267//1972 3268//1973 2245//1973 
f 3266//1971 3267//1972 2246//1972 
f 3265//1970 3266//1971 2253//1971 
f 3264//1969 3265//1970 2248//1970 
f 3263//1968 3264//1969 2247//1969 
f 3262//1967 3263//1968 2249//1968 
f 3261//1966 3262//1967 2241//1967 
f 3260//1965 3261//1966 2254//1966 
f 3259//1964 3260//1965 2252//1965 
f 3258//1963 3259//1964 2251//1964 
f 3257//1961 3258//1963 2256//1963 
f 2257//1962 2263//1960 3256//1960 
f 3255//1959 3256//1960 2263//1960 
f 3254//1958 3255//1959 2262//1959 
f 3253//1957 3254//1958 2259//1958 
f 3252//1956 3253//1957 2258//1957 
f 3251//1955 3252//1956 2265//1956 
f 3250//1954 3251//1955 2268//1955 
f 3249//1952 3250//1954 2267//1954 
f 2272//1953 2238//1951 3248//1951 
f 3247//1950 3248//1951 2238//1951 
f 3246//1948 3247//1950 2237//1950 
f 2239//1949 2345//1947 3245//1947 
f 3244//1946 3245//1947 2345//1947 
f 3243//1945 3244//1946 2341//1946 
f 3242//1944 3243//1945 2339//1945 
f 3241//1943 3242//1944 2344//1944 
f 3240//1942 3241//1943 2343//1943 
o mesh97
f 3240//1990 2346//1990 2348//1990 
f 2348//1990 3282//1990 3240//1990 
o mesh98
f 2291//1991 3238//1991 3283//1992 
f 3284//1993 2295//1993 2294//1994 
f 2294//1994 3283//1992 3284//1993 
f 2295//1993 3284//1993 3285//1995 
f 3285//1995 3286//1996 2302//1997 
f 3286//1996 2301//1996 2302//1997 
f 2301//1996 3286//1996 3287//1998 
f 2299//1998 3287//1998 3288//1999 
f 2300//1999 3288//1999 3289//2000 
f 3289//2000 3290//2001 2298//2002 
f 3290//2001 2321//2001 2298//2002 
f 2321//2001 3290//2001 3291//2003 
f 2322//2003 3291//2003 3292//2004 
f 2307//2004 3292//2004 3293//2005 
f 2306//2005 3293//2005 3294//2006 
f 2313//2006 3294//2006 3295//2007 
f 2312//2007 3295//2007 3296//2008 
f 2303//2008 3296//2008 3297//2009 
f 2304//2009 3297//2009 3298//2010 
f 2305//2010 3298//2010 3299//2011 
f 2311//2011 3299//2011 3300//2012 
f 2310//2012 3300//2012 3301//2013 
f 2308//2013 3301//2013 3302//2014 
f 2309//2014 3302//2014 3303//2015 
f 2317//2015 3303//2015 3304//2016 
f 2315//2016 3304//2016 3305//2017 
f 2316//2017 3305//2017 3306//2018 
f 2320//2018 3306//2018 3307//2019 
f 2324//2019 3307//2019 3308//2020 
f 2325//2020 3308//2020 3309//2021 
f 2319//2021 3309//2021 3310//2022 
f 2314//2022 3310//2022 3311//2023 
f 2318//2023 3311//2023 3312//2024 
f 2323//2024 3312//2024 3313//2025 
f 2326//2025 3313//2025 3314//2026 
f 3314//2026 3315//2027 2328//2028 
f 3315//2027 2329//2027 2328//2028 
f 3316//2029 2336//2029 2338//2030 
f 2338//2030 3315//2027 3316//2029 
f 2336//2029 3316//2029 3317//2031 
f 2337//2031 3317//2031 3318//2032 
f 2334//2032 3318//2032 3319//2033 
f 2335//2033 3319//2033 3320//2034 
f 2333//2034 3320//2034 3321//2035 
f 2331//2035 3321//2035 3322//2036 
f 3322//2036 3323//2037 2330//2038 
f 3323//2037 2350//2037 2330//2038 
f 2350//2037 3323//2037 3324//2039 
f 2349//2039 3324//2039 3325//2040 
f 2347//2040 3325//2040 3282//2041 
f 3282//2041 2348//2041 2347//2040 
f 3325//2040 2347//2040 2349//2039 
f 3324//2039 2349//2039 2350//2037 
f 2330//2038 2332//2042 3322//2036 
f 3322//2036 2332//2042 2331//2035 
f 3321//2035 2331//2035 2333//2034 
f 3320//2034 2333//2034 2335//2033 
f 3319//2033 2335//2033 2334//2032 
f 3318//2032 2334//2032 2337//2031 
f 3317//2031 2337//2031 2336//2029 
f 2338//2030 2329//2027 3315//2027 
f 2328//2028 2327//2043 3314//2026 
f 3314//2026 2327//2043 2326//2025 
f 3313//2025 2326//2025 2323//2024 
f 3312//2024 2323//2024 2318//2023 
f 3311//2023 2318//2023 2314//2022 
f 3310//2022 2314//2022 2319//2021 
f 3309//2021 2319//2021 2325//2020 
f 3308//2020 2325//2020 2324//2019 
f 3307//2019 2324//2019 2320//2018 
f 3306//2018 2320//2018 2316//2017 
f 3305//2017 2316//2017 2315//2016 
f 3304//2016 2315//2016 2317//2015 
f 3303//2015 2317//2015 2309//2014 
f 3302//2014 2309//2014 2308//2013 
f 3301//2013 2308//2013 2310//2012 
f 3300//2012 2310//2012 2311//2011 
f 3299//2011 2311//2011 2305//2010 
f 3298//2010 2305//2010 2304//2009 
f 3297//2009 2304//2009 2303//2008 
f 3296//2008 2303//2008 2312//2007 
f 3295//2007 2312//2007 2313//2006 
f 3294//2006 2313//2006 2306//2005 
f 3293//2005 2306//2005 2307//2004 
f 3292//2004 2307//2004 2322//2003 
f 3291//2003 2322//2003 2321//2001 
f 2298//2002 2297//2044 3289//2000 
f 3289//2000 2297//2044 2300//1999 
f 3288//1999 2300//1999 2299//1998 
f 3287//1998 2299//1998 2301//1996 
f 2302//1997 2296//2045 3285//1995 
f 3285//1995 2296//2045 2295//1993 
f 2294//1994 2293//2046 3283//1992 
f 3283//1992 2293//2046 2291//1991 
o mesh99
f 3311//2047 3310//2047 3255//2047 
f 3310//2047 3309//2047 3256//2047 
f 3307//2047 3306//2047 3259//2047 
f 3306//2047 3305//2047 3260//2047 
f 3314//2047 3313//2047 3252//2047 
f 3313//2047 3312//2047 3253//2047 
f 3256//2047 3255//2047 3310//2047 
f 3309//2047 3308//2047 3257//2047 
f 3308//2047 3307//2047 3258//2047 
f 3260//2047 3259//2047 3306//2047 
f 3253//2047 3252//2047 3313//2047 
f 3312//2047 3311//2047 3254//2047 
f 3257//2047 3256//2047 3309//2047 
f 3259//2047 3258//2047 3307//2047 
f 3303//2047 3262//2047 3261//2047 
f 3302//2047 3263//2047 3262//2047 
f 3298//2047 3267//2047 3266//2047 
f 3297//2047 3268//2047 3267//2047 
f 3291//2047 3290//2047 3274//2047 
f 3290//2047 3289//2047 3275//2047 
f 3254//2047 3253//2047 3312//2047 
f 3258//2047 3257//2047 3308//2047 
f 3305//2047 3304//2047 3261//2047 
f 3262//2047 3303//2047 3302//2047 
f 3301//2047 3264//2047 3263//2047 
f 3300//2047 3265//2047 3264//2047 
f 3267//2047 3298//2047 3297//2047 
f 3296//2047 3269//2047 3268//2047 
f 3293//2047 3292//2047 3273//2047 
f 3275//2047 3274//2047 3290//2047 
f 3289//2047 3288//2047 3276//2047 
f 3288//2047 3287//2047 3277//2047 
f 3287//2047 3286//2047 3278//2047 
f 3255//2047 3254//2047 3311//2047 
f 3261//2047 3304//2047 3303//2047 
f 3264//2047 3301//2047 3300//2047 
f 3299//2047 3266//2047 3265//2047 
f 3268//2047 3297//2047 3296//2047 
f 3295//2047 3270//2047 3269//2047 
f 3271//2047 3294//2047 3293//2047 
f 3292//2047 3291//2047 3272//2047 
f 3276//2047 3275//2047 3289//2047 
f 3278//2047 3277//2047 3287//2047 
f 3286//2047 3285//2047 3279//2047 
f 3285//2047 3284//2047 3280//2047 
f 3284//2047 3283//2047 3281//2047 
f 3283//2047 3238//2047 3239//2047 
f 3323//2047 3243//2047 3242//2047 
f 3322//2047 3244//2047 3243//2047 
f 3321//2047 3245//2047 3244//2047 
f 3320//2047 3246//2047 3245//2047 
f 3319//2047 3247//2047 3246//2047 
f 3318//2047 3248//2047 3247//2047 
f 3261//2047 3260//2047 3305//2047 
f 3265//2047 3300//2047 3299//2047 
f 3269//2047 3296//2047 3295//2047 
f 3294//2047 3271//2047 3270//2047 
f 3272//2047 3273//2047 3292//2047 
f 3277//2047 3276//2047 3288//2047 
f 3280//2047 3279//2047 3285//2047 
f 3239//2047 3281//2047 3283//2047 
f 3243//2047 3323//2047 3322//2047 
f 3245//2047 3321//2047 3320//2047 
f 3247//2047 3319//2047 3318//2047 
f 3317//2047 3249//2047 3248//2047 
f 3315//2047 3251//2047 3250//2047 
f 3263//2047 3302//2047 3301//2047 
f 3270//2047 3295//2047 3294//2047 
f 3274//2047 3272//2047 3291//2047 
f 3281//2047 3280//2047 3284//2047 
f 3325//2047 3241//2047 3240//2047 
f 3324//2047 3242//2047 3241//2047 
f 3244//2047 3322//2047 3321//2047 
f 3248//2047 3318//2047 3317//2047 
f 3316//2047 3250//2047 3249//2047 
f 3250//2047 3316//2047 3315//2047 
f 3266//2047 3299//2047 3298//2047 
f 3279//2047 3278//2047 3286//2047 
f 3241//2047 3325//2047 3324//2047 
f 3246//2047 3320//2047 3319//2047 
f 3315//2047 3314//2047 3251//2047 
f 3273//2047 3271//2047 3293//2047 
f 3242//2047 3324//2047 3323//2047 
f 3252//2047 3251//2047 3314//2047 
f 3249//2047 3317//2047 3316//2047 
f 3240//2047 3282//2047 3325//2047 
