# OBJ generated by ONSHAPE BY PTC INC, 1.217 Units = meters
mtllib L3M3.mtl
g Part 1
v 0.507761 -0.0155676 -0.00254 
v 0.507046 -0.0311206 -0.00254 
v 0.505854 -0.0466443 -0.00254 
v 0.504187 -0.0621243 -0.00254 
v 0.502046 -0.0775458 -0.00254 
v 0.499434 -0.0928946 -0.00254 
v 0.496353 -0.108156 -0.00254 
v 0.492805 -0.123316 -0.00254 
v 0.488795 -0.13836 -0.00254 
v 0.484325 -0.153274 -0.00254 
v 0.479401 -0.168044 -0.00254 
v 0.474026 -0.182656 -0.00254 
v 0.468206 -0.197097 -0.00254 
v 0.461946 -0.211353 -0.00254 
v 0.455252 -0.22541 -0.00254 
v 0.448131 -0.239255 -0.00254 
v 0.440588 -0.252876 -0.00254 
v 0.432632 -0.266259 -0.00254 
v 0.424269 -0.279391 -0.00254 
v 0.415508 -0.292262 -0.00254 
v 0.406357 -0.304858 -0.00254 
v 0.396823 -0.317167 -0.00254 
v 0.386918 -0.329179 -0.00254 
v 0.376648 -0.340881 -0.00254 
v 0.366025 -0.352264 -0.00254 
v 0.355058 -0.363315 -0.00254 
v 0.343757 -0.374025 -0.00254 
v 0.332134 -0.384384 -0.00254 
v 0.320199 -0.394382 -0.00254 
v 0.307963 -0.404009 -0.00254 
v 0.295437 -0.413257 -0.00254 
v 0.282634 -0.422116 -0.00254 
v 0.269566 -0.430579 -0.00254 
v 0.256244 -0.438638 -0.00254 
v 0.242682 -0.446284 -0.00254 
v 0.228891 -0.453512 -0.00254 
v 0.214886 -0.460313 -0.00254 
v 0.200679 -0.466682 -0.00254 
v 0.186283 -0.472612 -0.00254 
v 0.171713 -0.478099 -0.00254 
v 0.156981 -0.483137 -0.00254 
v 0.142101 -0.48772 -0.00254 
v 0.127088 -0.491846 -0.00254 
v 0.111956 -0.49551 -0.00254 
v 0.0967187 -0.498708 -0.00254 
v 0.0813904 -0.501438 -0.00254 
v 0.0659857 -0.503696 -0.00254 
v 0.050519 -0.505482 -0.00254 
v 0.0350048 -0.506793 -0.00254 
v 0.0194578 -0.507627 -0.00254 
v 0.00389247 -0.507985 -0.00254 
v -0.0116765 -0.507866 -0.00254 
v -0.0272345 -0.507269 -0.00254 
v -0.0427669 -0.506197 -0.00254 
v -0.0582592 -0.504648 -0.00254 
v -0.0736967 -0.502626 -0.00254 
v -0.089065 -0.500131 -0.00254 
v -0.10435 -0.497167 -0.00254 
v -0.119536 -0.493736 -0.00254 
v -0.134611 -0.489841 -0.00254 
v -0.149558 -0.485486 -0.00254 
v -0.164366 -0.480674 -0.00254 
v -0.179019 -0.475412 -0.00254 
v -0.193504 -0.469702 -0.00254 
v -0.207807 -0.463552 -0.00254 
v -0.221915 -0.456966 -0.00254 
v -0.235814 -0.449951 -0.00254 
v -0.249492 -0.442513 -0.00254 
v -0.262936 -0.434659 -0.00254 
v -0.276132 -0.426398 -0.00254 
v -0.28907 -0.417735 -0.00254 
v -0.301735 -0.408681 -0.00254 
v -0.314117 -0.399242 -0.00254 
v -0.326205 -0.389428 -0.00254 
v -0.337985 -0.379249 -0.00254 
v -0.349449 -0.368713 -0.00254 
v -0.360584 -0.357831 -0.00254 
v -0.37138 -0.346613 -0.00254 
v -0.381828 -0.33507 -0.00254 
v -0.391917 -0.323211 -0.00254 
v -0.401637 -0.311049 -0.00254 
v -0.410981 -0.298595 -0.00254 
v -0.419938 -0.28586 -0.00254 
v -0.428501 -0.272857 -0.00254 
v -0.436661 -0.259597 -0.00254 
v -0.444412 -0.246094 -0.00254 
v -0.451744 -0.23236 -0.00254 
v -0.458653 -0.218407 -0.00254 
v -0.465131 -0.204249 -0.00254 
v -0.471171 -0.189899 -0.00254 
v -0.476769 -0.175371 -0.00254 
v -0.48192 -0.160678 -0.00254 
v -0.486617 -0.145834 -0.00254 
v -0.490858 -0.130853 -0.00254 
v -0.494637 -0.11575 -0.00254 
v -0.497952 -0.100537 -0.00254 
v -0.500799 -0.0852302 -0.00254 
v -0.503176 -0.0698432 -0.00254 
v -0.50508 -0.0543907 -0.00254 
v -0.506509 -0.038887 -0.00254 
v -0.507463 -0.0233468 -0.00254 
v -0.50794 -0.00778472 -0.00254 
v -0.50794 0.00778472 -0.00254 
v -0.507463 0.0233468 -0.00254 
v -0.506509 0.038887 -0.00254 
v -0.50508 0.0543907 -0.00254 
v -0.503176 0.0698432 -0.00254 
v -0.500799 0.0852302 -0.00254 
v -0.497952 0.100537 -0.00254 
v -0.494637 0.11575 -0.00254 
v -0.490858 0.130853 -0.00254 
v -0.486617 0.145834 -0.00254 
v -0.48192 0.160678 -0.00254 
v -0.476769 0.175371 -0.00254 
v -0.471171 0.189899 -0.00254 
v -0.465131 0.204249 -0.00254 
v -0.458653 0.218407 -0.00254 
v -0.451744 0.23236 -0.00254 
v -0.444412 0.246094 -0.00254 
v -0.436661 0.259597 -0.00254 
v -0.428501 0.272857 -0.00254 
v -0.419938 0.28586 -0.00254 
v -0.410981 0.298595 -0.00254 
v -0.401637 0.311049 -0.00254 
v -0.391917 0.323211 -0.00254 
v -0.381828 0.33507 -0.00254 
v -0.37138 0.346613 -0.00254 
v -0.360584 0.357831 -0.00254 
v -0.349449 0.368713 -0.00254 
v -0.337985 0.379249 -0.00254 
v -0.326205 0.389428 -0.00254 
v -0.314117 0.399242 -0.00254 
v -0.301735 0.408681 -0.00254 
v -0.28907 0.417735 -0.00254 
v -0.276132 0.426398 -0.00254 
v -0.262936 0.434659 -0.00254 
v -0.249492 0.442513 -0.00254 
v -0.235814 0.449951 -0.00254 
v -0.221915 0.456966 -0.00254 
v -0.207807 0.463552 -0.00254 
v -0.193504 0.469702 -0.00254 
v -0.179019 0.475412 -0.00254 
v -0.164366 0.480674 -0.00254 
v -0.149558 0.485486 -0.00254 
v -0.134611 0.489841 -0.00254 
v -0.119536 0.493736 -0.00254 
v -0.10435 0.497167 -0.00254 
v -0.089065 0.500131 -0.00254 
v -0.0736967 0.502626 -0.00254 
v -0.0582592 0.504648 -0.00254 
v -0.0427669 0.506197 -0.00254 
v -0.0272345 0.507269 -0.00254 
v -0.0116765 0.507866 -0.00254 
v 0.00389247 0.507985 -0.00254 
v 0.0194578 0.507627 -0.00254 
v 0.0350048 0.506793 -0.00254 
v 0.050519 0.505482 -0.00254 
v 0.0659857 0.503696 -0.00254 
v 0.0813904 0.501438 -0.00254 
v 0.0967187 0.498708 -0.00254 
v 0.111956 0.49551 -0.00254 
v 0.127088 0.491846 -0.00254 
v 0.142101 0.48772 -0.00254 
v 0.156981 0.483137 -0.00254 
v 0.171713 0.478099 -0.00254 
v 0.186283 0.472612 -0.00254 
v 0.200679 0.466682 -0.00254 
v 0.214886 0.460313 -0.00254 
v 0.228891 0.453512 -0.00254 
v 0.242682 0.446284 -0.00254 
v 0.256244 0.438638 -0.00254 
v 0.269566 0.430579 -0.00254 
v 0.282634 0.422116 -0.00254 
v 0.295437 0.413257 -0.00254 
v 0.307963 0.404009 -0.00254 
v 0.320199 0.394382 -0.00254 
v 0.332134 0.384384 -0.00254 
v 0.343757 0.374025 -0.00254 
v 0.355058 0.363315 -0.00254 
v 0.366025 0.352264 -0.00254 
v 0.376648 0.340881 -0.00254 
v 0.386918 0.329179 -0.00254 
v 0.396823 0.317167 -0.00254 
v 0.406357 0.304858 -0.00254 
v 0.415508 0.292262 -0.00254 
v 0.424269 0.279391 -0.00254 
v 0.432632 0.266259 -0.00254 
v 0.440588 0.252876 -0.00254 
v 0.448131 0.239255 -0.00254 
v 0.455252 0.22541 -0.00254 
v 0.461946 0.211353 -0.00254 
v 0.468206 0.197097 -0.00254 
v 0.474026 0.182656 -0.00254 
v 0.479401 0.168044 -0.00254 
v 0.484325 0.153274 -0.00254 
v 0.488795 0.13836 -0.00254 
v 0.492805 0.123316 -0.00254 
v 0.496353 0.108156 -0.00254 
v 0.499434 0.0928946 -0.00254 
v 0.502046 0.0775458 -0.00254 
v 0.504187 0.0621243 -0.00254 
v 0.505854 0.0466443 -0.00254 
v 0.507046 0.0311206 -0.00254 
v 0.507761 0.0155676 -0.00254 
v 0.508 -9.33181e-17 -0.00254 
v 0 3.1106e-17 -0.00254 
v 0.508 3.1106e-17 0.0762 
v 0.507761 0.0155676 0.0762 
v 0.507046 0.0311206 0.0762 
v 0.505854 0.0466443 0.0762 
v 0.504187 0.0621243 0.0762 
v 0.502046 0.0775458 0.0762 
v 0.499434 0.0928946 0.0762 
v 0.496353 0.108156 0.0762 
v 0.492805 0.123316 0.0762 
v 0.488795 0.13836 0.0762 
v 0.484325 0.153274 0.0762 
v 0.479401 0.168044 0.0762 
v 0.474026 0.182656 0.0762 
v 0.468206 0.197097 0.0762 
v 0.461946 0.211353 0.0762 
v 0.455252 0.22541 0.0762 
v 0.448131 0.239255 0.0762 
v 0.440588 0.252876 0.0762 
v 0.432632 0.266259 0.0762 
v 0.424269 0.279391 0.0762 
v 0.415508 0.292262 0.0762 
v 0.406357 0.304858 0.0762 
v 0.396823 0.317167 0.0762 
v 0.386918 0.329179 0.0762 
v 0.376648 0.340881 0.0762 
v 0.366025 0.352264 0.0762 
v 0.355058 0.363315 0.0762 
v 0.343757 0.374025 0.0762 
v 0.332134 0.384384 0.0762 
v 0.320199 0.394382 0.0762 
v 0.307963 0.404009 0.0762 
v 0.295437 0.413257 0.0762 
v 0.282634 0.422116 0.0762 
v 0.269566 0.430579 0.0762 
v 0.256244 0.438638 0.0762 
v 0.242682 0.446284 0.0762 
v 0.228891 0.453512 0.0762 
v 0.214886 0.460313 0.0762 
v 0.200679 0.466682 0.0762 
v 0.186283 0.472612 0.0762 
v 0.171713 0.478099 0.0762 
v 0.156981 0.483137 0.0762 
v 0.142101 0.48772 0.0762 
v 0.127088 0.491846 0.0762 
v 0.111956 0.49551 0.0762 
v 0.0967187 0.498708 0.0762 
v 0.0813904 0.501438 0.0762 
v 0.0659857 0.503696 0.0762 
v 0.050519 0.505482 0.0762 
v 0.0350048 0.506793 0.0762 
v 0.0194578 0.507627 0.0762 
v 0.00389247 0.507985 0.0762 
v -0.0116765 0.507866 0.0762 
v -0.0272345 0.507269 0.0762 
v -0.0427669 0.506197 0.0762 
v -0.0582592 0.504648 0.0762 
v -0.0736967 0.502626 0.0762 
v -0.089065 0.500131 0.0762 
v -0.10435 0.497167 0.0762 
v -0.119536 0.493736 0.0762 
v -0.134611 0.489841 0.0762 
v -0.149558 0.485486 0.0762 
v -0.164366 0.480674 0.0762 
v -0.179019 0.475412 0.0762 
v -0.193504 0.469702 0.0762 
v -0.207807 0.463552 0.0762 
v -0.221915 0.456966 0.0762 
v -0.235814 0.449951 0.0762 
v -0.249492 0.442513 0.0762 
v -0.262936 0.434659 0.0762 
v -0.276132 0.426398 0.0762 
v -0.28907 0.417735 0.0762 
v -0.301735 0.408681 0.0762 
v -0.314117 0.399242 0.0762 
v -0.326205 0.389428 0.0762 
v -0.337985 0.379249 0.0762 
v -0.349449 0.368713 0.0762 
v -0.360584 0.357831 0.0762 
v -0.37138 0.346613 0.0762 
v -0.381828 0.33507 0.0762 
v -0.391917 0.323211 0.0762 
v -0.401637 0.311049 0.0762 
v -0.410981 0.298595 0.0762 
v -0.419938 0.28586 0.0762 
v -0.428501 0.272857 0.0762 
v -0.436661 0.259597 0.0762 
v -0.444412 0.246094 0.0762 
v -0.451744 0.23236 0.0762 
v -0.458653 0.218407 0.0762 
v -0.465131 0.204249 0.0762 
v -0.471171 0.189899 0.0762 
v -0.476769 0.175371 0.0762 
v -0.48192 0.160678 0.0762 
v -0.486617 0.145834 0.0762 
v -0.490858 0.130853 0.0762 
v -0.494637 0.11575 0.0762 
v -0.497952 0.100537 0.0762 
v -0.500799 0.0852302 0.0762 
v -0.503176 0.0698432 0.0762 
v -0.50508 0.0543907 0.0762 
v -0.506509 0.038887 0.0762 
v -0.507463 0.0233468 0.0762 
v -0.50794 0.00778472 0.0762 
v -0.50794 -0.00778472 0.0762 
v -0.507463 -0.0233468 0.0762 
v -0.506509 -0.038887 0.0762 
v -0.50508 -0.0543907 0.0762 
v -0.503176 -0.0698432 0.0762 
v -0.500799 -0.0852302 0.0762 
v -0.497952 -0.100537 0.0762 
v -0.494637 -0.11575 0.0762 
v -0.490858 -0.130853 0.0762 
v -0.486617 -0.145834 0.0762 
v -0.48192 -0.160678 0.0762 
v -0.476769 -0.175371 0.0762 
v -0.471171 -0.189899 0.0762 
v -0.465131 -0.204249 0.0762 
v -0.458653 -0.218407 0.0762 
v -0.451744 -0.23236 0.0762 
v -0.444412 -0.246094 0.0762 
v -0.436661 -0.259597 0.0762 
v -0.428501 -0.272857 0.0762 
v -0.419938 -0.28586 0.0762 
v -0.410981 -0.298595 0.0762 
v -0.401637 -0.311049 0.0762 
v -0.391917 -0.323211 0.0762 
v -0.381828 -0.33507 0.0762 
v -0.37138 -0.346613 0.0762 
v -0.360584 -0.357831 0.0762 
v -0.349449 -0.368713 0.0762 
v -0.337985 -0.379249 0.0762 
v -0.326205 -0.389428 0.0762 
v -0.314117 -0.399242 0.0762 
v -0.301735 -0.408681 0.0762 
v -0.28907 -0.417735 0.0762 
v -0.276132 -0.426398 0.0762 
v -0.262936 -0.434659 0.0762 
v -0.249492 -0.442513 0.0762 
v -0.235814 -0.449951 0.0762 
v -0.221915 -0.456966 0.0762 
v -0.207807 -0.463552 0.0762 
v -0.193504 -0.469702 0.0762 
v -0.179019 -0.475412 0.0762 
v -0.164366 -0.480674 0.0762 
v -0.149558 -0.485486 0.0762 
v -0.134611 -0.489841 0.0762 
v -0.119536 -0.493736 0.0762 
v -0.10435 -0.497167 0.0762 
v -0.089065 -0.500131 0.0762 
v -0.0736967 -0.502626 0.0762 
v -0.0582592 -0.504648 0.0762 
v -0.0427669 -0.506197 0.0762 
v -0.0272345 -0.507269 0.0762 
v -0.0116765 -0.507866 0.0762 
v 0.00389247 -0.507985 0.0762 
v 0.0194578 -0.507627 0.0762 
v 0.0350048 -0.506793 0.0762 
v 0.050519 -0.505482 0.0762 
v 0.0659857 -0.503696 0.0762 
v 0.0813904 -0.501438 0.0762 
v 0.0967187 -0.498708 0.0762 
v 0.111956 -0.49551 0.0762 
v 0.127088 -0.491846 0.0762 
v 0.142101 -0.48772 0.0762 
v 0.156981 -0.483137 0.0762 
v 0.171713 -0.478099 0.0762 
v 0.186283 -0.472612 0.0762 
v 0.200679 -0.466682 0.0762 
v 0.214886 -0.460313 0.0762 
v 0.228891 -0.453512 0.0762 
v 0.242682 -0.446284 0.0762 
v 0.256244 -0.438638 0.0762 
v 0.269566 -0.430579 0.0762 
v 0.282634 -0.422116 0.0762 
v 0.295437 -0.413257 0.0762 
v 0.307963 -0.404009 0.0762 
v 0.320199 -0.394382 0.0762 
v 0.332134 -0.384384 0.0762 
v 0.343757 -0.374025 0.0762 
v 0.355058 -0.363315 0.0762 
v 0.366025 -0.352264 0.0762 
v 0.376648 -0.340881 0.0762 
v 0.386918 -0.329179 0.0762 
v 0.396823 -0.317167 0.0762 
v 0.406357 -0.304858 0.0762 
v 0.415508 -0.292262 0.0762 
v 0.424269 -0.279391 0.0762 
v 0.432632 -0.266259 0.0762 
v 0.440588 -0.252876 0.0762 
v 0.448131 -0.239255 0.0762 
v 0.455252 -0.22541 0.0762 
v 0.461946 -0.211353 0.0762 
v 0.468206 -0.197097 0.0762 
v 0.474026 -0.182656 0.0762 
v 0.479401 -0.168044 0.0762 
v 0.484325 -0.153274 0.0762 
v 0.488795 -0.13836 0.0762 
v 0.492805 -0.123316 0.0762 
v 0.496353 -0.108156 0.0762 
v 0.499434 -0.0928946 0.0762 
v 0.502046 -0.0775458 0.0762 
v 0.504187 -0.0621243 0.0762 
v 0.505854 -0.0466443 0.0762 
v 0.507046 -0.0311206 0.0762 
v 0.507761 -0.0155676 0.0762 
v 0.342758 -0.36455 0.0762 
v 0.331369 -0.374933 0.0762 
v 0.353822 -0.353822 0.0762 
v -0.206829 0.407742 0.0762 
v -0.192804 0.37783 0.0762 
v -0.180046 0.384073 0.0762 
v -0.219606 0.401005 0.0762 
v -0.205345 0.371163 0.0762 
v -0.232165 0.393867 0.0762 
v -0.217657 0.36408 0.0762 
v -0.244492 0.386336 0.0762 
v -0.229724 0.356589 0.0762 
v -0.268401 0.370125 0.0762 
v -0.253073 0.340416 0.0762 
v -0.241534 0.348698 0.0762 
v -0.27996 0.361461 0.0762 
v -0.264328 0.331752 0.0762 
v -0.490616 0.0983662 0.0762 
v -0.487395 0.113254 0.0762 
v -0.493383 0.0833877 0.0762 
v 0.36455 -0.342758 0.0762 
v 0.443183 0.112341 0.0762 
v 0.409726 0.109786 0.0762 
v 0.413099 0.0963212 0.0762 
v 0.439413 0.126286 0.0762 
v 0.405915 0.123133 0.0762 
v -0.353822 0.353822 0.0762 
v -0.167308 0.425488 0.0762 
v -0.180666 0.41999 0.0762 
v -0.167086 0.389886 0.0762 
v -0.193844 0.414073 0.0762 
v -0.256575 0.378419 0.0762 
v -0.495692 0.0683319 0.0762 
v -0.45242 -0.213768 0.0762 
v -0.445703 -0.227439 0.0762 
v 0.319666 -0.384959 0.0762 
v 0.451826 0.0698907 0.0762 
v 0.418514 0.069097 0.0762 
v 0.420551 0.0553666 0.0762 
v 0.449393 0.0841296 0.0762 
v 0.41603 0.0827534 0.0762 
v 0.446511 0.0982845 0.0762 
v 0.435204 0.140104 0.0762 
v 0.401669 0.136348 0.0762 
v 0.430561 0.153783 0.0762 
v 0.425488 0.167308 0.0762 
v 0.396993 0.149417 0.0762 
v 0.41999 0.180666 0.0762 
v 0.391891 0.162327 0.0762 
v 0.414073 0.193844 0.0762 
v 0.38637 0.175062 0.0762 
v 0.407742 0.206829 0.0762 
v 0.380435 0.18761 0.0762 
v 0.393867 0.232165 0.0762 
v 0.386336 0.244492 0.0762 
v 0.360215 0.223996 0.0762 
v 0.378419 0.256575 0.0762 
v 0.352693 0.235662 0.0762 
v 0.370125 0.268401 0.0762 
v 0.344793 0.247075 0.0762 
v 0.361461 0.27996 0.0762 
v 0.336525 0.258224 0.0762 
v 0.34306 0.302228 0.0762 
v 0.333341 0.312915 0.0762 
v 0.309594 0.289966 0.0762 
v 0.323289 0.323289 0.0762 
v 0.299941 0.299941 0.0762 
v -0.342818 0.364494 0.0762 
v 0.00206369 0.457195 0.0762 
v -0.00129128 0.424178 0.0762 
v 0.0129108 0.423983 0.0762 
v -0.0123807 0.457032 0.0762 
v -0.0154919 0.423897 0.0762 
v -0.126286 0.439413 0.0762 
v -0.140104 0.435204 0.0762 
v -0.127143 0.404677 0.0762 
v -0.153783 0.430561 0.0762 
v -0.14062 0.400193 0.0762 
v -0.15394 0.395261 0.0762 
v -0.302228 0.34306 0.0762 
v -0.312915 0.333341 0.0762 
v -0.285937 0.313319 0.0762 
v -0.445703 0.227439 0.0762 
v -0.438574 0.2409 0.0762 
v -0.45242 0.213768 0.0762 
v -0.475035 0.157231 0.0762 
v -0.470029 0.171617 0.0762 
v -0.479601 0.1427 0.0762 
v -0.497543 0.0532128 0.0762 
v -0.498932 0.0380444 0.0762 
v -0.499858 0.0228408 0.0762 
v -0.500322 0.00761594 0.0762 
v -0.500322 -0.00761594 0.0762 
v -0.475035 -0.157231 0.0762 
v -0.470029 -0.171617 0.0762 
v -0.438574 -0.2409 0.0762 
v -0.342758 -0.36455 0.0762 
v -0.353822 -0.353822 0.0762 
v 0.374933 -0.331369 0.0762 
v 0.453809 0.0555821 0.0762 
v 0.422137 0.0415769 0.0762 
v 0.401005 0.219606 0.0762 
v 0.374093 0.199957 0.0762 
v 0.367351 0.21209 0.0762 
v 0.352436 0.291239 0.0762 
v 0.327896 0.269097 0.0762 
v 0.318915 0.279681 0.0762 
v 0.226919 0.445968 0.0762 
v 0.213152 0.45271 0.0762 
v 0.156216 0.47537 0.0762 
v 0.141581 0.479932 0.0762 
v 0.126814 0.484044 0.0762 
v 0.111927 0.487701 0.0762 
v 0.0818534 0.49364 0.0762 
v 0.0666941 0.495915 0.0762 
v -0.145586 0.478733 0.0762 
v -0.160182 0.474048 0.0762 
v -0.174627 0.468919 0.0762 
v -0.188909 0.46335 0.0762 
v -0.230638 0.444057 0.0762 
v -0.244131 0.436784 0.0762 
v -0.283189 0.412534 0.0762 
v -0.295692 0.403666 0.0762 
v -0.331492 0.374824 0.0762 
v -0.362721 0.278326 0.0762 
v -0.366053 0.214323 0.0762 
v -0.358672 0.226458 0.0762 
v -0.0268127 0.456413 0.0762 
v -0.0296752 0.423141 0.0762 
v -0.0698907 0.451826 0.0762 
v -0.0841296 0.449393 0.0762 
v -0.0719619 0.418031 0.0762 
v -0.112341 0.443183 0.0762 
v -0.113523 0.408707 0.0762 
v -0.291239 0.352436 0.0762 
v -0.275286 0.322717 0.0762 
v -0.458716 0.199899 0.0762 
v -0.464588 0.185844 0.0762 
v -0.483722 0.128036 0.0762 
v -0.499858 -0.0228408 0.0762 
v -0.464588 -0.185844 0.0762 
v -0.458716 -0.199899 0.0762 
v -0.247075 -0.344793 0.0762 
v -0.258224 -0.336525 0.0762 
v -0.273021 -0.366731 0.0762 
v -0.331369 -0.374933 0.0762 
v 0.243487 -0.437143 0.0762 
v 0.22991 -0.444434 0.0762 
v 0.256834 -0.429438 0.0762 
v 0.30766 -0.394621 0.0762 
v 0.295361 -0.403908 0.0762 
v 0.384959 -0.319666 0.0762 
v 0.455338 0.041218 0.0762 
v 0.423272 0.0277427 0.0762 
v 0.289966 0.309594 0.0762 
v 0.266892 0.42326 0.0762 
v 0.253802 0.431236 0.0762 
v 0.199185 0.459027 0.0762 
v 0.185031 0.464912 0.0762 
v 0.170703 0.470362 0.0762 
v 0.0969358 0.490901 0.0762 
v -0.085975 0.492939 0.0762 
v -0.101034 0.490074 0.0762 
v -0.115998 0.486749 0.0762 
v -0.130853 0.482967 0.0762 
v -0.216927 0.450913 0.0762 
v -0.257396 0.429101 0.0762 
v -0.270419 0.421015 0.0762 
v -0.307918 0.394419 0.0762 
v -0.319855 0.384802 0.0762 
v -0.373023 0.201947 0.0762 
v 0.016506 0.456902 0.0762 
v 0.0270984 0.423314 0.0762 
v -0.057926 0.420206 0.0762 
v -0.0555821 0.453809 0.0762 
v -0.0982845 0.446511 0.0762 
v -0.0859172 0.415388 0.0762 
v -0.099776 0.412278 0.0762 
v -0.498932 -0.0380444 0.0762 
v -0.497543 -0.0532128 0.0762 
v -0.495692 -0.0683319 0.0762 
v -0.493383 -0.0833877 0.0762 
v -0.490616 -0.0983662 0.0762 
v -0.487395 -0.113254 0.0762 
v -0.483722 -0.128036 0.0762 
v -0.479601 -0.1427 0.0762 
v -0.283572 -0.358635 0.0762 
v -0.235662 -0.352693 0.0762 
v -0.262239 -0.374516 0.0762 
v -0.223996 -0.360215 0.0762 
v -0.251236 -0.381985 0.0762 
v -0.21209 -0.367351 0.0762 
v -0.240019 -0.389131 0.0762 
v -0.319666 -0.384959 0.0762 
v -0.30766 -0.394621 0.0762 
v -0.295361 -0.403908 0.0762 
v 0.216114 -0.451303 0.0762 
v 0.394621 -0.30766 0.0762 
v 0.403908 -0.295361 0.0762 
v 0.456902 -0.016506 0.0762 
v 0.423953 -0.0138788 0.0762 
v 0.423272 -0.0277427 0.0762 
v 0.457195 -0.00206369 0.0762 
v 0.42418 2.40321e-16 0.0762 
v 0.457032 0.0123807 0.0762 
v 0.423953 0.0138788 0.0762 
v 0.456413 0.0268127 0.0762 
v 0.279732 0.414886 0.0762 
v 0.00557432 0.500349 0.0762 
v -0.00975464 0.500285 0.0762 
v -0.0403707 0.498749 0.0762 
v -0.0556291 0.497278 0.0762 
v -0.203014 0.457346 0.0762 
v -0.350889 0.238339 0.0762 
v -0.041218 0.455338 0.0762 
v -0.0438252 0.42191 0.0762 
v -0.431039 -0.254137 0.0762 
v -0.423104 -0.267139 0.0762 
v -0.414777 -0.279893 0.0762 
v -0.406066 -0.292388 0.0762 
v -0.279681 -0.318915 0.0762 
v -0.303945 -0.34154 0.0762 
v -0.293882 -0.350236 0.0762 
v -0.269097 -0.327896 0.0762 
v -0.2286 -0.395947 0.0762 
v -0.282783 -0.412812 0.0762 
v -0.269936 -0.421325 0.0762 
v 0.187922 -0.463752 0.0762 
v 0.173551 -0.469319 0.0762 
v 0.202114 -0.457745 0.0762 
v 0.282783 -0.412812 0.0762 
v 0.269936 -0.421325 0.0762 
v 0.412812 -0.282783 0.0762 
v 0.421325 -0.269936 0.0762 
v 0.490386 0.099508 0.0762 
v 0.487089 0.114562 0.0762 
v 0.421325 0.269936 0.0762 
v 0.412812 0.282783 0.0762 
v 0.240473 0.438808 0.0762 
v 0.0362022 0.499069 0.0762 
v 0.020898 0.499943 0.0762 
v -0.0250744 0.499751 0.0762 
v -0.0708353 0.495341 0.0762 
v -0.342713 0.249953 0.0762 
v -0.334152 0.261287 0.0762 
v -0.379575 0.189345 0.0762 
v -0.39665 0.150323 0.0762 
v -0.391395 0.163519 0.0762 
v 0.0309319 0.456152 0.0762 
v 0.0412556 0.422169 0.0762 
v -0.323289 0.323289 0.0762 
v -0.296266 0.303571 0.0762 
v -0.406066 0.292388 0.0762 
v -0.396978 0.304612 0.0762 
v -0.431039 0.254137 0.0762 
v -0.423104 0.267139 0.0762 
v -0.396978 -0.304612 0.0762 
v -0.299941 -0.299941 0.0762 
v -0.323289 -0.323289 0.0762 
v -0.31375 -0.332555 0.0762 
v -0.289966 -0.309594 0.0762 
v -0.256834 -0.429438 0.0762 
v -0.243487 -0.437143 0.0762 
v -0.22991 -0.444434 0.0762 
v -0.216114 -0.451303 0.0762 
v -0.159016 -0.474441 0.0762 
v -0.173551 -0.469319 0.0762 
v -0.144331 -0.479113 0.0762 
v -0.129508 -0.48333 0.0762 
v -0.114562 -0.487089 0.0762 
v -0.0538364 -0.497475 0.0762 
v -0.0691307 -0.495582 0.0762 
v -0.0384911 -0.498897 0.0762 
v 0.0538364 -0.497475 0.0762 
v 0.0384911 -0.498897 0.0762 
v 0.0691307 -0.495582 0.0762 
v 0.429438 -0.256834 0.0762 
v 0.437143 -0.243487 0.0762 
v -0.316697 0.177854 0.0762 
v -0.288999 0.159724 0.0762 
v -0.282824 0.170418 0.0762 
v -0.322843 0.166437 0.0762 
v -0.294769 0.148806 0.0762 
v -0.333894 0.142982 0.0762 
v -0.305065 0.126362 0.0762 
v -0.300127 0.13768 0.0762 
v -0.338784 0.130973 0.0762 
v -0.309577 0.114867 0.0762 
v -0.343243 0.118798 0.0762 
v -0.313655 0.103211 0.0762 
v -0.347265 0.106471 0.0762 
v -0.317295 0.0914111 0.0762 
v 0.493218 0.0843594 0.0762 
v 0.48333 0.129508 0.0762 
v 0.479113 0.144331 0.0762 
v 0.403908 0.295361 0.0762 
v 0.384959 0.319666 0.0762 
v 0.374933 0.331369 0.0762 
v 0.269097 0.327896 0.0762 
v 0.304612 0.396978 0.0762 
v 0.456152 -0.0309319 0.0762 
v 0.422137 -0.0415769 0.0762 
v 0.279681 0.318915 0.0762 
v 0.0514723 0.497726 0.0762 
v -0.385701 0.176531 0.0762 
v -0.405821 0.123442 0.0762 
v -0.401461 0.136959 0.0762 
v -0.325217 0.272328 0.0762 
v -0.306263 0.293481 0.0762 
v -0.315917 0.283063 0.0762 
v -0.414777 0.279893 0.0762 
v -0.309594 -0.289966 0.0762 
v -0.327896 -0.269097 0.0762 
v -0.336525 -0.258224 0.0762 
v -0.202114 -0.457745 0.0762 
v -0.099508 -0.490386 0.0762 
v -0.0843594 -0.493218 0.0762 
v -0.0231093 -0.499846 0.0762 
v -0.00770553 -0.500321 0.0762 
v 0.0231093 -0.499846 0.0762 
v 0.00770553 -0.500321 0.0762 
v 0.0843594 -0.493218 0.0762 
v 0.099508 -0.490386 0.0762 
v 0.114562 -0.487089 0.0762 
v 0.129508 -0.48333 0.0762 
v 0.144331 -0.479113 0.0762 
v -0.328578 0.154808 0.0762 
v 0.498897 0.0384911 0.0762 
v 0.497475 0.0538364 0.0762 
v 0.474441 0.159016 0.0762 
v 0.469319 0.173551 0.0762 
v 0.463752 0.187922 0.0762 
v 0.457745 0.202114 0.0762 
v 0.394621 0.30766 0.0762 
v 0.36455 0.342758 0.0762 
v -0.409726 0.109786 0.0762 
v -0.318915 -0.279681 0.0762 
v -0.187922 -0.463752 0.0762 
v 0.159016 -0.474441 0.0762 
v 0.463752 -0.187922 0.0762 
v 0.457745 -0.202114 0.0762 
v 0.469319 -0.173551 0.0762 
v 0.497475 -0.0538364 0.0762 
v 0.495582 -0.0691307 0.0762 
v 0.498897 -0.0384911 0.0762 
v -0.350844 0.0940083 0.0762 
v -0.320491 0.0794831 0.0762 
v -0.325535 0.0553106 0.0762 
v -0.323239 0.067444 0.0762 
v 0.495582 0.0691307 0.0762 
v 0.451303 0.216114 0.0762 
v 0.444434 0.22991 0.0762 
v 0.437143 0.243487 0.0762 
v 0.353822 0.353822 0.0762 
v 0.454948 -0.0453268 0.0762 
v 0.420551 -0.0553666 0.0762 
v 0.292309 0.406123 0.0762 
v 0.0453268 0.454948 0.0762 
v 0.0553666 0.420551 0.0762 
v 0.444434 -0.22991 0.0762 
v 0.451303 -0.216114 0.0762 
v 0.474441 -0.159016 0.0762 
v 0.479113 -0.144331 0.0762 
v 0.48333 -0.129508 0.0762 
v 0.487089 -0.114562 0.0762 
v 0.493218 -0.0843594 0.0762 
v 0.490386 -0.099508 0.0762 
v 0.499846 -0.0231093 0.0762 
v -0.435557 0.139004 0.0762 
v -0.439708 0.125254 0.0762 
v -0.387304 0.242955 0.0762 
v -0.394744 0.23067 0.0762 
v -0.371285 0.266795 0.0762 
v -0.379482 0.255001 0.0762 
v -0.303202 0.199994 0.0762 
v -0.276254 0.180874 0.0762 
v -0.269298 0.191077 0.0762 
v -0.310147 0.189044 0.0762 
v -0.45539 0.0406425 0.0762 
v -0.456442 0.0263183 0.0762 
v -0.423272 0.0277427 0.0762 
v -0.457043 0.0119681 0.0762 
v -0.423953 0.0138788 0.0762 
v -0.457194 -0.00239388 0.0762 
v -0.42418 -1.03894e-16 0.0762 
v -0.456893 -0.0167535 0.0762 
v -0.423953 -0.0138788 0.0762 
v 0.499846 0.0231093 0.0762 
v 0.429438 0.256834 0.0762 
v 0.500321 -0.00770553 0.0762 
v 0.500321 0.00770553 0.0762 
v -0.443425 0.111381 0.0762 
v -0.425969 0.166078 0.0762 
v -0.430976 0.152616 0.0762 
v -0.420551 0.0553666 0.0762 
v -0.456141 -0.0310966 0.0762 
v -0.423272 -0.0277427 0.0762 
v -0.454939 -0.045409 0.0762 
v -0.422137 -0.0415769 0.0762 
v 0.453289 -0.0596766 0.0762 
v 0.0596766 0.453289 0.0762 
v -0.414701 0.192498 0.0762 
v -0.420542 0.179377 0.0762 
v -0.401795 0.218157 0.0762 
v -0.408449 0.205429 0.0762 
v -0.327375 0.0430997 0.0762 
v -0.29587 0.210688 0.0762 
v -0.261965 0.201013 0.0762 
v -0.453889 0.0549266 0.0762 
v -0.422137 0.0415769 0.0762 
v -0.451939 0.0691564 0.0762 
v -0.446705 0.0973975 0.0762 
v -0.449544 0.0833181 0.0762 
v -0.453289 -0.0596766 0.0762 
v -0.420551 -0.0553666 0.0762 
v -0.288162 0.221114 0.0762 
v 0.258224 0.336525 0.0762 
v -0.342758 -0.36455 0 
v -0.353822 -0.353822 0 
v -0.331369 -0.374933 0 
v -0.319666 -0.384959 0 
v -0.30766 -0.394621 0 
v -0.295361 -0.403908 0 
v -0.282783 -0.412812 0 
v -0.269936 -0.421325 0 
v -0.256834 -0.429438 0 
v -0.243487 -0.437143 0 
v -0.22991 -0.444434 0 
v -0.216114 -0.451303 0 
v -0.205748 -0.456073 0 
v -0.202114 -0.457745 0 
v -0.187922 -0.463752 0 
v -0.173551 -0.469319 0 
v -0.159016 -0.474441 0 
v -0.145344 -0.47879 0 
v -0.144331 -0.479113 0 
v -0.129508 -0.48333 0 
v -0.141299 -0.479975 0 
v -0.114562 -0.487089 0 
v -0.099508 -0.490386 0 
v -0.0843594 -0.493218 0 
v -0.0691307 -0.495582 0 
v -0.0538364 -0.497475 0 
v -0.0384911 -0.498897 0 
v -0.0231093 -0.499846 0 
v -0.00770553 -0.500321 0 
v 0.00770553 -0.500321 0 
v 0.0231093 -0.499846 0 
v 0.0384911 -0.498897 0 
v 0.0538364 -0.497475 0 
v 0.0691307 -0.495582 0 
v 0.0843594 -0.493218 0 
v 0.099508 -0.490386 0 
v 0.114562 -0.487089 0 
v 0.129508 -0.48333 0 
v 0.142258 -0.479702 0 
v 0.144331 -0.479113 0 
v 0.159016 -0.474441 0 
v 0.145344 -0.47879 0 
v 0.173551 -0.469319 0 
v 0.187922 -0.463752 0 
v 0.202114 -0.457745 0 
v 0.216114 -0.451303 0 
v 0.22991 -0.444434 0 
v 0.239272 -0.439407 0 
v 0.243487 -0.437143 0 
v 0.256834 -0.429438 0 
v 0.269936 -0.421325 0 
v 0.282783 -0.412812 0 
v 0.295361 -0.403908 0 
v 0.30766 -0.394621 0 
v 0.319666 -0.384959 0 
v 0.331369 -0.374933 0 
v 0.342758 -0.36455 0 
v 0.353822 -0.353822 0 
v 0.36455 -0.342758 0 
v 0.35528 -0.352319 0 
v 0.374933 -0.331369 0 
v 0.384959 -0.319666 0 
v 0.394621 -0.30766 0 
v 0.387724 -0.31623 0 
v 0.403908 -0.295361 0 
v 0.412812 -0.282783 0 
v 0.421325 -0.269936 0 
v 0.429438 -0.256834 0 
v 0.437143 -0.243487 0 
v 0.444434 -0.22991 0 
v 0.451303 -0.216114 0 
v 0.447616 -0.22352 0 
v 0.457745 -0.202114 0 
v 0.463752 -0.187922 0 
v 0.469319 -0.173551 0 
v 0.474441 -0.159016 0 
v 0.479113 -0.144331 0 
v 0.48333 -0.129508 0 
v 0.487089 -0.114562 0 
v 0.490386 -0.099508 0 
v 0.493218 -0.0843594 0 
v 0.495582 -0.0691307 0 
v 0.497475 -0.0538364 0 
v 0.496048 -0.0653644 0 
v 0.498897 -0.0384911 0 
v 0.499846 -0.0231093 0 
v 0.500321 -0.00770553 0 
v 0.500321 0.00770553 0 
v 0.499846 0.0231093 0 
v 0.498897 0.0384911 0 
v 0.497475 0.0538364 0 
v 0.496172 0.0643603 0 
v 0.497386 0.0545605 0 
v 0.495582 0.0691307 0 
v 0.493218 0.0843594 0 
v 0.490386 0.099508 0 
v 0.487089 0.114562 0 
v 0.48333 0.129508 0 
v 0.479113 0.144331 0 
v 0.474441 0.159016 0 
v 0.469319 0.173551 0 
v 0.463752 0.187922 0 
v 0.457745 0.202114 0 
v 0.463123 0.189407 0 
v 0.451303 0.216114 0 
v 0.444434 0.22991 0 
v 0.437143 0.243487 0 
v 0.432688 0.251204 0 
v 0.429438 0.256834 0 
v 0.421325 0.269936 0 
v 0.412812 0.282783 0 
v 0.403908 0.295361 0 
v 0.394621 0.30766 0 
v 0.387724 0.31623 0 
v 0.384959 0.319666 0 
v 0.374933 0.331369 0 
v 0.36455 0.342758 0 
v 0.35528 0.352319 0 
v 0.353822 0.353822 0 
v 0.292309 0.406123 0 
v 0.304612 0.396978 0 
v 0.279732 0.414886 0 
v 0.266892 0.42326 0 
v 0.253802 0.431236 0 
v 0.240473 0.438808 0 
v 0.226919 0.445968 0 
v 0.239272 0.439443 0 
v 0.213152 0.45271 0 
v 0.199185 0.459027 0 
v 0.185031 0.464912 0 
v 0.170703 0.470362 0 
v 0.156216 0.47537 0 
v 0.142258 0.479721 0 
v 0.141581 0.479932 0 
v 0.126814 0.484044 0 
v 0.111927 0.487701 0 
v 0.0969358 0.490901 0 
v 0.0818534 0.49364 0 
v 0.0666941 0.495915 0 
v 0.0514723 0.497726 0 
v 0.0362022 0.499069 0 
v 0.020898 0.499943 0 
v 0.00557432 0.500349 0 
v -0.00975464 0.500285 0 
v -0.0250744 0.499751 0 
v -0.0403707 0.498749 0 
v -0.0556291 0.497278 0 
v -0.0708353 0.495341 0 
v -0.085975 0.492939 0 
v -0.101034 0.490074 0 
v -0.115998 0.486749 0 
v -0.130853 0.482967 0 
v -0.141299 0.479965 0 
v -0.145586 0.478733 0 
v -0.160182 0.474048 0 
v -0.174627 0.468919 0 
v -0.188909 0.46335 0 
v -0.203014 0.457346 0 
v -0.216927 0.450913 0 
v -0.205748 0.456082 0 
v -0.230638 0.444057 0 
v -0.244131 0.436784 0 
v -0.257396 0.429101 0 
v -0.270419 0.421015 0 
v -0.283189 0.412534 0 
v -0.295692 0.403666 0 
v -0.307918 0.394419 0 
v -0.319855 0.384802 0 
v -0.331492 0.374824 0 
v -0.342818 0.364494 0 
v -0.353822 0.353822 0 
v -0.406066 0.292388 0 
v -0.396978 0.304612 0 
v -0.414777 0.279893 0 
v -0.423104 0.267139 0 
v -0.430246 0.255436 0 
v -0.431039 0.254137 0 
v -0.438574 0.2409 0 
v -0.432708 0.251204 0 
v -0.445703 0.227439 0 
v -0.45242 0.213768 0 
v -0.458716 0.199899 0 
v -0.4631 0.189407 0 
v -0.464588 0.185844 0 
v -0.470029 0.171617 0 
v -0.475035 0.157231 0 
v -0.479601 0.1427 0 
v -0.483722 0.128036 0 
v -0.487395 0.113254 0 
v -0.490616 0.0983662 0 
v -0.493383 0.0833877 0 
v -0.495692 0.0683319 0 
v -0.497378 0.0545605 0 
v -0.496178 0.0643603 0 
v -0.497543 0.0532128 0 
v -0.498932 0.0380444 0 
v -0.499858 0.0228408 0 
v -0.500322 0.00761594 0 
v -0.500322 -0.00761594 0 
v -0.499858 -0.0228408 0 
v -0.498932 -0.0380444 0 
v -0.497543 -0.0532128 0 
v -0.496055 -0.0653644 0 
v -0.495692 -0.0683319 0 
v -0.493383 -0.0833877 0 
v -0.490616 -0.0983662 0 
v -0.487395 -0.113254 0 
v -0.483722 -0.128036 0 
v -0.479601 -0.1427 0 
v -0.475035 -0.157231 0 
v -0.470029 -0.171617 0 
v -0.464588 -0.185844 0 
v -0.458716 -0.199899 0 
v -0.45242 -0.213768 0 
v -0.447629 -0.22352 0 
v -0.445703 -0.227439 0 
v -0.438574 -0.2409 0 
v -0.431039 -0.254137 0 
v -0.423104 -0.267139 0 
v -0.430246 -0.255436 0 
v -0.414777 -0.279893 0 
v -0.406066 -0.292388 0 
v -0.396978 -0.304612 0 
v -0.2286 -0.395947 0 
v -0.240019 -0.389131 0 
v -0.251236 -0.381985 0 
v -0.262239 -0.374516 0 
v -0.273021 -0.366731 0 
v -0.283572 -0.358635 0 
v -0.293882 -0.350236 0 
v -0.303945 -0.34154 0 
v -0.31375 -0.332555 0 
v -0.323289 -0.323289 0 
v -0.453289 -0.0596766 0 
v -0.454939 -0.045409 0 
v -0.456141 -0.0310966 0 
v -0.456893 -0.0167535 0 
v -0.457194 -0.00239388 0 
v -0.457043 0.0119681 0 
v -0.456442 0.0263183 0 
v -0.453889 0.0549266 0 
v -0.453927 0.0545605 0 
v -0.452596 0.0643603 0 
v -0.451939 0.0691564 0 
v -0.449544 0.0833181 0 
v -0.446705 0.0973975 0 
v -0.443425 0.111381 0 
v -0.439708 0.125254 0 
v -0.435557 0.139004 0 
v -0.425969 0.166078 0 
v -0.430246 0.154578 0 
v -0.416077 0.189407 0 
v -0.414701 0.192498 0 
v -0.408449 0.205429 0 
v -0.401795 0.218157 0 
v -0.394744 0.23067 0 
v -0.381947 0.251204 0 
v -0.379482 0.255001 0 
v -0.371285 0.266795 0 
v -0.362721 0.278326 0 
v -0.387304 0.242955 0 
v -0.420542 0.179377 0 
v -0.430976 0.152616 0 
v -0.45539 0.0406425 0 
v -0.350844 0.0940083 0 
v -0.347265 0.106471 0 
v -0.343243 0.118798 0 
v -0.338784 0.130973 0 
v -0.333894 0.142982 0 
v -0.328578 0.154808 0 
v -0.322843 0.166437 0 
v -0.316697 0.177854 0 
v -0.303202 0.199994 0 
v -0.309917 0.189407 0 
v -0.29587 0.210688 0 
v -0.288162 0.221114 0 
v -0.310147 0.189044 0 
v 0.0412556 0.422169 0 
v 0.0553666 0.420551 0 
v 0.0270984 0.423314 0 
v 0.0129108 0.423983 0 
v -0.00129128 0.424178 0 
v -0.0154919 0.423897 0 
v -0.0296752 0.423141 0 
v -0.0438252 0.42191 0 
v -0.057926 0.420206 0 
v -0.0719619 0.418031 0 
v -0.0859172 0.415388 0 
v -0.099776 0.412278 0 
v -0.113523 0.408707 0 
v -0.127143 0.404677 0 
v -0.14062 0.400193 0 
v -0.15394 0.395261 0 
v -0.141299 0.399942 0 
v -0.167086 0.389886 0 
v -0.180046 0.384073 0 
v -0.192804 0.37783 0 
v -0.205345 0.371163 0 
v -0.217657 0.36408 0 
v -0.205748 0.370931 0 
v -0.229724 0.356589 0 
v -0.241534 0.348698 0 
v -0.253073 0.340416 0 
v -0.264328 0.331752 0 
v -0.275286 0.322717 0 
v -0.282638 0.31623 0 
v -0.285937 0.313319 0 
v -0.296266 0.303571 0 
v -0.306263 0.293481 0 
v -0.315917 0.283063 0 
v -0.325217 0.272328 0 
v -0.334152 0.261287 0 
v -0.341768 0.251204 0 
v -0.342713 0.249953 0 
v -0.350889 0.238339 0 
v -0.358672 0.226458 0 
v -0.366053 0.214323 0 
v -0.373023 0.201947 0 
v -0.379575 0.189345 0 
v -0.379543 0.189407 0 
v -0.385701 0.176531 0 
v -0.391395 0.163519 0 
v -0.39665 0.150323 0 
v -0.401461 0.136959 0 
v -0.405821 0.123442 0 
v -0.409726 0.109786 0 
v -0.414428 0.0545605 0 
v -0.420551 0.0553666 0 
v -0.327375 0.0430997 0 
v -0.269298 0.191077 0 
v -0.261965 0.201013 0 
v -0.276254 0.180874 0 
v -0.270437 0.189407 0 
v -0.282824 0.170418 0 
v -0.288999 0.159724 0 
v -0.294769 0.148806 0 
v -0.300127 0.13768 0 
v -0.305065 0.126362 0 
v -0.309577 0.114867 0 
v -0.313655 0.103211 0 
v -0.317295 0.0914111 0 
v -0.320491 0.0794831 0 
v -0.323239 0.067444 0 
v -0.325535 0.0553106 0 
v -0.323822 0.0643603 0 
v -0.325648 0.0545605 0 
v 0.258224 0.336525 0 
v 0.330129 0.31623 0 
v 0.333341 0.312915 0 
v 0.34306 0.302228 0 
v 0.361461 0.27996 0 
v 0.35528 0.287686 0 
v 0.370125 0.268401 0 
v 0.386336 0.244492 0 
v 0.381938 0.251204 0 
v 0.393867 0.232165 0 
v 0.401005 0.219606 0 
v 0.407742 0.206829 0 
v 0.41999 0.180666 0 
v 0.416065 0.189407 0 
v 0.425488 0.167308 0 
v 0.430561 0.153783 0 
v 0.435204 0.140104 0 
v 0.439413 0.126286 0 
v 0.443183 0.112341 0 
v 0.446511 0.0982845 0 
v 0.449393 0.0841296 0 
v 0.453809 0.0555821 0 
v 0.452593 0.0643603 0 
v 0.455338 0.041218 0 
v 0.453918 0.0545605 0 
v 0.456413 0.0268127 0 
v 0.457032 0.0123807 0 
v 0.457195 -0.00206369 0 
v 0.456902 -0.016506 0 
v 0.456152 -0.0309319 0 
v 0.454948 -0.0453268 0 
v 0.453289 -0.0596766 0 
v 0.451826 0.0698907 0 
v 0.414073 0.193844 0 
v 0.378419 0.256575 0 
v 0.352436 0.291239 0 
v 0.323289 0.323289 0 
v 0.420551 -0.0553666 0 
v 0.422137 -0.0415769 0 
v 0.423272 -0.0277427 0 
v 0.423953 -0.0138788 0 
v 0.42418 2.40321e-16 0 
v 0.423953 0.0138788 0 
v 0.423272 0.0277427 0 
v 0.422137 0.0415769 0 
v 0.420644 0.0545605 0 
v 0.420551 0.0553666 0 
v 0.419217 0.0643603 0 
v 0.418514 0.069097 0 
v 0.41603 0.0827534 0 
v 0.413099 0.0963212 0 
v 0.409726 0.109786 0 
v 0.405915 0.123133 0 
v 0.401669 0.136348 0 
v 0.396993 0.149417 0 
v 0.391891 0.162327 0 
v 0.38637 0.175062 0 
v 0.380435 0.18761 0 
v 0.374093 0.199957 0 
v 0.379513 0.189407 0 
v 0.367351 0.21209 0 
v 0.360215 0.223996 0 
v 0.35528 0.231649 0 
v 0.352693 0.235662 0 
v 0.344793 0.247075 0 
v 0.336525 0.258224 0 
v 0.341731 0.251204 0 
v 0.327896 0.269097 0 
v 0.318915 0.279681 0 
v 0.309594 0.289966 0 
v 0.299941 0.299941 0 
v 0.289966 0.309594 0 
v 0.282644 0.31623 0 
v 0.279681 0.318915 0 
v 0.269097 0.327896 0 
v -0.21209 -0.367351 0 
v -0.336525 -0.258224 0 
v -0.327896 -0.269097 0 
v -0.318915 -0.279681 0 
v -0.309594 -0.289966 0 
v -0.299941 -0.299941 0 
v -0.289966 -0.309594 0 
v -0.282644 -0.31623 0 
v -0.279681 -0.318915 0 
v -0.269097 -0.327896 0 
v -0.258224 -0.336525 0 
v -0.247075 -0.344793 0 
v -0.235662 -0.352693 0 
v -0.223996 -0.360215 0 
v -0.430246 -0.056643 0 
v -0.420551 -0.0553666 0 
v -0.323289 0.323289 0 
v -0.312915 0.333341 0 
v -0.302228 0.34306 0 
v -0.291239 0.352436 0 
v -0.27996 0.361461 0 
v -0.268401 0.370125 0 
v -0.256575 0.378419 0 
v -0.244492 0.386336 0 
v -0.232165 0.393867 0 
v -0.219606 0.401005 0 
v -0.193844 0.414073 0 
v -0.205748 0.408269 0 
v -0.180666 0.41999 0 
v -0.167308 0.425488 0 
v -0.141299 0.434799 0 
v -0.140104 0.435204 0 
v -0.126286 0.439413 0 
v -0.112341 0.443183 0 
v -0.0982845 0.446511 0 
v -0.0841296 0.449393 0 
v -0.0698907 0.451826 0 
v -0.0555821 0.453809 0 
v -0.041218 0.455338 0 
v -0.0268127 0.456413 0 
v -0.0123807 0.457032 0 
v 0.00206369 0.457195 0 
v 0.016506 0.456902 0 
v 0.0309319 0.456152 0 
v 0.0453268 0.454948 0 
v 0.0596766 0.453289 0 
v -0.153783 0.430561 0 
v -0.206829 0.407742 0 
v -0.422137 0.0415769 0 
v -0.420644 0.0545605 0 
v -0.423272 0.0277427 0 
v -0.423953 0.0138788 0 
v -0.42418 -1.03894e-16 0 
v -0.423953 -0.0138788 0 
v -0.423272 -0.0277427 0 
v -0.422137 -0.0415769 0 
v -0.155379 0.0643603 0 
v -0.141299 0.0585279 0 
v 0.0104146 -0.238533 0 
v 0.0311644 -0.236717 0 
v 0.0414602 -0.235133 0 
v 0.0208093 -0.237851 0 
v 0.0516771 -0.2331 0 
v -0.0104146 -0.238533 0 
v 4.38595e-17 -0.23876 0 
v -0.0414602 -0.235133 0 
v -0.0311644 -0.236717 0 
v -0.0816607 -0.224361 0 
v 0.0617956 -0.230624 0 
v -0.0208093 -0.237851 0 
v -0.0516771 -0.2331 0 
v -0.0717965 -0.227709 0 
v -0.0617956 -0.230624 0 
v 0.0717965 -0.227709 0 
v 0.0816607 -0.224361 0 
v 0.0838234 -0.22352 0 
v -0.0838234 -0.22352 0 
v -0.11938 -0.206772 0 
v -0.0889 -0.153979 0 
v -0.0955319 -0.149955 0 
v -0.110247 -0.211783 0 
v -0.0820989 -0.157711 0 
v -0.0913695 -0.220585 0 
v -0.0680411 -0.164266 0 
v -0.0751415 -0.161142 0 
v -0.0608112 -0.167077 0 
v -0.128286 -0.201368 0 
v -0.101982 -0.145645 0 
v -0.100904 -0.21639 0 
v -0.0534655 -0.169571 0 
v -0.038483 -0.173585 0 
v -0.046018 -0.171742 0 
v -0.0154963 -0.177123 0 
v -0.0232076 -0.176279 0 
v -0.00775553 -0.177631 0 
v -0.0308746 -0.175099 0 
v 3.26613e-17 -0.1778 0 
v 0.00775553 -0.177631 0 
v 0.0308746 -0.175099 0 
v 0.0232076 -0.176279 0 
v 0.0608112 -0.167077 0 
v 0.0534655 -0.169571 0 
v -0.108238 -0.141058 0 
v -0.141299 -0.19239 0 
v 0.0154963 -0.177123 0 
v 0.038483 -0.173585 0 
v 0.046018 -0.171742 0 
v 0.110247 -0.211783 0 
v 0.0820989 -0.157711 0 
v 0.0751415 -0.161142 0 
v 0.11938 -0.206772 0 
v 0.0889 -0.153979 0 
v 0.101982 -0.145645 0 
v 0.136947 -0.195581 0 
v 0.142258 -0.191686 0 
v -0.136947 -0.195581 0 
v 0.0913695 -0.220585 0 
v 0.0680411 -0.164266 0 
v 0.100904 -0.21639 0 
v 0.128286 -0.201368 0 
v 0.0955319 -0.149955 0 
v 0.114288 -0.136203 0 
v 0.108238 -0.141058 0 
v -0.0715649 -0.0721181 0 
v -0.074554 -0.0690236 0 
v -0.0652073 -0.0779139 0 
v -0.0684475 -0.0750833 0 
v -0.0774095 -0.0658053 0 
v -0.0777684 -0.0653644 0 
v 0.136203 -0.114288 0 
v 0.131088 -0.12012 0 
v 0.125724 -0.125724 0 
v 0.12012 -0.131088 0 
v 0.141058 -0.108238 0 
v -0.0618502 -0.0806047 0 
v 0.142258 -0.106601 0 
v 0.191077 0.269298 0 
v 0.180874 0.276254 0 
v 0.170418 0.282824 0 
v 0.159724 0.288999 0 
v 0.201013 0.261965 0 
v 0.214225 0.251204 0 
v 0.210668 0.254266 0 
v 0.148806 0.294769 0 
v 0.0308287 0.328758 0 
v -0.067444 0.323239 0 
v -0.0794831 0.320491 0 
v -0.0553106 0.325535 0 
v -0.0430997 0.327375 0 
v -0.0308287 0.328758 0 
v 0.00617437 0.330142 0 
v -0.00617437 0.330142 0 
v 0.0185145 0.329681 0 
v -0.0914111 0.317295 0 
v 0.067444 0.323239 0 
v 0.0553106 0.325535 0 
v -0.0185145 0.329681 0 
v 0.0430997 0.327375 0 
v 0.0914111 0.317295 0 
v 0.0794831 0.320491 0 
v 0.0948634 0.31623 0 
v -0.191077 0.269298 0 
v -0.201013 0.261965 0 
v -0.180874 0.276254 0 
v -0.170418 0.282824 0 
v -0.148806 0.294769 0 
v -0.159724 0.288999 0 
v -0.141299 0.298384 0 
v -0.205748 0.299257 0 
v -0.199994 0.303202 0 
v -0.189044 0.310147 0 
v 0.192722 0.307875 0 
v 0.203588 0.3008 0 
v 0.17859 0.31623 0 
v 0.18161 0.314558 0 
v 0.214194 0.293342 0 
v 0.224528 0.28551 0 
v 0.234575 0.277314 0 
v -0.186732 -0.311544 0 
v -0.197824 -0.304622 0 
v -0.178586 -0.31623 0 
v -0.345808 -0.11111 0 
v -0.349583 -0.0985926 0 
v -0.341585 -0.123484 0 
v -0.33692 -0.135697 0 
v -0.320331 -0.171221 0 
v -0.326286 -0.159581 0 
v -0.307185 -0.193819 0 
v -0.313962 -0.182638 0 
v -0.331818 -0.147735 0 
v -0.292448 -0.215414 0 
v -0.300011 -0.204749 0 
v -0.352905 -0.0859474 0 
v -0.286249 -0.22352 0 
v -0.355769 -0.0731908 0 
v -0.204076 0.175622 0 
v -0.196509 0.18405 0 
v -0.205748 0.173595 0 
v -0.144309 0.2273 0 
v -0.180344 0.199916 0 
v -0.171775 0.207325 0 
v -0.153742 0.221029 0 
v -0.188593 0.192153 0 
v -0.191276 0.189407 0 
v -0.162903 0.214366 0 
v -0.141299 0.19239 0 
v -0.145348 0.189421 0 
v -0.189421 0.145348 0 
v -0.141715 0.107377 0 
v -0.141299 0.107902 0 
v -0.168829 0.168829 0 
v -0.176032 0.161304 0 
v -0.182901 0.153472 0 
v -0.153472 0.182901 0 
v -0.161304 0.176032 0 
v -0.145366 0.189407 0 
v -0.195581 0.136947 0 
v -0.146161 0.101242 0 
v -0.205748 0.121068 0 
v -0.154249 0.0884308 0 
v -0.150342 0.0949224 0 
v -0.164266 0.0680411 0 
v -0.201368 0.128286 0 
v -0.157877 0.0817787 0 
v -0.161218 0.074978 0 
v -0.224361 0.0816607 0 
v -0.227709 0.0717965 0 
v -0.21639 0.100904 0 
v -0.220585 0.0913695 0 
v -0.206772 0.11938 0 
v -0.211783 0.110247 0 
v -0.229877 0.0643603 0 
v -0.230624 0.0617956 0 
v -0.205748 -0.0270872 0 
v -0.238533 0.0104146 0 
v -0.23876 -5.84793e-17 0 
v -0.238533 -0.0104146 0 
v -0.236717 0.0311644 0 
v -0.237851 0.0208093 0 
v -0.235133 0.0414602 0 
v -0.232395 0.0545605 0 
v -0.2331 0.0516771 0 
v -0.237851 -0.0208093 0 
v -0.150085 -0.026464 0 
v -0.148788 -0.0329854 0 
v -0.147207 -0.039444 0 
v -0.145346 -0.0458276 0 
v -0.143209 -0.0521239 0 
v -0.151096 -0.0198922 0 
v -0.157804 -0.0653644 0 
v -0.168829 -0.168829 0 
v -0.156449 -0.219121 0 
v -0.165371 -0.212468 0 
v -0.153472 -0.182901 0 
v -0.145348 -0.189421 0 
v -0.161304 -0.176032 0 
v -0.205748 -0.0852236 0 
v -0.190381 -0.190381 0 
v -0.17401 -0.205453 0 
v -0.15001 -0.22352 0 
v -0.182351 -0.198086 0 
v -0.282412 -0.1711 0 
v -0.275708 -0.181707 0 
v -0.294589 -0.149162 0 
v -0.288709 -0.160247 0 
v -0.305065 -0.126362 0 
v -0.300044 -0.137861 0 
v -0.261114 -0.202117 0 
v -0.253246 -0.211892 0 
v -0.268605 -0.192051 0 
v -0.245013 -0.221361 0 
v -0.242987 -0.22352 0 
v -0.227497 -0.239327 0 
v -0.21824 -0.247797 0 
v -0.208667 -0.25591 0 
v -0.236426 -0.23051 0 
v -0.1782 -0.277987 0 
v -0.14726 -0.225399 0 
v -0.167509 -0.284557 0 
v -0.141299 -0.22912 0 
v -0.198794 -0.263653 0 
v -0.188633 -0.271016 0 
v -0.205748 -0.2582 0 
v -0.156577 -0.290716 0 
v -0.145418 -0.296455 0 
v -0.141299 -0.298379 0 
v 0.35528 -0.205121 0 
v 0.349384 -0.0992964 0 
v 0.345668 -0.111545 0 
v 0.352665 -0.0869242 0 
v 0.341523 -0.123656 0 
v 0.336954 -0.135612 0 
v 0.35528 -0.0754513 0 
v 0.331967 -0.147401 0 
v 0.326567 -0.159006 0 
v 0.320761 -0.170414 0 
v 0.35528 -0.287763 0 
v 0.345924 -0.298945 0 
v 0.336183 -0.309859 0 
v 0.258224 -0.336525 0 
v 0.269097 -0.327896 0 
v 0.279681 -0.318915 0 
v 0.239272 -0.350194 0 
v 0.247075 -0.344793 0 
v 0.282644 -0.31623 0 
v 0.246002 -0.26723 0 
v 0.239272 -0.273215 0 
v 0.289966 -0.309594 0 
v 0.299941 -0.299941 0 
v 0.25506 -0.258599 0 
v 0.309594 -0.289966 0 
v 0.263815 -0.249661 0 
v 0.318915 -0.279681 0 
v 0.272257 -0.240427 0 
v 0.327896 -0.269097 0 
v 0.280376 -0.230908 0 
v 0.336525 -0.258224 0 
v 0.291297 -0.22352 0 
v 0.286249 -0.22352 0 
v 0.227023 -0.283531 0 
v 0.217123 -0.291181 0 
v 0.196563 -0.305437 0 
v 0.185927 -0.312026 0 
v 0.206966 -0.298486 0 
v 0.236653 -0.275544 0 
v 0.175062 -0.38637 0 
v 0.152747 -0.329541 0 
v 0.142258 -0.334185 0 
v 0.149417 -0.396993 0 
v 0.162327 -0.391891 0 
v 0.142258 -0.399554 0 
v 0.18761 -0.380435 0 
v 0.164006 -0.324085 0 
v 0.178586 -0.31623 0 
v 0.235662 -0.352693 0 
v 0.21209 -0.367351 0 
v 0.17507 -0.318244 0 
v 0.199957 -0.374093 0 
v 0.223996 -0.360215 0 
v 0.0989562 -0.446363 0 
v 0.0846254 -0.4493 0 
v 0.127299 -0.43912 0 
v 0.113186 -0.442968 0 
v 0.0119681 -0.457043 0 
v -0.00265987 -0.457192 0 
v 0.070208 -0.451777 0 
v 0.0557187 -0.453792 0 
v 2.12628e-17 -0.36322 0 
v 7.79206e-17 -0.42418 0 
v 0.0138788 -0.423953 0 
v -0.109786 -0.409726 0 
v -0.127944 -0.33994 0 
v -0.140096 -0.335115 0 
v -0.0172851 -0.456873 0 
v 0.0265838 -0.456426 0 
v 0.0277427 -0.423272 0 
v 0.0415769 -0.422137 0 
v -0.0138788 -0.423953 0 
v -0.0415769 -0.422137 0 
v -0.0277427 -0.423272 0 
v -0.069097 -0.418514 0 
v -0.0553666 -0.420551 0 
v 0.085462 -0.318949 0 
v -0.0623663 -0.324257 0 
v -0.0500015 -0.326392 0 
v -0.115627 -0.344324 0 
v -0.0318927 -0.456086 0 
v -0.0464676 -0.454833 0 
v 0.0411723 -0.455342 0 
v -0.0963212 -0.413099 0 
v -0.0827534 -0.41603 0 
v -0.0375644 -0.328056 0 
v -0.10316 -0.348263 0 
v -0.0778414 -0.354781 0 
v -0.0905594 -0.35175 0 
v -0.0130722 -0.362985 0 
v -0.0261274 -0.362279 0 
v -0.0609949 -0.453113 0 
v 0.0940083 -0.350844 0 
v 1.93298e-17 -0.3302 0 
v -0.0746411 -0.321653 0 
v -0.0948456 -0.31623 0 
v -0.0868081 -0.318585 0 
v 0.0827534 -0.41603 0 
v 0.0963212 -0.413099 0 
v 0.0553666 -0.420551 0 
v 0.069097 -0.418514 0 
v -0.0391487 -0.361104 0 
v -0.0521194 -0.359461 0 
v -0.0754598 -0.45093 0 
v -0.0898474 -0.448285 0 
v -0.0250731 -0.329247 0 
v -0.0125456 -0.329962 0 
v 0.123133 -0.405915 0 
v 0.106036 -0.347398 0 
v -0.0650225 -0.357353 0 
v 0.142258 -0.434489 0 
v 0.141283 -0.434823 0 
v 0.109786 -0.409726 0 
v 0.136348 -0.401669 0 
v 0.117937 -0.34354 0 
v 0.141307 -0.334606 0 
v -0.141299 -0.334586 0 
v -0.118332 -0.441621 0 
v 0.129699 -0.339274 0 
v -0.104143 -0.445181 0 
v 0.0949122 -0.31623 0 
v -0.0222337 -0.26832 0 
v -0.033303 -0.267172 0 
v -0.0111263 -0.26901 0 
v 0.0111263 -0.26901 0 
v 4.94586e-17 -0.26924 0 
v 0.0222337 -0.26832 0 
v 0.142155 -0.298034 0 
v 0.118249 -0.241883 0 
v 0.108152 -0.246563 0 
v -0.108152 -0.246563 0 
v -0.118249 -0.241883 0 
v -0.122488 -0.306641 0 
v -0.0978709 -0.250822 0 
v -0.110749 -0.311074 0 
v -0.0874221 -0.254652 0 
v -0.0988497 -0.315057 0 
v -0.0768239 -0.258047 0 
v 0.0970921 -0.315603 0 
v 0.108592 -0.311833 0 
v 0.0874221 -0.254652 0 
v 0.119946 -0.307644 0 
v 0.0978709 -0.250822 0 
v 0.131138 -0.303043 0 
v 0.142258 -0.297982 0 
v 0.13782 -0.231292 0 
v 0.128144 -0.23679 0 
v -0.13405 -0.301766 0 
v -0.0443154 -0.265568 0 
v 0.0443154 -0.265568 0 
v 0.033303 -0.267172 0 
v 0.0660945 -0.261001 0 
v 0.0552522 -0.26351 0 
v 0.0768239 -0.258047 0 
v -0.128144 -0.23679 0 
v -0.0552522 -0.26351 0 
v -0.0660945 -0.261001 0 
v 0.142258 -0.228521 0 
v -0.13782 -0.231292 0 
v 0.184167 -0.27407 0 
v 0.194087 -0.267137 0 
v 0.15001 -0.22352 0 
v 0.174001 -0.280635 0 
v 0.14726 -0.225399 0 
v 0.231029 -0.235919 0 
v 0.239272 -0.227546 0 
v 0.203745 -0.259846 0 
v 0.21313 -0.252205 0 
v 0.1636 -0.286822 0 
v 0.15298 -0.292624 0 
v 0.222229 -0.244226 0 
v 0.239519 -0.227295 0 
v 0.239272 -0.0991095 0 
v 0.276929 -0.17984 0 
v 0.283333 -0.169571 0 
v 0.289356 -0.159075 0 
v 0.247687 -0.218365 0 
v 0.255522 -0.209142 0 
v 0.270153 -0.189867 0 
v 0.263014 -0.199639 0 
v 0.242971 -0.22352 0 
v 0.294991 -0.148365 0 
v 0.30023 -0.137456 0 
v 0.220585 -0.0913695 0 
v 0.153979 -0.0889 0 
v 0.149955 -0.0955319 0 
v 0.165307 -0.0653644 0 
v 0.224361 -0.0816607 0 
v 0.227709 -0.0717965 0 
v 0.168829 -0.168829 0 
v 0.145348 -0.189421 0 
v 0.153472 -0.182901 0 
v 0.145645 -0.101982 0 
v 0.161142 -0.0751415 0 
v 0.157711 -0.0820989 0 
v 0.164266 -0.0680411 0 
v 0.190381 -0.190381 0 
v 0.182351 -0.198086 0 
v 0.229584 -0.0653644 0 
v 0.161304 -0.176032 0 
v 0.165371 -0.212468 0 
v 0.156449 -0.219121 0 
v 0.17401 -0.205453 0 
v 0.176279 -0.0232076 0 
v 0.238533 -0.0104146 0 
v 0.23876 2.92397e-17 0 
v 0.238533 0.0104146 0 
v 0.235133 -0.0414602 0 
v 0.236717 -0.0311644 0 
v 0.142258 0.038118 0 
v 0.237851 0.0208093 0 
v 0.148854 -0.0326834 0 
v 0.150111 -0.0263117 0 
v 0.171742 -0.046018 0 
v 0.169571 -0.0534655 0 
v 0.230624 -0.0617956 0 
v 0.2331 -0.0516771 0 
v 0.173585 -0.038483 0 
v 0.237851 -0.0208093 0 
v 0.175099 -0.0308746 0 
v 0.236717 0.0311644 0 
v 0.235133 0.0414602 0 
v 0.151096 -0.0198922 0 
v 0.147326 -0.0389957 0 
v 0.167077 -0.0608112 0 
v 0.2331 0.0516771 0 
v 0.232395 0.0545605 0 
v 0.203622 0.0545605 0 
v 0.145531 -0.0452372 0 
v 0.142258 -0.0545692 0 
v 0.143472 -0.0513966 0 
v 0.101539 -0.00351973 0 
v 0.101299 -0.00781545 0 
v 0.100877 -0.0120972 0 
v 0.101597 0.00078231 0 
v 0.141152 -0.0574626 0 
v 0.0945972 -0.0370666 0 
v 0.0929431 -0.0410384 0 
v 0.101167 0.00937447 0 
v 0.101473 0.00508295 0 
v 0.0991634 0.0221175 0 
v 0.100011 0.0178994 0 
v 0.137637 -0.0653644 0 
v 0.084694 -0.0561203 0 
v 0.0822421 -0.0596557 0 
v 0.0891381 -0.0487541 0 
v 0.086994 -0.0524843 0 
v 0.0911223 -0.0449365 0 
v 0.138575 -0.0634243 0 
v 0.0973938 -0.028931 0 
v 0.0960817 -0.0330284 0 
v 0.0994922 -0.0205879 0 
v 0.0985314 -0.0247816 0 
v 0.100679 0.0136492 0 
v 0.0796427 -0.0630841 0 
v 0.100275 -0.0163572 0 
v 0.0981381 0.026296 0 
v 0.0777565 -0.0653644 0 
v 0.129357 -0.080576 0 
v 0.132673 -0.0749915 0 
v 0.0115871 -0.151959 0 
v 0.0180509 -0.151327 0 
v 0.0388806 -0.0938662 0 
v 0.0291605 -0.0703996 0 
v -0.0291605 -0.0703996 0 
v -0.00139178 -0.152394 0 
v 0.0844759 -0.126845 0 
v 0.0577401 -0.0835981 0 
v 0.0541491 -0.0859677 0 
v 0.0898035 -0.12313 0 
v 0.0612277 -0.0810786 0 
v 0.125807 -0.0860142 0 
v 0.118027 -0.0964123 0 
v 0.122028 -0.0912961 0 
v 0.0769005 -0.0663994 0 
v 0.00510231 -0.152315 0 
v -0.00788334 -0.152196 0 
v -0.0272251 -0.149949 0 
v -0.0208117 -0.150972 0 
v 0.0789949 -0.130329 0 
v 0.0504609 -0.0881831 0 
v 0.135747 -0.0692708 0 
v 0.113812 -0.101353 0 
v -0.0143606 -0.151722 0 
v 0.094968 -0.119192 0 
v 0.0646054 -0.0784136 0 
v 0.104771 -0.110675 0 
v 0.0710075 -0.072667 0 
v 0.0678673 -0.0756081 0 
v 0.109391 -0.10611 0 
v 0.0740204 -0.0695956 0 
v 0.0322035 -0.0690607 0 
v 0.0351852 -0.0675902 0 
v -0.039892 -0.147086 0 
v -0.033589 -0.148652 0 
v -0.0522692 -0.143156 0 
v -0.0461224 -0.145253 0 
v 0.0617323 -0.139337 0 
v 0.0428198 -0.0921359 0 
v 0.0434618 -0.146071 0 
v 0.0496458 -0.144087 0 
v 0.0244819 -0.150421 0 
v 0.0308684 -0.149241 0 
v 0.0999601 -0.115038 0 
v -0.058321 -0.140799 0 
v 0.0557397 -0.141841 0 
v 0.0371989 -0.14779 0 
v 0.0676128 -0.136581 0 
v 0.0466822 -0.0902404 0 
v 0.0733705 -0.133576 0 
v 0.0381 -0.0659911 0 
v 0.0391328 -0.0653644 0 
v -0.0351852 -0.0675902 0 
v -0.0322035 -0.0690607 0 
v -0.0391328 -0.0653644 0 
v -0.0381 -0.0659911 0 
v -0.0463876 -0.0604535 0 
v 0.0538815 -0.0538815 0 
v 0.0561805 -0.05148 0 
v 0.0463876 -0.0604535 0 
v 0.0489804 -0.0583726 0 
v -0.0409422 -0.0642664 0 
v 0.0604535 -0.0463876 0 
v 0.0624194 -0.0437065 0 
v 0.05148 -0.0561805 0 
v 0.0437065 -0.0624194 0 
v 0.0409422 -0.0642664 0 
v -0.0254 0.0381 0 
v -0.0254 0.04572 0 
v -0.0659911 0.0381 0 
v 0.0583726 -0.0489804 0 
v -0.0437065 -0.0624194 0 
v 0.0642664 -0.0409422 0 
v -0.05148 -0.0561805 0 
v -0.0489804 -0.0583726 0 
v -0.0703996 -0.0291605 0 
v -0.0690607 -0.0322035 0 
v -0.0989901 0.0228804 0 
v -0.0979327 0.0270509 0 
v -0.0932563 -0.0403215 0 
v -0.0948798 -0.0363371 0 
v -0.141299 -0.057036 0 
v -0.0761275 -0.0033238 0 
v -0.07591 -0.00664127 0 
v -0.0736035 0.019722 0 
v -0.0743938 0.0164927 0 
v -0.0716046 0.0260619 0 
v -0.0726732 0.0229138 0 
v -0.0675902 0.0351852 0 
v -0.0538815 -0.0538815 0 
v -0.0583726 -0.0489804 0 
v -0.0561805 -0.05148 0 
v -0.0659911 -0.0381 0 
v -0.0642664 -0.0409422 0 
v -0.0716046 -0.0260619 0 
v -0.0743938 -0.0164927 0 
v -0.0736035 -0.019722 0 
v -0.0966996 0.0311728 0 
v -0.0963331 -0.0322876 0 
v -0.0976137 -0.0281802 0 
v -0.140799 -0.058321 0 
v -0.0762 -2.00735e-16 0 
v -0.07591 0.00664127 0 
v -0.0761275 0.0033238 0 
v -0.0750424 0.013232 0 
v -0.0755481 0.0099461 0 
v -0.0690607 0.0322035 0 
v -0.0750424 -0.013232 0 
v 0.0675902 -0.0351852 0 
v 0.0690607 -0.0322035 0 
v -0.0624194 -0.0437065 0 
v -0.0675902 -0.0351852 0 
v -0.0726732 -0.0229138 0 
v 0.0254 0.0381 0 
v 0.07591 -0.00664127 0 
v 0.0761275 -0.0033238 0 
v -0.0998701 0.018669 0 
v -0.0987193 -0.0240222 0 
v -0.0996478 -0.0198212 0 
v -0.0873956 -0.0518129 0 
v -0.0895108 -0.0480663 0 
v -0.0703996 0.0291605 0 
v 0.0716046 -0.0260619 0 
v 0.0726732 -0.0229138 0 
v 0.0703996 -0.0291605 0 
v -0.0604535 -0.0463876 0 
v 0.0736035 0.019722 0 
v 0.0726732 0.0229138 0 
v 0.0750424 0.013232 0 
v 0.0743938 0.0164927 0 
v 0.07591 0.00664127 0 
v 0.0755481 0.0099461 0 
v 0.0762 9.24986e-17 0 
v -0.100571 0.014424 0 
v -0.101431 0.00586413 0 
v -0.101091 0.0101532 0 
v -0.101563 -0.00273778 0 
v -0.101588 0.00156457 0 
v -0.100967 -0.0113201 0 
v -0.101356 -0.00703523 0 
v -0.100398 -0.0155846 0 
v -0.0914656 -0.0442336 0 
v -0.0851236 -0.0554665 0 
v -0.0801261 -0.062469 0 
v -0.082699 -0.0590206 0 
v -0.0755481 -0.0099461 0 
v 0.0743938 -0.0164927 0 
v 0.0750424 -0.013232 0 
v 0.0659911 -0.0381 0 
v 0.0716046 0.0260619 0 
v 0.0703996 0.0291605 0 
v 0.0761275 0.0033238 0 
v 0.0755481 -0.0099461 0 
v -0.0952931 0.0352389 0 
v -0.0937158 0.0392417 0 
v 0.0945015 0.0545605 0 
v -0.0879882 0.0508 0 
v 0.0675902 0.0351852 0 
v 0.0659911 0.0381 0 
v 0.0690607 0.0322035 0 
v 0.0736035 -0.019722 0 
v -0.0919704 0.0431742 0 
v 0.0254 0.04572 0 
v -0.09006 0.0470293 0 
v -0.141299 -0.0585279 0 
v -0.138142 0.0643603 0 
v -0.140799 0.058321 0 
v 0.111475 0.0643603 0 
v 0.019722 0.0736035 0 
v -0.0164927 0.0743938 0 
v -0.019722 0.0736035 0 
v 2.04002e-17 0.0762 0 
v 0.0099461 0.0755481 0 
v 0.00664127 0.07591 0 
v -0.0229138 0.0726732 0 
v 0.013232 0.0750424 0 
v -0.0033238 0.0761275 0 
v -0.013232 0.0750424 0 
v -0.00664127 0.07591 0 
v -0.0099461 0.0755481 0 
v 0.0033238 0.0761275 0 
v 0.0164927 0.0743938 0 
v -0.0388806 0.0938662 0 
v 5.83474e-17 0.1524 0 
v -0.00664759 0.152255 0 
v -0.0260619 0.0716046 0 
v 0.0260619 0.0716046 0 
v 0.0229138 0.0726732 0 
v 0.0402424 0.173186 0 
v 0.0475845 0.171314 0 
v 0.0178314 0.176904 0 
v 0.0253523 0.175983 0 
v -0.00487069 0.177733 0 
v 0.00270617 0.177779 0 
v 0.064407 0.138121 0 
v 0.0347492 0.0954728 0 
v 0.0388806 0.0938662 0 
v 0.00664759 0.152255 0 
v 0.0328271 0.174743 0 
v 0.0102781 0.177503 0 
v 0.0762 0.131982 0 
v 0.0703705 0.13518 0 
v 0.087413 0.124839 0 
v 0.0818845 0.128533 0 
v 0.0132825 0.15182 0 
v -0.0291605 0.0703996 0 
v -0.13518 0.0703705 0 
v -0.138121 0.064407 0 
v -0.124839 0.087413 0 
v -0.128533 0.0818845 0 
v -0.116745 0.0979608 0 
v -0.120907 0.0927752 0 
v -0.10296 0.112361 0 
v 0.0291605 0.0703996 0 
v -0.0124387 0.177364 0 
v -0.0274932 0.175661 0 
v -0.0199841 0.176673 0 
v -0.0423482 0.172683 0 
v -0.0349524 0.174331 0 
v -0.07791 0.159821 0 
v -0.0710299 0.162996 0 
v -0.137011 0.113317 0 
v -0.132059 0.119052 0 
v -0.0703705 0.13518 0 
v -0.0762 0.131982 0 
v -0.058321 0.140799 0 
v -0.064407 0.138121 0 
v -0.026464 0.150085 0 
v -0.0329854 0.148788 0 
v -0.0132825 0.15182 0 
v -0.0198922 0.151096 0 
v 0.0198922 0.151096 0 
v 0.0329854 0.148788 0 
v 0.026464 0.150085 0 
v 0.0458276 0.145346 0 
v 0.039444 0.147207 0 
v -0.131982 0.0762 0 
v -0.107763 0.107763 0 
v -0.112361 0.10296 0 
v -0.0979608 0.116745 0 
v 0.06904 0.163848 0 
v 0.0759581 0.160758 0 
v -0.0568956 0.168451 0 
v -0.049667 0.170722 0 
v -0.0640209 0.165874 0 
v -0.103894 0.144287 0 
v -0.0976524 0.148583 0 
v 0.0927752 0.120907 0 
v -0.087413 0.124839 0 
v -0.0927752 0.120907 0 
v -0.0818845 0.128533 0 
v -0.0521239 0.143209 0 
v -0.039444 0.147207 0 
v -0.0458276 0.145346 0 
v 0.0521239 0.143209 0 
v 0.058321 0.140799 0 
v 0.0827384 0.157376 0 
v 0.0548403 0.169131 0 
v 0.0619964 0.166641 0 
v -0.109947 0.13973 0 
v -0.126867 0.12457 0 
v 0.0305517 0.0968976 0 
v 0.0132615 0.100731 0 
v 0.0176427 0.100056 0 
v 0.00443173 0.101503 0 
v 0.00885502 0.101213 0 
v -0.00443173 0.101503 0 
v 6.48025e-17 0.1016 0 
v 0.142258 0.0821329 0 
v 0.108238 0.141058 0 
v 0.095836 0.149761 0 
v 0.10213 0.145542 0 
v -0.115801 0.134919 0 
v -0.121444 0.129862 0 
v 0.026296 0.0981381 0 
v 0.0219903 0.0991917 0 
v -0.0132615 0.100731 0 
v -0.00885502 0.101213 0 
v -0.0219903 0.0991917 0 
v -0.0176427 0.100056 0 
v -0.0347492 0.0954728 0 
v 0.0893683 0.153708 0 
v -0.0912333 0.152608 0 
v -0.0846485 0.156357 0 
v -0.026296 0.0981381 0 
v -0.0305517 0.0968976 0 
v 0.14799 0.187364 0 
v 0.145289 0.189407 0 
v 0.163214 0.174262 0 
v 0.15574 0.180973 0 
v 0.201568 0.127972 0 
v 0.196007 0.136337 0 
v 0.177284 0.159927 0 
v 0.1704 0.167243 0 
v 0.190098 0.144461 0 
v 0.183854 0.152329 0 
v 0.206772 0.11938 0 
v 0.105601 0.214137 0 
v 0.0965002 0.21839 0 
v 0.131718 0.19914 0 
v 0.123226 0.204504 0 
v 0.0189554 0.238006 0 
v 0.00892752 0.238593 0 
v 0.0388929 0.235571 0 
v 0.0289498 0.236998 0 
v 0.114515 0.209506 0 
v 0.139978 0.193423 0 
v 0.0585552 0.231468 0 
v 0.0487672 0.233727 0 
v 0.0872288 0.222255 0 
v 0.077803 0.225728 0 
v -0.0311644 0.236717 0 
v -0.128286 0.201368 0 
v -0.0011162 0.238757 0 
v -0.0111579 0.238499 0 
v 0.0682395 0.228801 0 
v 0.142258 0.191699 0 
v -0.11938 0.206772 0 
v -0.13462 0.233169 0 
v -0.136947 0.195581 0 
v -0.0330717 0.251204 0 
v -0.0211799 0.237819 0 
v -0.141299 0.229123 0 
v -0.0948634 0.31623 0 
v -0.00149971 0.269236 0 
v 0.00974605 0.269064 0 
v 0.114867 0.309577 0 
v 0.103211 0.313655 0 
v 0.0868993 0.254831 0 
v 0.0968483 0.251204 0 
v 0.13768 0.300127 0 
v 0.126362 0.305065 0 
v 0.0761807 0.258238 0 
v -0.0127429 0.268938 0 
v 0.142258 0.297922 0 
v 0.0653291 0.261194 0 
v 0.032167 0.267312 0 
v 0.043303 0.265735 0 
v -0.0239638 0.268171 0 
v -0.126362 0.305065 0 
v -0.103211 0.313655 0 
v -0.0351429 0.266937 0 
v 0.0543635 0.263695 0 
v 0.0209748 0.268422 0 
v -0.114867 0.309577 0 
v -0.13768 0.300127 0 
v 0.128075 0.236827 0 
v 0.137854 0.231271 0 
v 0.107863 0.246689 0 
v 0.118072 0.241969 0 
v 0.0974663 0.250979 0 
v 0.174401 0.205121 0 
v 0.182815 0.197658 0 
v 0.220028 0.246211 0 
v 0.156674 0.21896 0 
v 0.165682 0.212226 0 
v 0.22908 0.237812 0 
v 0.190911 0.18985 0 
v 0.237812 0.22908 0 
v 0.147392 0.225312 0 
v 0.239272 0.227507 0 
v 0.191334 0.189407 0 
v 0.142258 0.22852 0 
v 0.232036 0.136563 0 
v 0.237537 0.126753 0 
v 0.206089 0.173256 0 
v 0.213145 0.164497 0 
v 0.22613 0.146135 0 
v 0.198673 0.181712 0 
v 0.219829 0.155452 0 
v 0.318949 -0.085462 0 
v 0.321845 -0.0738108 0 
v 0.261127 -0.0653644 0 
v 0.260066 -0.0696844 0 
v 0.327053 0.0454793 0 
v 0.265972 0.0418221 0 
v 0.267487 0.0306775 0 
v 0.327967 -0.0383339 0 
v 0.329144 -0.0263859 0 
v 0.268034 -0.0254572 0 
v 0.329886 -0.0144031 0 
v 0.330191 -0.00240126 0 
v 0.269223 -0.00299938 0 
v 0.33006 0.00960377 0 
v 0.269114 0.00824717 0 
v 0.32849 0.0335599 0 
v 0.268534 0.0194793 0 
v 0.264974 -0.0477373 0 
v 0.262749 -0.0587622 0 
v 0.323621 -0.0653644 0 
v 0.326357 -0.0502311 0 
v 0.266737 -0.0366292 0 
v 0.268863 -0.0142407 0 
v 0.329493 0.0215961 0 
v 0.325621 0.0545605 0 
v 0.263623 0.0545605 0 
v 0.263993 0.0528938 0 
v 0.324315 -0.062062 0 
v 0.325184 0.0573386 0 
v 0.323813 0.0643603 0 
v 0.261424 0.0643603 0 
v 0.261554 0.0638731 0 
v 0.320158 0.0808143 0 
v 0.317008 0.0923995 0 
v 0.258658 0.074741 0 
v 0.322884 0.0691221 0 
v 0.31344 0.103863 0 
v 0.255311 0.0854785 0 
v 0.309457 0.115189 0 
v 0.251518 0.0960668 0 
v 0.340261 0.127088 0 
v 0.344527 0.11502 0 
v 0.305065 0.126362 0 
v 0.247286 0.106487 0 
v 0.348366 0.102809 0 
v 0.242623 0.116722 0 
v 0.351772 0.0904708 0 
v 0.239272 0.123332 0 
v 0.354742 0.07802 0 
v 0.335572 0.138998 0 
v 0.158707 0.326712 0 
v 0.142258 0.334143 0 
v 0.170267 0.320839 0 
v 0.146945 0.332169 0 
v -0.0559661 0.358882 0 
v -0.0431211 0.360651 0 
v -0.0302212 0.361961 0 
v -0.0940083 0.350844 0 
v -0.106471 0.347265 0 
v 0.0086438 0.363117 0 
v 0.0215988 0.362577 0 
v -0.00432221 0.363194 0 
v -0.0172827 0.362809 0 
v -0.0687398 0.356656 0 
v -0.0814259 0.353975 0 
v 0.0474097 0.360113 0 
v 0.0602328 0.358191 0 
v 0.0345263 0.361575 0 
v -0.118798 0.343243 0 
v 0.0729791 0.355813 0 
v -0.130973 0.338784 0 
v 0.110596 0.345973 0 
v 0.122874 0.341805 0 
v 0.0856324 0.352981 0 
v 0.0981765 0.3497 0 
v -0.141299 0.334579 0 
v 0.134995 0.337202 0 
v -0.177854 0.316697 0 
v -0.166437 0.322843 0 
v -0.154808 0.328578 0 
v -0.142982 0.333894 0 
v -0.178651 0.31623 0 
v -0.205748 0.268136 0 
v -0.221114 0.288162 0 
v -0.210688 0.29587 0 
v -0.250628 0.0983644 0 
v -0.246269 0.108819 0 
v -0.230611 0.138956 0 
v -0.236251 0.129133 0 
v -0.254544 0.0877353 0 
v -0.224562 0.148534 0 
v -0.218115 0.157848 0 
v -0.241474 0.119082 0 
v -0.211283 0.166882 0 
v -0.258009 0.0769509 0 
v -0.261018 0.0660303 0 
v -0.261403 0.0643603 0 
v -0.263645 0.0545605 0 
v -0.263564 0.0549928 0 
v -0.267254 0.0326455 0 
v -0.265644 0.043858 0 
v -0.269237 -0.00125869 0 
v -0.269052 0.0100672 0 
v -0.268179 -0.0238838 0 
v -0.268946 -0.0125824 0 
v -0.360113 -0.0474097 0 
v -0.266937 -0.0351429 0 
v -0.26839 0.0213753 0 
v -0.358173 -0.0603393 0 
v -0.357233 -0.0653644 0 
v -0.276195 -0.235893 0 
v -0.249161 -0.264287 0 
v -0.284505 -0.2258 0 
v -0.267526 -0.24568 0 
v -0.258511 -0.255149 0 
v -0.239488 -0.273083 0 
v -0.205748 -0.299271 0 
v -0.208659 -0.297305 0 
v -0.219224 -0.289603 0 
v -0.229504 -0.281525 0 
v -0.152066 -0.329856 0 
v -0.175399 -0.318063 0 
v -0.163838 -0.324169 0 
v 0.155121 -0.430081 0 
v 0.168801 -0.424898 0 
v 0.182308 -0.41928 0 
v 0.195628 -0.413233 0 
v 0.208749 -0.406763 0 
v 0.221655 -0.399876 0 
v 0.234334 -0.39258 0 
v 0.239272 -0.389525 0 
v 0.246774 -0.384882 0 
v 0.258961 -0.37679 0 
v 0.270883 -0.368313 0 
v 0.282527 -0.359458 0 
v 0.326098 -0.320456 0 
v 0.315679 -0.330724 0 
v 0.293882 -0.350236 0 
v 0.304937 -0.340654 0 
v 0.33012 -0.31623 0 
v 0.381253 -0.252346 0 
v 0.372984 -0.264414 0 
v 0.39878 -0.22352 0 
v 0.364334 -0.276211 0 
v 0.39661 -0.227447 0 
v 0.355311 -0.287725 0 
v 0.389131 -0.240019 0 
v 0.355509 -0.0744441 0 
v 0.422398 -0.174963 0 
v 0.391891 -0.162327 0 
v 0.416584 -0.188387 0 
v 0.357244 -0.0653644 0 
v 0.374093 -0.199957 0 
v 0.380435 -0.18761 0 
v 0.410344 -0.201618 0 
v 0.403684 -0.214642 0 
v 0.38637 -0.175062 0 
v 0.367351 -0.21209 0 
v 0.36138 -0.0365116 0 
v 0.362442 -0.0237557 0 
v 0.362925 0.0146254 0 
v 0.363215 0.00182866 0 
v 0.362185 0.027404 0 
v 0.359869 -0.0492221 0 
v 0.357912 -0.0618715 0 
v 0.363054 -0.0109703 0 
v 0.360994 0.0401485 0 
v 0.359355 0.0528432 0 
v 0.359072 0.0545605 0 
v 0.357454 0.0643603 0 
v 0.35528 0.0753499 0 
v 0.35727 0.0654722 0 
v 0.288162 0.221114 0 
v 0.254266 0.210668 0 
v 0.246211 0.220028 0 
v 0.261965 0.201013 0 
v 0.271653 0.241108 0 
v 0.280086 0.231259 0 
v 0.262327 0.251204 0 
v 0.262875 0.25065 0 
v 0.244324 0.268765 0 
v 0.253761 0.259873 0 
v 0.239272 0.273196 0 
v 0.230624 0.0617956 0 
v 0.305065 -0.126362 0 
v 0.288162 -0.221114 0 
v 0.314558 -0.18161 0 
v -0.236717 -0.0311644 0 
v -0.205748 0.0545605 0 
v -0.141299 0.0545605 0 
v -0.141299 -0.0653644 0 
v 0.142258 0.251204 0 
v -0.141299 0.251204 0 
v -0.205748 0.251204 0 
v -0.205748 0.31623 0 
v 0.239272 0.31623 0 
v -0.205748 -0.31623 0 
v -0.430246 -0.22352 0 
v -0.430246 -0.0653644 0 
v -0.205748 0.189407 0 
v -0.141299 0.189407 0 
v -0.205748 0.0643603 0 
v -0.205748 -0.22352 0 
v 0.35528 -0.31623 0 
v 0.239272 -0.31623 0 
v 0.142258 -0.47879 0 
v -0.141299 -0.47879 0 
v 0.239272 -0.22352 0 
v 0.142258 0.189407 0 
v 0.239272 0.189407 0 
v 0.35528 0.189407 0 
v -0.430246 0.189407 0 
v -0.430246 0.251204 0 
v 0.35528 0.31623 0 
v 0.280376 -0.230908 0.0762 
v 0.288162 -0.221114 0.0762 
v 0.272257 -0.240427 0.0762 
v 0.263815 -0.249661 0.0762 
v 0.25506 -0.258599 0.0762 
v 0.246002 -0.26723 0.0762 
v 0.236653 -0.275544 0.0762 
v 0.227023 -0.283531 0.0762 
v 0.217123 -0.291181 0.0762 
v 0.206966 -0.298486 0.0762 
v 0.196563 -0.305437 0.0762 
v 0.185927 -0.312026 0.0762 
v 0.17507 -0.318244 0.0762 
v 0.164006 -0.324085 0.0762 
v 0.152747 -0.329541 0.0762 
v 0.141307 -0.334606 0.0762 
v 0.129699 -0.339274 0.0762 
v 0.117937 -0.34354 0.0762 
v 0.106036 -0.347398 0.0762 
v 0.0940083 -0.350844 0.0762 
v 0.363054 -0.0109703 0.0762 
v 0.363215 0.00182866 0.0762 
v 0.330191 -0.00240126 0.0762 
v 0.362925 0.0146254 0.0762 
v 0.33006 0.00960377 0.0762 
v 0.174001 -0.280635 0.0762 
v 0.1636 -0.286822 0.0762 
v 0.362185 0.027404 0.0762 
v 0.329493 0.0215961 0.0762 
v 0.0577401 -0.0835981 0.0762 
v 0.0437065 -0.0624194 0.0762 
v 0.0409422 -0.0642664 0.0762 
v 0.0612277 -0.0810786 0.0762 
v 0.0463876 -0.0604535 0.0762 
v 0.0678673 -0.0756081 0.0762 
v 0.05148 -0.0561805 0.0762 
v 0.0489804 -0.0583726 0.0762 
v 0.0710075 -0.072667 0.0762 
v 0.0538815 -0.0538815 0.0762 
v 0.0557187 -0.453792 0.0762 
v 0.0553666 -0.420551 0.0762 
v 0.0415769 -0.422137 0.0762 
v 0.070208 -0.451777 0.0762 
v 0.069097 -0.418514 0.0762 
v 0.0846254 -0.4493 0.0762 
v 0.0827534 -0.41603 0.0762 
v 0.0989562 -0.446363 0.0762 
v 0.0963212 -0.413099 0.0762 
v 0.270883 -0.368313 0.0762 
v 0.282527 -0.359458 0.0762 
v 0.258224 -0.336525 0.0762 
v 0.293882 -0.350236 0.0762 
v 0.269097 -0.327896 0.0762 
v 0.0970921 -0.315603 0.0762 
v 0.085462 -0.318949 0.0762 
v 0.108592 -0.311833 0.0762 
v 0.119946 -0.307644 0.0762 
v 0.131138 -0.303043 0.0762 
v 0.142155 -0.298034 0.0762 
v 0.15298 -0.292624 0.0762 
v 0.261554 0.0638731 0.0762 
v 0.258658 0.074741 0.0762 
v 0.230624 0.0617956 0.0762 
v 0.360994 0.0401485 0.0762 
v 0.32849 0.0335599 0.0762 
v 0.0428198 -0.0921359 0.0762 
v 0.0322035 -0.0690607 0.0762 
v 0.0291605 -0.0703996 0.0762 
v 0.0466822 -0.0902404 0.0762 
v 0.0351852 -0.0675902 0.0762 
v 0.0504609 -0.0881831 0.0762 
v 0.0381 -0.0659911 0.0762 
v 0.0541491 -0.0859677 0.0762 
v 0.0646054 -0.0784136 0.0762 
v 0.0740204 -0.0695956 0.0762 
v 0.0561805 -0.05148 0.0762 
v 0.101597 0.00078231 0.0762 
v 0.101473 0.00508295 0.0762 
v 0.0761275 0.0033238 0.0762 
v 0.101167 0.00937447 0.0762 
v 0.07591 0.00664127 0.0762 
v -0.0754598 -0.45093 0.0762 
v -0.069097 -0.418514 0.0762 
v -0.0827534 -0.41603 0.0762 
v -0.0609949 -0.453113 0.0762 
v -0.0553666 -0.420551 0.0762 
v 0.113186 -0.442968 0.0762 
v 0.109786 -0.409726 0.0762 
v 0.127299 -0.43912 0.0762 
v 0.123133 -0.405915 0.0762 
v 0.155121 -0.430081 0.0762 
v 0.149417 -0.396993 0.0762 
v 0.136348 -0.401669 0.0762 
v 0.168801 -0.424898 0.0762 
v 0.162327 -0.391891 0.0762 
v 0.258961 -0.37679 0.0762 
v 0.247075 -0.344793 0.0762 
v 0.203745 -0.259846 0.0762 
v 0.21313 -0.252205 0.0762 
v 0.222229 -0.244226 0.0762 
v 0.231029 -0.235919 0.0762 
v 0.247687 -0.218365 0.0762 
v 0.255522 -0.209142 0.0762 
v 0.268034 -0.0254572 0.0762 
v 0.237851 -0.0208093 0.0762 
v 0.236717 -0.0311644 0.0762 
v 0.268863 -0.0142407 0.0762 
v 0.238533 -0.0104146 0.0762 
v 0.2331 0.0516771 0.0762 
v 0.263993 0.0528938 0.0762 
v 0.359355 0.0528432 0.0762 
v 0.327053 0.0454793 0.0762 
v 0.35727 0.0654722 0.0762 
v 0.325184 0.0573386 0.0762 
v 0.354742 0.07802 0.0762 
v 0.322884 0.0691221 0.0762 
v 0.0769005 -0.0663994 0.0762 
v 0.0583726 -0.0489804 0.0762 
v 0.0796427 -0.0630841 0.0762 
v 0.0604535 -0.0463876 0.0762 
v 0.0994922 -0.0205879 0.0762 
v 0.100275 -0.0163572 0.0762 
v 0.0750424 -0.013232 0.0762 
v 0.100877 -0.0120972 0.0762 
v 0.0755481 -0.0099461 0.0762 
v 0.100679 0.0136492 0.0762 
v 0.0755481 0.0099461 0.0762 
v 0.100011 0.0178994 0.0762 
v 0.0750424 0.013232 0.0762 
v 0.0991634 0.0221175 0.0762 
v 0.0743938 0.0164927 0.0762 
v -0.0898474 -0.448285 0.0762 
v -0.0963212 -0.413099 0.0762 
v -0.0172851 -0.456873 0.0762 
v -0.0138788 -0.423953 0.0762 
v -0.0277427 -0.423272 0.0762 
v -0.00265987 -0.457192 0.0762 
v 7.79206e-17 -0.42418 0.0762 
v 0.141283 -0.434823 0.0762 
v 0.195628 -0.413233 0.0762 
v 0.18761 -0.380435 0.0762 
v 0.175062 -0.38637 0.0762 
v 0.246774 -0.384882 0.0762 
v 0.235662 -0.352693 0.0762 
v 0.304937 -0.340654 0.0762 
v 0.315679 -0.330724 0.0762 
v 0.289966 -0.309594 0.0762 
v 0.326098 -0.320456 0.0762 
v 0.299941 -0.299941 0.0762 
v 0.320761 -0.170414 0.0762 
v 0.326567 -0.159006 0.0762 
v 0.294991 -0.148365 0.0762 
v 0.331967 -0.147401 0.0762 
v 0.30023 -0.137456 0.0762 
v 0.305065 -0.126362 0.0762 
v 0.336954 -0.135612 0.0762 
v 0.341523 -0.123656 0.0762 
v 0.184167 -0.27407 0.0762 
v 0.194087 -0.267137 0.0762 
v 0.239519 -0.227295 0.0762 
v 0.269223 -0.00299938 0.0762 
v 0.23876 2.92397e-17 0.0762 
v 0.36138 -0.0365116 0.0762 
v 0.362442 -0.0237557 0.0762 
v 0.329144 -0.0263859 0.0762 
v 0.329886 -0.0144031 0.0762 
v 0.0822421 -0.0596557 0.0762 
v 0.0624194 -0.0437065 0.0762 
v 0.101299 -0.00781545 0.0762 
v 0.07591 -0.00664127 0.0762 
v 0.0981381 0.026296 0.0762 
v 0.0736035 0.019722 0.0762 
v 0.190911 0.18985 0.0762 
v 0.182815 0.197658 0.0762 
v 0.163214 0.174262 0.0762 
v 0.174401 0.205121 0.0762 
v 0.15574 0.180973 0.0762 
v 0.156674 0.21896 0.0762 
v 0.147392 0.225312 0.0762 
v 0.131718 0.19914 0.0762 
v 0.137854 0.231271 0.0762 
v 0.123226 0.204504 0.0762 
v 0.128075 0.236827 0.0762 
v 0.114515 0.209506 0.0762 
v 0.118072 0.241969 0.0762 
v 0.105601 0.214137 0.0762 
v -0.104143 -0.445181 0.0762 
v -0.109786 -0.409726 0.0762 
v -0.0464676 -0.454833 0.0762 
v -0.0415769 -0.422137 0.0762 
v -0.0318927 -0.456086 0.0762 
v 0.0119681 -0.457043 0.0762 
v 0.0138788 -0.423953 0.0762 
v 0.0265838 -0.456426 0.0762 
v 0.0277427 -0.423272 0.0762 
v 0.0411723 -0.455342 0.0762 
v 0.182308 -0.41928 0.0762 
v 0.208749 -0.406763 0.0762 
v 0.221655 -0.399876 0.0762 
v 0.199957 -0.374093 0.0762 
v 0.234334 -0.39258 0.0762 
v 0.21209 -0.367351 0.0762 
v 0.223996 -0.360215 0.0762 
v 0.336183 -0.309859 0.0762 
v 0.309594 -0.289966 0.0762 
v 0.355311 -0.287725 0.0762 
v 0.364334 -0.276211 0.0762 
v 0.336525 -0.258224 0.0762 
v 0.367351 -0.21209 0.0762 
v 0.314558 -0.18161 0.0762 
v 0.276929 -0.17984 0.0762 
v 0.270153 -0.189867 0.0762 
v 0.262749 -0.0587622 0.0762 
v 0.2331 -0.0516771 0.0762 
v 0.230624 -0.0617956 0.0762 
v 0.264974 -0.0477373 0.0762 
v 0.235133 -0.0414602 0.0762 
v 0.266737 -0.0366292 0.0762 
v 0.269114 0.00824717 0.0762 
v 0.238533 0.0104146 0.0762 
v 0.268534 0.0194793 0.0762 
v 0.237851 0.0208093 0.0762 
v 0.267487 0.0306775 0.0762 
v 0.236717 0.0311644 0.0762 
v 0.265972 0.0418221 0.0762 
v 0.235133 0.0414602 0.0762 
v 0.255311 0.0854785 0.0762 
v 0.357912 -0.0618715 0.0762 
v 0.359869 -0.0492221 0.0762 
v 0.326357 -0.0502311 0.0762 
v 0.351772 0.0904708 0.0762 
v 0.320158 0.0808143 0.0762 
v 0.348366 0.102809 0.0762 
v 0.317008 0.0923995 0.0762 
v 0.084694 -0.0561203 0.0762 
v 0.0642664 -0.0409422 0.0762 
v 0.086994 -0.0524843 0.0762 
v 0.0659911 -0.0381 0.0762 
v 0.0911223 -0.0449365 0.0762 
v 0.0929431 -0.0410384 0.0762 
v 0.0690607 -0.0322035 0.0762 
v 0.0973938 -0.028931 0.0762 
v 0.0985314 -0.0247816 0.0762 
v 0.0736035 -0.019722 0.0762 
v 0.0743938 -0.0164927 0.0762 
v 0.101539 -0.00351973 0.0762 
v 0.0761275 -0.0033238 0.0762 
v 0.0762 9.24986e-17 0.0762 
v 0.0726732 0.0229138 0.0762 
v 0.0703996 0.0291605 0.0762 
v 0.0716046 0.0260619 0.0762 
v 0.219829 0.155452 0.0762 
v 0.213145 0.164497 0.0762 
v 0.190098 0.144461 0.0762 
v 0.206089 0.173256 0.0762 
v 0.183854 0.152329 0.0762 
v 0.198673 0.181712 0.0762 
v 0.177284 0.159927 0.0762 
v 0.1704 0.167243 0.0762 
v 0.165682 0.212226 0.0762 
v 0.14799 0.187364 0.0762 
v 0.139978 0.193423 0.0762 
v 0.107863 0.246689 0.0762 
v 0.0965002 0.21839 0.0762 
v 0.0974663 0.250979 0.0762 
v 0.0872288 0.222255 0.0762 
v 0.0868993 0.254831 0.0762 
v 0.077803 0.225728 0.0762 
v 0.345924 -0.298945 0.0762 
v 0.318915 -0.279681 0.0762 
v 0.327896 -0.269097 0.0762 
v 0.289356 -0.159075 0.0762 
v 0.345668 -0.111545 0.0762 
v 0.381253 -0.252346 0.0762 
v 0.263014 -0.199639 0.0762 
v 0.283333 -0.169571 0.0762 
v 0.39661 -0.227447 0.0762 
v 0.403684 -0.214642 0.0762 
v 0.374093 -0.199957 0.0762 
v 0.410344 -0.201618 0.0762 
v 0.380435 -0.18761 0.0762 
v 0.416584 -0.188387 0.0762 
v 0.38637 -0.175062 0.0762 
v 0.251518 0.0960668 0.0762 
v 0.324315 -0.062062 0.0762 
v 0.355509 -0.0744441 0.0762 
v 0.327967 -0.0383339 0.0762 
v 0.344527 0.11502 0.0762 
v 0.31344 0.103863 0.0762 
v 0.340261 0.127088 0.0762 
v 0.309457 0.115189 0.0762 
v 0.0891381 -0.0487541 0.0762 
v 0.0675902 -0.0351852 0.0762 
v 0.0945972 -0.0370666 0.0762 
v 0.0960817 -0.0330284 0.0762 
v 0.0716046 -0.0260619 0.0762 
v 0.0726732 -0.0229138 0.0762 
v 0.232036 0.136563 0.0762 
v 0.22613 0.146135 0.0762 
v 0.201568 0.127972 0.0762 
v 0.0761807 0.258238 0.0762 
v 0.0653291 0.261194 0.0762 
v 0.0585552 0.231468 0.0762 
v 0.0543635 0.263695 0.0762 
v 0.0487672 0.233727 0.0762 
v 0.279681 -0.318915 0.0762 
v 0.372984 -0.264414 0.0762 
v 0.389131 -0.240019 0.0762 
v 0.422398 -0.174963 0.0762 
v 0.391891 -0.162327 0.0762 
v 0.260066 -0.0696844 0.0762 
v 0.227709 -0.0717965 0.0762 
v 0.224361 -0.0816607 0.0762 
v 0.352665 -0.0869242 0.0762 
v 0.321845 -0.0738108 0.0762 
v 0.318949 -0.085462 0.0762 
v 0.335572 0.138998 0.0762 
v 0.305065 0.126362 0.0762 
v 0.0703996 -0.0291605 0.0762 
v 0.0659911 0.0381 0.0762 
v 0.0675902 0.0351852 0.0762 
v 0.206772 0.11938 0.0762 
v 0.237537 0.126753 0.0762 
v 0.247286 0.106487 0.0762 
v 0.242623 0.116722 0.0762 
v 0.196007 0.136337 0.0762 
v 0.0682395 0.228801 0.0762 
v 0.043303 0.265735 0.0762 
v 0.0388929 0.235571 0.0762 
v 0.032167 0.267312 0.0762 
v 0.0289498 0.236998 0.0762 
v 0.0209748 0.268422 0.0762 
v 0.0189554 0.238006 0.0762 
v 0.00974605 0.269064 0.0762 
v 0.00892752 0.238593 0.0762 
v -0.00149971 0.269236 0.0762 
v -0.0011162 0.238757 0.0762 
v -0.0127429 0.268938 0.0762 
v -0.0111579 0.238499 0.0762 
v -0.0239638 0.268171 0.0762 
v -0.0211799 0.237819 0.0762 
v -0.0351429 0.266937 0.0762 
v -0.0311644 0.236717 0.0762 
v 0.349384 -0.0992964 0.0762 
v 0.0690607 0.0322035 0.0762 
v 0.220585 -0.0913695 0.0762 
v 0.0388806 -0.0938662 0.0762 
v -0.118332 -0.441621 0.0762 
v -0.140799 -0.058321 0.0762 
v -0.305065 -0.126362 0.0762 
v -0.224562 0.148534 0.0762 
v -0.201368 0.128286 0.0762 
v -0.195581 0.136947 0.0762 
v -0.230611 0.138956 0.0762 
v -0.206772 0.11938 0.0762 
v -0.241474 0.119082 0.0762 
v -0.246269 0.108819 0.0762 
v -0.21639 0.100904 0.0762 
v -0.261018 0.0660303 0.0762 
v -0.263564 0.0549928 0.0762 
v -0.2331 0.0516771 0.0762 
v -0.265644 0.043858 0.0762 
v -0.235133 0.0414602 0.0762 
v -0.219224 -0.289603 0.0762 
v -0.198794 -0.263653 0.0762 
v -0.208667 -0.25591 0.0762 
v -0.208659 -0.297305 0.0762 
v -0.188633 -0.271016 0.0762 
v -0.204076 0.175622 0.0762 
v -0.182901 0.153472 0.0762 
v -0.176032 0.161304 0.0762 
v -0.211283 0.166882 0.0762 
v -0.189421 0.145348 0.0762 
v -0.218115 0.157848 0.0762 
v -0.211783 0.110247 0.0762 
v -0.236251 0.129133 0.0762 
v -0.250628 0.0983644 0.0762 
v -0.220585 0.0913695 0.0762 
v -0.267254 0.0326455 0.0762 
v -0.236717 0.0311644 0.0762 
v -0.26839 0.0213753 0.0762 
v -0.237851 0.0208093 0.0762 
v -0.269052 0.0100672 0.0762 
v -0.238533 0.0104146 0.0762 
v -0.197824 -0.304622 0.0762 
v -0.1782 -0.277987 0.0762 
v -0.254544 0.0877353 0.0762 
v -0.224361 0.0816607 0.0762 
v -0.258009 0.0769509 0.0762 
v -0.227709 0.0717965 0.0762 
v -0.230624 0.0617956 0.0762 
v -0.269237 -0.00125869 0.0762 
v -0.23876 -5.84793e-17 0.0762 
v -0.268946 -0.0125824 0.0762 
v -0.238533 -0.0104146 0.0762 
v -0.268179 -0.0238838 0.0762 
v -0.237851 -0.0208093 0.0762 
v -0.186732 -0.311544 0.0762 
v -0.167509 -0.284557 0.0762 
v -0.175399 -0.318063 0.0762 
v -0.156577 -0.290716 0.0762 
v -0.163838 -0.324169 0.0762 
v -0.145418 -0.296455 0.0762 
v -0.239488 -0.273083 0.0762 
v -0.229504 -0.281525 0.0762 
v -0.152066 -0.329856 0.0762 
v -0.13405 -0.301766 0.0762 
v -0.115627 -0.344324 0.0762 
v -0.10316 -0.348263 0.0762 
v -0.0988497 -0.315057 0.0762 
v -0.0905594 -0.35175 0.0762 
v -0.0778414 -0.354781 0.0762 
v -0.0746411 -0.321653 0.0762 
v -0.0650225 -0.357353 0.0762 
v -0.0623663 -0.324257 0.0762 
v -0.0391487 -0.361104 0.0762 
v -0.0261274 -0.362279 0.0762 
v -0.0250731 -0.329247 0.0762 
v -0.0130722 -0.362985 0.0762 
v -0.0125456 -0.329962 0.0762 
v -0.171775 0.207325 0.0762 
v -0.153472 0.182901 0.0762 
v -0.145348 0.189421 0.0762 
v -0.180344 0.199916 0.0762 
v -0.161304 0.176032 0.0762 
v -0.188593 0.192153 0.0762 
v -0.168829 0.168829 0.0762 
v -0.196509 0.18405 0.0762 
v -0.266937 -0.0351429 0.0762 
v -0.236717 -0.0311644 0.0762 
v -0.147207 -0.039444 0.0762 
v -0.148788 -0.0329854 0.0762 
v -0.143209 -0.0521239 0.0762 
v -0.145346 -0.0458276 0.0762 
v -0.326286 -0.159581 0.0762 
v -0.294589 -0.149162 0.0762 
v -0.300044 -0.137861 0.0762 
v -0.307185 -0.193819 0.0762 
v -0.300011 -0.204749 0.0762 
v -0.275708 -0.181707 0.0762 
v -0.276195 -0.235893 0.0762 
v -0.267526 -0.24568 0.0762 
v -0.245013 -0.221361 0.0762 
v -0.258511 -0.255149 0.0762 
v -0.236426 -0.23051 0.0762 
v -0.249161 -0.264287 0.0762 
v -0.227497 -0.239327 0.0762 
v -0.21824 -0.247797 0.0762 
v -0.140096 -0.335115 0.0762 
v -0.122488 -0.306641 0.0762 
v -0.127944 -0.33994 0.0762 
v -0.110749 -0.311074 0.0762 
v -0.0868081 -0.318585 0.0762 
v -0.0521194 -0.359461 0.0762 
v -0.0500015 -0.326392 0.0762 
v 2.12628e-17 -0.36322 0.0762 
v 1.93298e-17 -0.3302 0.0762 
v -0.341585 -0.123484 0.0762 
v -0.33692 -0.135697 0.0762 
v -0.331818 -0.147735 0.0762 
v -0.320331 -0.171221 0.0762 
v -0.288709 -0.160247 0.0762 
v -0.313962 -0.182638 0.0762 
v -0.282412 -0.1711 0.0762 
v -0.292448 -0.215414 0.0762 
v -0.284505 -0.2258 0.0762 
v -0.261114 -0.202117 0.0762 
v -0.253246 -0.211892 0.0762 
v -0.0375644 -0.328056 0.0762 
v -0.345808 -0.11111 0.0762 
v -0.352905 -0.0859474 0.0762 
v -0.349583 -0.0985926 0.0762 
v -0.360113 -0.0474097 0.0762 
v -0.358173 -0.0603393 0.0762 
v -0.153742 0.221029 0.0762 
v -0.136947 0.195581 0.0762 
v -0.128286 0.201368 0.0762 
v -0.162903 0.214366 0.0762 
v -0.268605 -0.192051 0.0762 
v -0.355769 -0.0731908 0.0762 
v -0.144309 0.2273 0.0762 
v -0.11938 0.206772 0.0762 
v -0.150085 -0.026464 0.0762 
v -0.13462 0.233169 0.0762 
v -0.151096 -0.0198922 0.0762 
v 0.0254 0.04572 0.0508 
v -0.0254 0.04572 0.0508 
v -0.0254 0.0381 0.0508 
v 0.0254 0.0381 0.0508 
v 0.0927752 0.120907 0.0762 
v 0.087413 0.124839 0.0762 
v 0.0818845 0.128533 0.0762 
v 0.0762 0.131982 0.0762 
v 0.0703705 0.13518 0.0762 
v 0.064407 0.138121 0.0762 
v 0.058321 0.140799 0.0762 
v 0.0521239 0.143209 0.0762 
v 0.0458276 0.145346 0.0762 
v 0.039444 0.147207 0.0762 
v 0.0329854 0.148788 0.0762 
v 0.026464 0.150085 0.0762 
v 0.0198922 0.151096 0.0762 
v 0.0132825 0.15182 0.0762 
v 0.00664759 0.152255 0.0762 
v 5.83474e-17 0.1524 0.0762 
v -0.00664759 0.152255 0.0762 
v -0.0132825 0.15182 0.0762 
v -0.0198922 0.151096 0.0762 
v -0.026464 0.150085 0.0762 
v -0.0329854 0.148788 0.0762 
v -0.039444 0.147207 0.0762 
v -0.0458276 0.145346 0.0762 
v -0.0521239 0.143209 0.0762 
v -0.058321 0.140799 0.0762 
v -0.064407 0.138121 0.0762 
v -0.0703705 0.13518 0.0762 
v -0.0762 0.131982 0.0762 
v -0.0818845 0.128533 0.0762 
v -0.087413 0.124839 0.0762 
v -0.0927752 0.120907 0.0762 
v -0.0979608 0.116745 0.0762 
v -0.10296 0.112361 0.0762 
v -0.107763 0.107763 0.0762 
v -0.112361 0.10296 0.0762 
v -0.116745 0.0979608 0.0762 
v -0.120907 0.0927752 0.0762 
v -0.124839 0.087413 0.0762 
v -0.128533 0.0818845 0.0762 
v -0.131982 0.0762 0.0762 
v -0.13518 0.0703705 0.0762 
v -0.140799 0.058321 0.0762 
v -0.138121 0.064407 0.0762 
v 0.108238 0.141058 0.0762 
v -0.164266 0.0680411 0.0762 
v -0.161218 0.074978 0.0762 
v -0.157877 0.0817787 0.0762 
v -0.154249 0.0884308 0.0762 
v -0.150342 0.0949224 0.0762 
v -0.146161 0.101242 0.0762 
v -0.141715 0.107377 0.0762 
v -0.137011 0.113317 0.0762 
v -0.132059 0.119052 0.0762 
v -0.126867 0.12457 0.0762 
v -0.121444 0.129862 0.0762 
v -0.115801 0.134919 0.0762 
v -0.109947 0.13973 0.0762 
v -0.103894 0.144287 0.0762 
v -0.0976524 0.148583 0.0762 
v -0.0912333 0.152608 0.0762 
v -0.0846485 0.156357 0.0762 
v -0.07791 0.159821 0.0762 
v -0.0710299 0.162996 0.0762 
v -0.0640209 0.165874 0.0762 
v -0.0568956 0.168451 0.0762 
v -0.049667 0.170722 0.0762 
v -0.0423482 0.172683 0.0762 
v -0.0349524 0.174331 0.0762 
v -0.0274932 0.175661 0.0762 
v -0.0199841 0.176673 0.0762 
v -0.0124387 0.177364 0.0762 
v -0.00487069 0.177733 0.0762 
v 0.00270617 0.177779 0.0762 
v 0.0102781 0.177503 0.0762 
v 0.0178314 0.176904 0.0762 
v 0.0253523 0.175983 0.0762 
v 0.0328271 0.174743 0.0762 
v 0.0402424 0.173186 0.0762 
v 0.0475845 0.171314 0.0762 
v 0.0548403 0.169131 0.0762 
v 0.0619964 0.166641 0.0762 
v 0.06904 0.163848 0.0762 
v 0.0759581 0.160758 0.0762 
v 0.0827384 0.157376 0.0762 
v 0.0893683 0.153708 0.0762 
v 0.095836 0.149761 0.0762 
v 0.10213 0.145542 0.0762 
v 0.0291605 0.0703996 0.0762 
v 0.0260619 0.0716046 0.0762 
v 0.0229138 0.0726732 0.0762 
v 0.019722 0.0736035 0.0762 
v 0.0164927 0.0743938 0.0762 
v 0.013232 0.0750424 0.0762 
v 0.0099461 0.0755481 0.0762 
v 0.00664127 0.07591 0.0762 
v 0.0033238 0.0761275 0.0762 
v 2.04002e-17 0.0762 0.0762 
v -0.0033238 0.0761275 0.0762 
v -0.00664127 0.07591 0.0762 
v -0.0099461 0.0755481 0.0762 
v -0.013232 0.0750424 0.0762 
v -0.0164927 0.0743938 0.0762 
v -0.019722 0.0736035 0.0762 
v -0.0229138 0.0726732 0.0762 
v -0.0260619 0.0716046 0.0762 
v -0.0291605 0.0703996 0.0762 
v 0.0388806 0.0938662 0.0762 
v -0.0388806 0.0938662 0.0762 
v -0.0347492 0.0954728 0.0762 
v -0.0305517 0.0968976 0.0762 
v -0.026296 0.0981381 0.0762 
v -0.0219903 0.0991917 0.0762 
v -0.0176427 0.100056 0.0762 
v -0.0132615 0.100731 0.0762 
v -0.00885502 0.101213 0.0762 
v -0.00443173 0.101503 0.0762 
v 6.48025e-17 0.1016 0.0762 
v 0.00443173 0.101503 0.0762 
v 0.00885502 0.101213 0.0762 
v 0.0132615 0.100731 0.0762 
v 0.0176427 0.100056 0.0762 
v 0.0219903 0.0991917 0.0762 
v 0.026296 0.0981381 0.0762 
v 0.0305517 0.0968976 0.0762 
v 0.0347492 0.0954728 0.0762 
v -0.0659911 0.0381 0.0762 
v -0.0675902 0.0351852 0.0762 
v -0.0690607 0.0322035 0.0762 
v -0.0703996 0.0291605 0.0762 
v -0.0716046 0.0260619 0.0762 
v -0.0726732 0.0229138 0.0762 
v -0.0736035 0.019722 0.0762 
v -0.0743938 0.0164927 0.0762 
v -0.0750424 0.013232 0.0762 
v -0.0755481 0.0099461 0.0762 
v -0.07591 0.00664127 0.0762 
v -0.0761275 0.0033238 0.0762 
v -0.0762 -2.00735e-16 0.0762 
v -0.0761275 -0.0033238 0.0762 
v -0.07591 -0.00664127 0.0762 
v -0.0755481 -0.0099461 0.0762 
v -0.0750424 -0.013232 0.0762 
v -0.0743938 -0.0164927 0.0762 
v -0.0736035 -0.019722 0.0762 
v -0.0726732 -0.0229138 0.0762 
v -0.0716046 -0.0260619 0.0762 
v -0.0703996 -0.0291605 0.0762 
v -0.0690607 -0.0322035 0.0762 
v -0.0675902 -0.0351852 0.0762 
v -0.0659911 -0.0381 0.0762 
v -0.0642664 -0.0409422 0.0762 
v -0.0624194 -0.0437065 0.0762 
v -0.0604535 -0.0463876 0.0762 
v -0.0583726 -0.0489804 0.0762 
v -0.0561805 -0.05148 0.0762 
v -0.0538815 -0.0538815 0.0762 
v -0.05148 -0.0561805 0.0762 
v -0.0489804 -0.0583726 0.0762 
v -0.0463876 -0.0604535 0.0762 
v -0.0437065 -0.0624194 0.0762 
v -0.0409422 -0.0642664 0.0762 
v -0.0381 -0.0659911 0.0762 
v -0.0351852 -0.0675902 0.0762 
v -0.0322035 -0.0690607 0.0762 
v -0.0291605 -0.0703996 0.0762 
v 0.12012 -0.131088 0.0762 
v 0.104771 -0.110675 0.0762 
v 0.0999601 -0.115038 0.0762 
v 0.125724 -0.125724 0.0762 
v 0.109391 -0.10611 0.0762 
v 0.101982 -0.145645 0.0762 
v 0.0898035 -0.12313 0.0762 
v 0.0844759 -0.126845 0.0762 
v 0.108238 -0.141058 0.0762 
v 0.094968 -0.119192 0.0762 
v 0.114288 -0.136203 0.0762 
v 0.131088 -0.12012 0.0762 
v 0.113812 -0.101353 0.0762 
v 0.136203 -0.114288 0.0762 
v 0.118027 -0.0964123 0.0762 
v 0.141058 -0.108238 0.0762 
v 0.122028 -0.0912961 0.0762 
v 0.145645 -0.101982 0.0762 
v 0.125807 -0.0860142 0.0762 
v 0.149955 -0.0955319 0.0762 
v 0.129357 -0.080576 0.0762 
v -0.0996478 -0.0198212 0.0762 
v -0.0987193 -0.0240222 0.0762 
v -0.0963331 -0.0322876 0.0762 
v -0.0948798 -0.0363371 0.0762 
v -0.0932563 -0.0403215 0.0762 
v 0.153979 -0.0889 0.0762 
v 0.132673 -0.0749915 0.0762 
v -0.100398 -0.0155846 0.0762 
v -0.0976137 -0.0281802 0.0762 
v 0.0955319 -0.149955 0.0762 
v 0.0789949 -0.130329 0.0762 
v 0.161142 -0.0751415 0.0762 
v 0.138575 -0.0634243 0.0762 
v 0.135747 -0.0692708 0.0762 
v 0.164266 -0.0680411 0.0762 
v 0.141152 -0.0574626 0.0762 
v 0.169571 -0.0534655 0.0762 
v 0.145531 -0.0452372 0.0762 
v 0.143472 -0.0513966 0.0762 
v 0.171742 -0.046018 0.0762 
v 0.147326 -0.0389957 0.0762 
v -0.0895108 -0.0480663 0.0762 
v -0.0873956 -0.0518129 0.0762 
v -0.0851236 -0.0554665 0.0762 
v -0.0801261 -0.062469 0.0762 
v -0.0774095 -0.0658053 0.0762 
v -0.074554 -0.0690236 0.0762 
v -0.0652073 -0.0779139 0.0762 
v -0.0618502 -0.0806047 0.0762 
v 0.0889 -0.153979 0.0762 
v 0.157711 -0.0820989 0.0762 
v 0.167077 -0.0608112 0.0762 
v -0.0952931 0.0352389 0.0762 
v -0.0966996 0.0311728 0.0762 
v -0.101588 0.00156457 0.0762 
v -0.101563 -0.00273778 0.0762 
v -0.0914656 -0.0442336 0.0762 
v -0.082699 -0.0590206 0.0762 
v -0.0715649 -0.0721181 0.0762 
v -0.0684475 -0.0750833 0.0762 
v 0.0680411 -0.164266 0.0762 
v 0.0751415 -0.161142 0.0762 
v 0.0617323 -0.139337 0.0762 
v 0.0820989 -0.157711 0.0762 
v 0.0676128 -0.136581 0.0762 
v 0.173585 -0.038483 0.0762 
v 0.148854 -0.0326834 0.0762 
v -0.09006 0.0470293 0.0762 
v -0.0919704 0.0431742 0.0762 
v -0.0937158 0.0392417 0.0762 
v -0.0979327 0.0270509 0.0762 
v -0.0989901 0.0228804 0.0762 
v -0.0998701 0.018669 0.0762 
v -0.100571 0.014424 0.0762 
v -0.101356 -0.00703523 0.0762 
v -0.100967 -0.0113201 0.0762 
v 0.0608112 -0.167077 0.0762 
v 0.0557397 -0.141841 0.0762 
v 0.175099 -0.0308746 0.0762 
v 0.150111 -0.0263117 0.0762 
v 0.176279 -0.0232076 0.0762 
v 0.151096 -0.0198922 0.0762 
v -0.0534655 -0.169571 0.0762 
v -0.046018 -0.171742 0.0762 
v -0.039892 -0.147086 0.0762 
v -0.038483 -0.173585 0.0762 
v -0.033589 -0.148652 0.0762 
v -0.0308746 -0.175099 0.0762 
v -0.0272251 -0.149949 0.0762 
v -0.0232076 -0.176279 0.0762 
v -0.0208117 -0.150972 0.0762 
v -0.0154963 -0.177123 0.0762 
v -0.00775553 -0.177631 0.0762 
v -0.00788334 -0.152196 0.0762 
v 3.26613e-17 -0.1778 0.0762 
v -0.00139178 -0.152394 0.0762 
v 0.00775553 -0.177631 0.0762 
v 0.00510231 -0.152315 0.0762 
v 0.0154963 -0.177123 0.0762 
v 0.0115871 -0.151959 0.0762 
v 0.046018 -0.171742 0.0762 
v 0.0534655 -0.169571 0.0762 
v 0.0434618 -0.146071 0.0762 
v 0.0496458 -0.144087 0.0762 
v 0.0733705 -0.133576 0.0762 
v -0.101091 0.0101532 0.0762 
v -0.101431 0.00586413 0.0762 
v -0.0143606 -0.151722 0.0762 
v 0.0232076 -0.176279 0.0762 
v 0.0180509 -0.151327 0.0762 
v 0.038483 -0.173585 0.0762 
v 0.0371989 -0.14779 0.0762 
v -0.0608112 -0.167077 0.0762 
v -0.0461224 -0.145253 0.0762 
v 0.0308746 -0.175099 0.0762 
v 0.0244819 -0.150421 0.0762 
v 0.0308684 -0.149241 0.0762 
v -0.0955319 -0.149955 0.0762 
v -0.0889 -0.153979 0.0762 
v -0.058321 -0.140799 0.0762 
v -0.0820989 -0.157711 0.0762 
v -0.0751415 -0.161142 0.0762 
v -0.108238 -0.141058 0.0762 
v -0.101982 -0.145645 0.0762 
v -0.0680411 -0.164266 0.0762 
v -0.0522692 -0.143156 0.0762 
v -0.0879882 0.0508 0.0762 
v 0.168829 -0.168829 0.0762 
v 0.190381 -0.190381 0.0762 
v -0.168829 -0.168829 0.0762 
v -0.161304 -0.176032 0.0762 
v -0.153472 -0.182901 0.0762 
v -0.136947 -0.195581 0.0762 
v -0.145348 -0.189421 0.0762 
v -0.128286 -0.201368 0.0762 
v -0.11938 -0.206772 0.0762 
v -0.110247 -0.211783 0.0762 
v -0.100904 -0.21639 0.0762 
v -0.0913695 -0.220585 0.0762 
v -0.0816607 -0.224361 0.0762 
v -0.0717965 -0.227709 0.0762 
v -0.0617956 -0.230624 0.0762 
v -0.0516771 -0.2331 0.0762 
v -0.0414602 -0.235133 0.0762 
v -0.0311644 -0.236717 0.0762 
v -0.0208093 -0.237851 0.0762 
v -0.0104146 -0.238533 0.0762 
v 4.38595e-17 -0.23876 0.0762 
v 0.0104146 -0.238533 0.0762 
v 0.0208093 -0.237851 0.0762 
v 0.0311644 -0.236717 0.0762 
v 0.0414602 -0.235133 0.0762 
v 0.0516771 -0.2331 0.0762 
v 0.0617956 -0.230624 0.0762 
v 0.0717965 -0.227709 0.0762 
v 0.0913695 -0.220585 0.0762 
v 0.0816607 -0.224361 0.0762 
v 0.100904 -0.21639 0.0762 
v 0.110247 -0.211783 0.0762 
v 0.11938 -0.206772 0.0762 
v 0.128286 -0.201368 0.0762 
v 0.136947 -0.195581 0.0762 
v 0.145348 -0.189421 0.0762 
v 0.153472 -0.182901 0.0762 
v 0.161304 -0.176032 0.0762 
v -0.190381 -0.190381 0.0762 
v 0.182351 -0.198086 0.0762 
v 0.17401 -0.205453 0.0762 
v 0.165371 -0.212468 0.0762 
v 0.156449 -0.219121 0.0762 
v 0.14726 -0.225399 0.0762 
v 0.13782 -0.231292 0.0762 
v 0.128144 -0.23679 0.0762 
v 0.118249 -0.241883 0.0762 
v 0.108152 -0.246563 0.0762 
v 0.0978709 -0.250822 0.0762 
v 0.0874221 -0.254652 0.0762 
v 0.0768239 -0.258047 0.0762 
v 0.0660945 -0.261001 0.0762 
v 0.0552522 -0.26351 0.0762 
v 0.0443154 -0.265568 0.0762 
v 0.033303 -0.267172 0.0762 
v 0.0222337 -0.26832 0.0762 
v 0.0111263 -0.26901 0.0762 
v 4.94586e-17 -0.26924 0.0762 
v -0.0111263 -0.26901 0.0762 
v -0.0222337 -0.26832 0.0762 
v -0.033303 -0.267172 0.0762 
v -0.0443154 -0.265568 0.0762 
v -0.0552522 -0.26351 0.0762 
v -0.0660945 -0.261001 0.0762 
v -0.0768239 -0.258047 0.0762 
v -0.0874221 -0.254652 0.0762 
v -0.0978709 -0.250822 0.0762 
v -0.108152 -0.246563 0.0762 
v -0.118249 -0.241883 0.0762 
v -0.128144 -0.23679 0.0762 
v -0.13782 -0.231292 0.0762 
v -0.14726 -0.225399 0.0762 
v -0.156449 -0.219121 0.0762 
v -0.165371 -0.212468 0.0762 
v -0.17401 -0.205453 0.0762 
v -0.182351 -0.198086 0.0762 
v -0.221114 0.288162 0.0762 
v -0.201013 0.261965 0.0762 
v 0.261965 0.201013 0.0762 
v 0.254266 0.210668 0.0762 
v 0.246211 0.220028 0.0762 
v 0.237812 0.22908 0.0762 
v 0.22908 0.237812 0.0762 
v 0.220028 0.246211 0.0762 
v 0.210668 0.254266 0.0762 
v 0.201013 0.261965 0.0762 
v 0.191077 0.269298 0.0762 
v 0.180874 0.276254 0.0762 
v 0.170418 0.282824 0.0762 
v 0.159724 0.288999 0.0762 
v 0.148806 0.294769 0.0762 
v 0.13768 0.300127 0.0762 
v 0.126362 0.305065 0.0762 
v 0.114867 0.309577 0.0762 
v 0.103211 0.313655 0.0762 
v 0.0914111 0.317295 0.0762 
v 0.0794831 0.320491 0.0762 
v 0.067444 0.323239 0.0762 
v 0.0553106 0.325535 0.0762 
v 0.0430997 0.327375 0.0762 
v 0.0308287 0.328758 0.0762 
v 0.0185145 0.329681 0.0762 
v 0.00617437 0.330142 0.0762 
v -0.00617437 0.330142 0.0762 
v -0.0185145 0.329681 0.0762 
v -0.0308287 0.328758 0.0762 
v -0.0430997 0.327375 0.0762 
v -0.0553106 0.325535 0.0762 
v -0.067444 0.323239 0.0762 
v -0.0794831 0.320491 0.0762 
v -0.103211 0.313655 0.0762 
v -0.0914111 0.317295 0.0762 
v -0.114867 0.309577 0.0762 
v -0.126362 0.305065 0.0762 
v -0.148806 0.294769 0.0762 
v -0.13768 0.300127 0.0762 
v -0.159724 0.288999 0.0762 
v -0.170418 0.282824 0.0762 
v -0.180874 0.276254 0.0762 
v -0.191077 0.269298 0.0762 
v 0.288162 0.221114 0.0762 
v -0.210688 0.29587 0.0762 
v -0.199994 0.303202 0.0762 
v -0.189044 0.310147 0.0762 
v -0.177854 0.316697 0.0762 
v -0.166437 0.322843 0.0762 
v -0.154808 0.328578 0.0762 
v -0.142982 0.333894 0.0762 
v -0.130973 0.338784 0.0762 
v -0.118798 0.343243 0.0762 
v -0.106471 0.347265 0.0762 
v -0.0940083 0.350844 0.0762 
v -0.0814259 0.353975 0.0762 
v -0.0687398 0.356656 0.0762 
v -0.0559661 0.358882 0.0762 
v -0.0431211 0.360651 0.0762 
v -0.0302212 0.361961 0.0762 
v -0.0172827 0.362809 0.0762 
v -0.00432221 0.363194 0.0762 
v 0.0086438 0.363117 0.0762 
v 0.0215988 0.362577 0.0762 
v 0.0345263 0.361575 0.0762 
v 0.0474097 0.360113 0.0762 
v 0.0602328 0.358191 0.0762 
v 0.0729791 0.355813 0.0762 
v 0.0856324 0.352981 0.0762 
v 0.0981765 0.3497 0.0762 
v 0.110596 0.345973 0.0762 
v 0.122874 0.341805 0.0762 
v 0.134995 0.337202 0.0762 
v 0.146945 0.332169 0.0762 
v 0.158707 0.326712 0.0762 
v 0.170267 0.320839 0.0762 
v 0.18161 0.314558 0.0762 
v 0.192722 0.307875 0.0762 
v 0.203588 0.3008 0.0762 
v 0.214194 0.293342 0.0762 
v 0.224528 0.28551 0.0762 
v 0.234575 0.277314 0.0762 
v 0.244324 0.268765 0.0762 
v 0.253761 0.259873 0.0762 
v 0.262875 0.25065 0.0762 
v 0.271653 0.241108 0.0762 
v 0.280086 0.231259 0.0762 
vn 0 0 -1 
vn 1 0 0 
vn 0.99953 0.0306449 0 
vn 0.998122 0.061261 0 
vn 0.995776 0.0918195 0 
vn 0.992494 0.122292 0 
vn 0.98828 0.152649 0 
vn 0.983138 0.182863 0 
vn 0.977073 0.212906 0 
vn 0.970089 0.242748 0 
vn 0.962195 0.272362 0 
vn 0.953396 0.301721 0 
vn 0.943702 0.330796 0 
vn 0.933122 0.35956 0 
vn 0.921665 0.387986 0 
vn 0.909342 0.416049 0 
vn 0.896166 0.44372 0 
vn 0.882147 0.470974 0 
vn 0.8673 0.497786 0 
vn 0.851638 0.524131 0 
vn 0.835176 0.549983 0 
vn 0.817929 0.575319 0 
vn 0.799915 0.600114 0 
vn 0.781149 0.624345 0 
vn 0.761649 0.64799 0 
vn 0.741433 0.671027 0 
vn 0.720522 0.693433 0 
vn 0.698933 0.715187 0 
vn 0.676688 0.73627 0 
vn 0.653807 0.756661 0 
vn 0.630312 0.776342 0 
vn 0.606225 0.795293 0 
vn 0.581569 0.813497 0 
vn 0.556366 0.830937 0 
vn 0.530641 0.847597 0 
vn 0.504417 0.86346 0 
vn 0.47772 0.878512 0 
vn 0.450574 0.892739 0 
vn 0.423004 0.906128 0 
vn 0.395037 0.918665 0 
vn 0.366699 0.93034 0 
vn 0.338017 0.94114 0 
vn 0.309017 0.951057 0 
vn 0.279727 0.96008 0 
vn 0.250174 0.968201 0 
vn 0.220386 0.975413 0 
vn 0.190391 0.981708 0 
vn 0.160217 0.987082 0 
vn 0.129893 0.991528 0 
vn 0.0994468 0.995043 0 
vn 0.0689071 0.997623 0 
vn 0.0383027 0.999266 0 
vn 0.00766235 0.999971 0 
vn -0.0229852 0.999736 0 
vn -0.0536112 0.998562 0 
vn -0.0841869 0.99645 0 
vn -0.114683 0.993402 0 
vn -0.145072 0.989421 0 
vn -0.175325 0.984511 0 
vn -0.205413 0.978675 0 
vn -0.235308 0.971921 0 
vn -0.264982 0.964253 0 
vn -0.294406 0.95568 0 
vn -0.323555 0.946209 0 
vn -0.352399 0.93585 0 
vn -0.380913 0.924611 0 
vn -0.409069 0.912504 0 
vn -0.43684 0.899539 0 
vn -0.464201 0.88573 0 
vn -0.491126 0.871088 0 
vn -0.51759 0.855629 0 
vn -0.543568 0.839365 0 
vn -0.569035 0.822314 0 
vn -0.593967 0.804489 0 
vn -0.618341 0.78591 0 
vn -0.642135 0.766591 0 
vn -0.665326 0.746553 0 
vn -0.687891 0.725814 0 
vn -0.709811 0.704393 0 
vn -0.731063 0.68231 0 
vn -0.751629 0.659586 0 
vn -0.771489 0.636242 0 
vn -0.790624 0.612301 0 
vn -0.809017 0.587785 0 
vn -0.82665 0.562717 0 
vn -0.843506 0.53712 0 
vn -0.85957 0.511019 0 
vn -0.874826 0.484437 0 
vn -0.889261 0.457401 0 
vn -0.90286 0.429935 0 
vn -0.915611 0.402065 0 
vn -0.927502 0.373817 0 
vn -0.938522 0.345218 0 
vn -0.948661 0.316295 0 
vn -0.957908 0.287075 0 
vn -0.966256 0.257585 0 
vn -0.973695 0.227854 0 
vn -0.980221 0.197908 0 
vn -0.985825 0.167776 0 
vn -0.990504 0.137487 0 
vn -0.994252 0.107068 0 
vn -0.997066 0.0765493 0 
vn -0.998943 0.0459583 0 
vn -0.999883 0.0153242 0 
vn -0.999883 -0.0153242 0 
vn -0.998943 -0.0459583 0 
vn -0.997066 -0.0765493 0 
vn -0.994252 -0.107068 0 
vn -0.990504 -0.137487 0 
vn -0.985825 -0.167776 0 
vn -0.980221 -0.197908 0 
vn -0.973695 -0.227854 0 
vn -0.966256 -0.257585 0 
vn -0.957908 -0.287075 0 
vn -0.948661 -0.316295 0 
vn -0.938522 -0.345218 0 
vn -0.927502 -0.373817 0 
vn -0.915611 -0.402065 0 
vn -0.90286 -0.429935 0 
vn -0.889261 -0.457401 0 
vn -0.874826 -0.484437 0 
vn -0.85957 -0.511019 0 
vn -0.843506 -0.53712 0 
vn -0.82665 -0.562717 0 
vn -0.809017 -0.587785 0 
vn -0.790624 -0.612301 0 
vn -0.771489 -0.636242 0 
vn -0.751629 -0.659586 0 
vn -0.731063 -0.68231 0 
vn -0.709811 -0.704393 0 
vn -0.687891 -0.725814 0 
vn -0.665326 -0.746553 0 
vn -0.642135 -0.766591 0 
vn -0.618341 -0.78591 0 
vn -0.593967 -0.804489 0 
vn -0.569035 -0.822314 0 
vn -0.543568 -0.839365 0 
vn -0.51759 -0.855629 0 
vn -0.491126 -0.871088 0 
vn -0.464201 -0.88573 0 
vn -0.43684 -0.899539 0 
vn -0.409069 -0.912504 0 
vn -0.380913 -0.924611 0 
vn -0.352399 -0.93585 0 
vn -0.323555 -0.946209 0 
vn -0.294406 -0.95568 0 
vn -0.264982 -0.964253 0 
vn -0.235308 -0.971921 0 
vn -0.205413 -0.978675 0 
vn -0.175325 -0.984511 0 
vn -0.145072 -0.989421 0 
vn -0.114683 -0.993402 0 
vn -0.0841869 -0.99645 0 
vn -0.0536112 -0.998562 0 
vn -0.0229852 -0.999736 0 
vn 0.00766235 -0.999971 0 
vn 0.0383027 -0.999266 0 
vn 0.0689071 -0.997623 0 
vn 0.0994468 -0.995043 0 
vn 0.129893 -0.991528 0 
vn 0.160217 -0.987082 0 
vn 0.190391 -0.981708 0 
vn 0.220386 -0.975413 0 
vn 0.250174 -0.968201 0 
vn 0.279727 -0.96008 0 
vn 0.309017 -0.951057 0 
vn 0.338017 -0.94114 0 
vn 0.366699 -0.93034 0 
vn 0.395037 -0.918665 0 
vn 0.423004 -0.906128 0 
vn 0.450574 -0.892739 0 
vn 0.47772 -0.878512 0 
vn 0.504417 -0.86346 0 
vn 0.530641 -0.847597 0 
vn 0.556366 -0.830937 0 
vn 0.581569 -0.813497 0 
vn 0.606225 -0.795293 0 
vn 0.630312 -0.776342 0 
vn 0.653807 -0.756661 0 
vn 0.676688 -0.73627 0 
vn 0.698933 -0.715187 0 
vn 0.720522 -0.693433 0 
vn 0.741433 -0.671027 0 
vn 0.761649 -0.64799 0 
vn 0.781149 -0.624345 0 
vn 0.799915 -0.600114 0 
vn 0.817929 -0.575319 0 
vn 0.835176 -0.549983 0 
vn 0.851638 -0.524131 0 
vn 0.8673 -0.497786 0 
vn 0.882147 -0.470974 0 
vn 0.896166 -0.44372 0 
vn 0.909342 -0.416049 0 
vn 0.921665 -0.387986 0 
vn 0.933122 -0.35956 0 
vn 0.943702 -0.330796 0 
vn 0.953396 -0.301721 0 
vn 0.962195 -0.272362 0 
vn 0.970089 -0.242748 0 
vn 0.977073 -0.212906 0 
vn 0.983138 -0.182863 0 
vn 0.98828 -0.152649 0 
vn 0.992494 -0.122292 0 
vn 0.995776 -0.0918195 0 
vn 0.998122 -0.061261 0 
vn 0.99953 -0.0306449 0 
vn 0 0 1 
vn 0.684996 0.728547 0 
vn 0.707107 0.707107 0 
vn 0.662235 0.749296 0 
vn 0.684996 0.728547 0 
vn 0.638847 0.769334 0 
vn 0.662235 0.749296 0 
vn 0.614852 0.788642 0 
vn 0.638847 0.769334 0 
vn 0.590274 0.807203 0 
vn 0.614852 0.788642 0 
vn 0.565136 0.824997 0 
vn 0.590274 0.807203 0 
vn 0.539463 0.84201 0 
vn 0.565136 0.824997 0 
vn 0.513277 0.858223 0 
vn 0.539463 0.84201 0 
vn 0.486604 0.873622 0 
vn 0.513277 0.858223 0 
vn 0.45947 0.888193 0 
vn 0.486604 0.873622 0 
vn 0.431901 0.901921 0 
vn 0.45947 0.888193 0 
vn 0.403921 0.914794 0 
vn 0.411221 0.911536 0 
vn 0.375558 0.926799 0 
vn 0.346839 0.937925 0 
vn 0.317791 0.948161 0 
vn 0.288442 0.957497 0 
vn 0.290477 0.956882 0 
vn 0.258819 0.965926 0 
vn 0.282405 0.959295 0 
vn 0.228951 0.973438 0 
vn 0.198865 0.980027 0 
vn 0.168591 0.985686 0 
vn 0.138156 0.99041 0 
vn 0.107591 0.994195 0 
vn 0.0769238 0.997037 0 
vn 0.0461835 0.998933 0 
vn 0.0153994 0.999881 0 
vn -0.0153994 0.999881 0 
vn -0.0461835 0.998933 0 
vn -0.0769238 0.997037 0 
vn -0.107591 0.994195 0 
vn -0.138156 0.99041 0 
vn -0.168591 0.985686 0 
vn -0.198865 0.980027 0 
vn -0.228951 0.973438 0 
vn -0.258819 0.965926 0 
vn -0.288442 0.957497 0 
vn -0.284317 0.95873 0 
vn -0.317791 0.948161 0 
vn -0.290477 0.956882 0 
vn -0.346839 0.937925 0 
vn -0.375558 0.926799 0 
vn -0.403921 0.914794 0 
vn -0.431901 0.901921 0 
vn -0.45947 0.888193 0 
vn -0.486604 0.873622 0 
vn -0.478228 0.878236 0 
vn -0.513277 0.858223 0 
vn -0.539463 0.84201 0 
vn -0.565136 0.824997 0 
vn -0.590274 0.807203 0 
vn -0.614852 0.788642 0 
vn -0.638847 0.769334 0 
vn -0.662235 0.749296 0 
vn -0.684996 0.728547 0 
vn -0.707107 0.707107 0 
vn -0.728547 0.684996 0 
vn -0.710059 0.704142 0 
vn -0.707107 0.707107 0 
vn -0.749296 0.662235 0 
vn -0.769334 0.638847 0 
vn -0.788642 0.614852 0 
vn -0.774935 0.632041 0 
vn -0.769334 0.638847 0 
vn -0.807203 0.590274 0 
vn -0.824997 0.565136 0 
vn -0.84201 0.539463 0 
vn -0.858223 0.513277 0 
vn -0.873622 0.486604 0 
vn -0.888193 0.45947 0 
vn -0.901921 0.431901 0 
vn -0.894657 0.446753 0 
vn -0.888193 0.45947 0 
vn -0.914794 0.403921 0 
vn -0.926799 0.375558 0 
vn -0.937925 0.346839 0 
vn -0.948161 0.317791 0 
vn -0.957497 0.288442 0 
vn -0.965926 0.258819 0 
vn -0.973438 0.228951 0 
vn -0.980027 0.198865 0 
vn -0.985686 0.168591 0 
vn -0.99041 0.138156 0 
vn -0.994195 0.107591 0 
vn -0.99143 0.130641 0 
vn -0.99041 0.138156 0 
vn -0.997037 0.0769238 0 
vn -0.998933 0.0461835 0 
vn -0.999881 0.0153994 0 
vn -0.999881 -0.0153994 0 
vn -0.998933 -0.0461835 0 
vn -0.997037 -0.0769238 0 
vn -0.994195 -0.107591 0 
vn -0.99041 -0.138156 0 
vn -0.991692 -0.128636 0 
vn -0.994037 -0.10904 0 
vn -0.99041 -0.138156 0 
vn -0.985686 -0.168591 0 
vn -0.980027 -0.198865 0 
vn -0.973438 -0.228951 0 
vn -0.965926 -0.258819 0 
vn -0.957497 -0.288442 0 
vn -0.948161 -0.317791 0 
vn -0.937925 -0.346839 0 
vn -0.926799 -0.375558 0 
vn -0.914794 -0.403921 0 
vn -0.925584 -0.378542 0 
vn -0.926799 -0.375558 0 
vn -0.901921 -0.431901 0 
vn -0.888193 -0.45947 0 
vn -0.873622 -0.486604 0 
vn -0.858223 -0.513277 0 
vn -0.864818 -0.502085 0 
vn -0.84201 -0.539463 0 
vn -0.824997 -0.565136 0 
vn -0.807203 -0.590274 0 
vn -0.788642 -0.614852 0 
vn -0.769334 -0.638847 0 
vn -0.774935 -0.632041 0 
vn -0.749296 -0.662235 0 
vn -0.728547 -0.684996 0 
vn -0.707107 -0.707107 0 
vn -0.710059 -0.704142 0 
vn -0.584174 -0.811628 0 
vn -0.608761 -0.793353 0 
vn -0.559039 -0.829141 0 
vn -0.584174 -0.811628 0 
vn -0.533379 -0.845876 0 
vn -0.559039 -0.829141 0 
vn -0.507218 -0.861818 0 
vn -0.533379 -0.845876 0 
vn -0.480582 -0.87695 0 
vn -0.507218 -0.861818 0 
vn -0.453494 -0.891259 0 
vn -0.478198 -0.878252 0 
vn -0.480582 -0.87695 0 
vn -0.425981 -0.904732 0 
vn -0.398068 -0.917356 0 
vn -0.369781 -0.929119 0 
vn -0.341148 -0.94001 0 
vn -0.312194 -0.950018 0 
vn -0.282947 -0.959136 0 
vn -0.284306 -0.958733 0 
vn -0.253435 -0.967353 0 
vn -0.223684 -0.974662 0 
vn -0.193724 -0.981056 0 
vn -0.163582 -0.98653 0 
vn -0.133287 -0.991077 0 
vn -0.102866 -0.994695 0 
vn -0.0723493 -0.997379 0 
vn -0.0417643 -0.999127 0 
vn -0.0111402 -0.999938 0 
vn 0.0194945 -0.99981 0 
vn 0.0501108 -0.998744 0 
vn 0.0806801 -0.99674 0 
vn 0.111174 -0.993801 0 
vn 0.141563 -0.989929 0 
vn 0.171819 -0.985128 0 
vn 0.201915 -0.979403 0 
vn 0.23182 -0.972759 0 
vn 0.261508 -0.965201 0 
vn 0.290951 -0.956738 0 
vn 0.282411 -0.959294 0 
vn 0.320121 -0.947377 0 
vn 0.34899 -0.937127 0 
vn 0.377531 -0.925997 0 
vn 0.405719 -0.913998 0 
vn 0.433525 -0.901141 0 
vn 0.411214 -0.911539 0 
vn 0.405719 -0.913998 0 
vn 0.460925 -0.887439 0 
vn 0.487892 -0.872904 0 
vn 0.514401 -0.85755 0 
vn 0.540428 -0.84139 0 
vn 0.565947 -0.824442 0 
vn 0.590935 -0.806719 0 
vn 0.615369 -0.788239 0 
vn 0.639225 -0.76902 0 
vn 0.662481 -0.749079 0 
vn 0.685115 -0.728435 0 
vn 0.707107 -0.707107 0 
vn 0.811515 -0.584332 0 
vn 0.793353 -0.608761 0 
vn 0.828924 -0.559361 0 
vn 0.811515 -0.584332 0 
vn 0.845565 -0.533872 0 
vn 0.828924 -0.559361 0 
vn 0.861423 -0.507888 0 
vn 0.859875 -0.510505 0 
vn 0.876483 -0.481434 0 
vn 0.864829 -0.502067 0 
vn 0.89073 -0.454533 0 
vn 0.904152 -0.427211 0 
vn 0.916736 -0.399493 0 
vn 0.928471 -0.371406 0 
vn 0.925577 -0.378559 0 
vn 0.939345 -0.342973 0 
vn 0.949349 -0.314224 0 
vn 0.958473 -0.285183 0 
vn 0.966709 -0.255877 0 
vn 0.97405 -0.226335 0 
vn 0.980487 -0.196583 0 
vn 0.986016 -0.166649 0 
vn 0.990632 -0.13656 0 
vn 0.994329 -0.106345 0 
vn 0.994037 -0.109042 0 
vn 0.991692 -0.128634 0 
vn 0.990632 -0.13656 0 
vn 0.994329 -0.106345 0 
vn 0.997105 -0.076031 0 
vn 0.998958 -0.0456468 0 
vn 0.999884 -0.0152203 0 
vn 0.999884 0.0152203 0 
vn 0.998958 0.0456468 0 
vn 0.997105 0.076031 0 
vn 0.994329 0.106345 0 
vn 0.990632 0.13656 0 
vn 0.99143 0.130639 0 
vn 0.986016 0.166649 0 
vn 0.980487 0.196583 0 
vn 0.97405 0.226335 0 
vn 0.966709 0.255877 0 
vn 0.958473 0.285183 0 
vn 0.949349 0.314224 0 
vn 0.939345 0.342973 0 
vn 0.928471 0.371406 0 
vn 0.916736 0.399493 0 
vn 0.904152 0.427211 0 
vn 0.89073 0.454533 0 
vn 0.894662 0.446743 0 
vn 0.876483 0.481434 0 
vn 0.861423 0.507888 0 
vn 0.845565 0.533872 0 
vn 0.859875 0.510505 0 
vn 0.861423 0.507888 0 
vn 0.828924 0.559361 0 
vn 0.811515 0.584332 0 
vn 0.793353 0.608761 0 
vn -0.5 -0.866025 0 
vn -0.524977 -0.851117 0 
vn -0.549509 -0.835488 0 
vn -0.573576 -0.819152 0 
vn -0.597159 -0.802123 0 
vn -0.620235 -0.784416 0 
vn -0.642788 -0.766044 0 
vn -0.664796 -0.747025 0 
vn -0.686242 -0.727374 0 
vn -0.707107 -0.707107 0 
vn -0.991445 -0.130526 0 
vn -0.995056 -0.0993197 0 
vn -0.997684 -0.0680153 0 
vn -0.999328 -0.0366437 0 
vn -0.999986 -0.00523596 0 
vn -0.999657 0.0261769 0 
vn -0.998342 0.057564 0 
vn -0.996041 0.0888943 0 
vn -0.992757 0.120137 0 
vn -0.992854 0.119338 0 
vn -0.988494 0.151261 0 
vn -0.99004 0.140786 0 
vn -0.983255 0.182236 0 
vn -0.977046 0.21303 0 
vn -0.969872 0.243615 0 
vn -0.961741 0.273959 0 
vn -0.952661 0.304033 0 
vn -0.942641 0.333807 0 
vn -0.931691 0.363251 0 
vn -0.941104 0.338117 0 
vn -0.919821 0.392337 0 
vn -0.907044 0.421036 0 
vn -0.910135 0.414312 0 
vn -0.893371 0.449319 0 
vn -0.878817 0.477159 0 
vn -0.863396 0.504528 0 
vn -0.847122 0.531399 0 
vn -0.830012 0.557745 0 
vn -0.835494 0.549499 0 
vn -0.812084 0.583541 0 
vn -0.793353 0.608761 0 
vn -0.847122 0.531399 0 
vn -0.919821 0.392337 0 
vn -0.942641 0.333807 0 
vn -0.996041 0.0888943 0 
vn -0.965926 0.258819 0 
vn -0.956073 0.29313 0 
vn -0.945001 0.327068 0 
vn -0.932725 0.360589 0 
vn -0.91926 0.39365 0 
vn -0.904624 0.42621 0 
vn -0.888835 0.458227 0 
vn -0.871914 0.489659 0 
vn -0.853881 0.520468 0 
vn -0.834761 0.550613 0 
vn -0.853266 0.521476 0 
vn -0.814576 0.580057 0 
vn -0.793353 0.608761 0 
vn -0.853881 0.520468 0 
vn -0.0972597 -0.995259 0 
vn -0.130526 -0.991445 0 
vn -0.0638842 -0.997957 0 
vn -0.0972597 -0.995259 0 
vn -0.0304371 -0.999537 0 
vn -0.0638842 -0.997957 0 
vn 0.00304417 -0.999995 0 
vn -0.0304371 -0.999537 0 
vn 0.036522 -0.999333 0 
vn 0.00304417 -0.999995 0 
vn 0.0699589 -0.99755 0 
vn 0.036522 -0.999333 0 
vn 0.103317 -0.994648 0 
vn 0.0699589 -0.99755 0 
vn 0.13656 -0.990632 0 
vn 0.103317 -0.994648 0 
vn 0.16965 -0.985504 0 
vn 0.13656 -0.990632 0 
vn 0.202549 -0.979272 0 
vn 0.16965 -0.985504 0 
vn 0.235221 -0.971942 0 
vn 0.202549 -0.979272 0 
vn 0.267629 -0.963522 0 
vn 0.235221 -0.971942 0 
vn 0.299738 -0.954022 0 
vn 0.267629 -0.963522 0 
vn 0.33151 -0.943452 0 
vn 0.299738 -0.954022 0 
vn 0.362911 -0.931824 0 
vn 0.33312 -0.942885 0 
vn 0.33151 -0.943452 0 
vn 0.393905 -0.919151 0 
vn 0.424457 -0.905448 0 
vn 0.454533 -0.89073 0 
vn 0.484099 -0.875013 0 
vn 0.513123 -0.858315 0 
vn 0.485057 -0.874482 0 
vn 0.484099 -0.875013 0 
vn 0.541572 -0.840655 0 
vn 0.569413 -0.822052 0 
vn 0.596616 -0.802527 0 
vn 0.62315 -0.782103 0 
vn 0.648985 -0.760801 0 
vn 0.674093 -0.738647 0 
vn 0.666396 -0.745598 0 
vn 0.698444 -0.715664 0 
vn 0.722013 -0.691879 0 
vn 0.744772 -0.667319 0 
vn 0.766696 -0.64201 0 
vn 0.787761 -0.615981 0 
vn 0.807942 -0.589262 0 
vn 0.805758 -0.592244 0 
vn 0.827217 -0.561882 0 
vn 0.845565 -0.533872 0 
vn 0.862965 -0.505263 0 
vn 0.879397 -0.476088 0 
vn 0.894844 -0.446379 0 
vn 0.894771 -0.446525 0 
vn 0.879397 -0.476088 0 
vn 0.909287 -0.41617 0 
vn 0.92271 -0.385494 0 
vn 0.935099 -0.354386 0 
vn 0.94644 -0.32288 0 
vn 0.956719 -0.291013 0 
vn 0.965926 -0.258819 0 
vn -0.130526 -0.991445 0 
vn 0.815561 -0.578671 0 
vn 0.793353 -0.608761 0 
vn 0.836628 -0.547772 0 
vn 0.819089 -0.573666 0 
vn 0.815561 -0.578671 0 
vn 0.856525 -0.516106 0 
vn 0.875223 -0.483719 0 
vn 0.892698 -0.450655 0 
vn 0.908924 -0.416961 0 
vn 0.92388 -0.382683 0 
vn 0.937542 -0.347871 0 
vn 0.949894 -0.312572 0 
vn 0.960917 -0.276836 0 
vn 0.970597 -0.240712 0 
vn 0.978918 -0.204252 0 
vn 0.985871 -0.167506 0 
vn 0.980815 -0.194939 0 
vn 0.978918 -0.204252 0 
vn 0.991445 -0.130526 0 
vn 0.986253 -0.165241 0 
vn 0.608761 0.793353 0 
vn -0.793353 0.608761 0 
vn 0.707107 0.707107 0 
vn 0.729092 0.684415 0 
vn 0.722145 0.691742 0 
vn 0.75035 0.661041 0 
vn 0.770858 0.637007 0 
vn 0.790597 0.612336 0 
vn 0.777161 0.629302 0 
vn 0.809547 0.587055 0 
vn 0.827689 0.561187 0 
vn 0.845004 0.534759 0 
vn 0.835488 0.549509 0 
vn 0.861476 0.507798 0 
vn 0.877088 0.480329 0 
vn 0.891825 0.452381 0 
vn 0.905671 0.423981 0 
vn 0.918613 0.395159 0 
vn 0.910131 0.414321 0 
vn 0.930638 0.365941 0 
vn 0.941734 0.336359 0 
vn 0.95189 0.30644 0 
vn 0.961096 0.276216 0 
vn 0.969342 0.245716 0 
vn 0.976621 0.21497 0 
vn 0.982924 0.184011 0 
vn 0.988247 0.152867 0 
vn 0.992583 0.121571 0 
vn 0.99004 0.140787 0 
vn 0.995928 0.0901531 0 
vn 0.992853 0.11934 0 
vn 0.998279 0.0586455 0 
vn 0.999633 0.0270794 0 
vn 0.99999 -0.00451377 0 
vn 0.999348 -0.0361024 0 
vn 0.997709 -0.067655 0 
vn 0.995073 -0.0991401 0 
vn 0.991445 -0.130526 0 
vn 0.988247 0.152867 0 
vn 0.905671 0.423981 0 
vn 0.827689 0.561187 0 
vn 0.770858 0.637007 0 
vn 0.707107 0.707107 0 
vn -0.130526 -0.991445 0 
vn -0.995185 0.0980171 0 
vn -0.991445 0.130526 0 
vn -0.997859 0.0654031 0 
vn -0.995185 0.0980171 0 
vn -0.999465 0.0327191 0 
vn -0.997859 0.0654031 0 
vn -1 -5.66554e-16 0 
vn -0.999465 0.0327191 0 
vn -0.999465 -0.0327191 0 
vn -1 -5.66554e-16 0 
vn -0.997859 -0.0654031 0 
vn -0.999465 -0.0327191 0 
vn -0.995185 -0.0980171 0 
vn -0.997859 -0.0654031 0 
vn -0.991445 -0.130526 0 
vn -0.991693 -0.12863 0 
vn -0.986643 -0.162895 0 
vn -0.988419 -0.151747 0 
vn -0.980785 -0.19509 0 
vn -0.973877 -0.227076 0 
vn -0.965926 -0.258819 0 
vn -0.95694 -0.290285 0 
vn -0.94693 -0.321439 0 
vn -0.935906 -0.35225 0 
vn -0.92388 -0.382683 0 
vn -0.910864 -0.412707 0 
vn -0.896873 -0.442289 0 
vn -0.881921 -0.471397 0 
vn -0.894757 -0.446554 0 
vn -0.896873 -0.442289 0 
vn -0.866025 -0.5 0 
vn -0.849202 -0.528068 0 
vn -0.83147 -0.55557 0 
vn -0.83767 -0.546177 0 
vn -0.812847 -0.582478 0 
vn -0.793353 -0.608761 0 
vn -0.805728 -0.592286 0 
vn -0.812847 -0.582478 0 
vn -0.77301 -0.634393 0 
vn -0.75184 -0.659346 0 
vn -0.729864 -0.683592 0 
vn -0.707107 -0.707107 0 
vn -0.683592 -0.729864 0 
vn -0.659346 -0.75184 0 
vn -0.666404 -0.745591 0 
vn -0.634393 -0.77301 0 
vn -0.608761 -0.793353 0 
vn 0.866025 -0.5 0 
vn -0.608761 0.793353 0 
vn 0.77301 0.634393 0 
vn 0.793353 0.608761 0 
vn 0.75184 0.659346 0 
vn 0.77301 0.634393 0 
vn 0.729864 0.683592 0 
vn 0.75184 0.659346 0 
vn 0.707107 0.707107 0 
vn 0.729864 0.683592 0 
vn 0.683592 0.729864 0 
vn 0.707107 0.707107 0 
vn 0.659346 0.75184 0 
vn 0.666404 0.745591 0 
vn 0.634393 0.77301 0 
vn 0.608761 0.793353 0 
vn 0.582478 0.812847 0 
vn 0.55557 0.83147 0 
vn 0.528068 0.849202 0 
vn 0.5 0.866025 0 
vn 0.130526 -0.991445 0 
vn -0.707107 0.707107 0 
vn -0.684415 0.729092 0 
vn -0.661041 0.75035 0 
vn -0.637007 0.770858 0 
vn -0.612336 0.790597 0 
vn -0.587055 0.809547 0 
vn -0.561187 0.827689 0 
vn -0.534759 0.845004 0 
vn -0.507798 0.861476 0 
vn -0.480329 0.877088 0 
vn -0.452381 0.891825 0 
vn -0.423981 0.905671 0 
vn -0.450034 0.893011 0 
vn -0.395159 0.918613 0 
vn -0.365941 0.930638 0 
vn -0.336359 0.941734 0 
vn -0.30644 0.95189 0 
vn -0.309065 0.951041 0 
vn -0.276216 0.961096 0 
vn -0.245716 0.969342 0 
vn -0.21497 0.976621 0 
vn -0.184011 0.982924 0 
vn -0.152867 0.988247 0 
vn -0.121571 0.992583 0 
vn -0.0901531 0.995928 0 
vn -0.0586455 0.998279 0 
vn -0.0270794 0.999633 0 
vn 0.00451377 0.99999 0 
vn 0.0361024 0.999348 0 
vn 0.067655 0.997709 0 
vn 0.0991401 0.995073 0 
vn 0.130526 0.991445 0 
vn -0.336359 0.941734 0 
vn -0.452381 0.891825 0 
vn 0.991445 -0.130526 0 
vn 0.995185 -0.0980171 0 
vn 0.991693 -0.12863 0 
vn 0.991445 -0.130526 0 
vn 0.997859 -0.0654031 0 
vn 0.999465 -0.0327191 0 
vn 1 2.44929e-16 0 
vn 0.999465 0.0327191 0 
vn 0.997859 0.0654031 0 
vn 0.995185 0.0980171 0 
vn 0.991445 0.130526 0 
vn 0.991445 -0.130526 0 
vn 0.258819 0.965926 0 
vn 0.707107 -0.707107 0 
vn -0.608761 -0.793353 0 
vn 0.707107 0.707107 0 
vn 0.707107 -0.707107 0 
vn 0 0 1 
vn 0.771917 -0.635724 0 
vn 0.788174 -0.615452 0 
vn 0.793353 -0.608761 0 
vn 0.749564 -0.661932 0 
vn 0.726322 -0.687354 0 
vn 0.702218 -0.711962 0 
vn 0.677282 -0.735724 0 
vn 0.651541 -0.758613 0 
vn 0.65883 -0.752292 0 
vn 0.625028 -0.780603 0 
vn 0.597772 -0.801666 0 
vn 0.569808 -0.821778 0 
vn 0.541168 -0.840915 0 
vn 0.511885 -0.859054 0 
vn 0.481995 -0.876174 0 
vn 0.491739 -0.870742 0 
vn 0.451533 -0.892254 0 
vn 0.420536 -0.907276 0 
vn 0.389039 -0.921221 0 
vn 0.391677 -0.920103 0 
vn 0.357081 -0.934073 0 
vn 0.324699 -0.945817 0 
vn 0.291932 -0.956439 0 
vn 0.258819 -0.965926 0 
vn 0.420536 -0.907276 0 
vn 0.511885 -0.859054 0 
vn 0.677282 -0.735724 0 
vn 0.793353 -0.608761 0 
vn 0 0 1 
vn 0.227076 0.973877 0 
vn 0.258819 0.965926 0 
vn 0.19509 0.980785 0 
vn 0.227076 0.973877 0 
vn 0.162895 0.986643 0 
vn 0.19509 0.980785 0 
vn 0.130526 0.991445 0 
vn 0.162895 0.986643 0 
vn 0.0980171 0.995185 0 
vn 0.130526 0.991445 0 
vn 0.0654031 0.997859 0 
vn 0.0980171 0.995185 0 
vn 0.0327191 0.999465 0 
vn 0.0654031 0.997859 0 
vn -1.83697e-16 1 0 
vn 0.0327191 0.999465 0 
vn -0.0327191 0.999465 0 
vn -1.83697e-16 1 0 
vn -0.0654031 0.997859 0 
vn -0.0327191 0.999465 0 
vn -0.0980171 0.995185 0 
vn -0.0654031 0.997859 0 
vn -0.130526 0.991445 0 
vn -0.0980171 0.995185 0 
vn -0.162895 0.986643 0 
vn -0.130526 0.991445 0 
vn -0.19509 0.980785 0 
vn -0.162895 0.986643 0 
vn -0.227076 0.973877 0 
vn -0.19509 0.980785 0 
vn -0.258819 0.965926 0 
vn -0.227076 0.973877 0 
vn -0.290285 0.95694 0 
vn -0.258819 0.965926 0 
vn -0.321439 0.94693 0 
vn -0.290285 0.95694 0 
vn -0.35225 0.935906 0 
vn -0.335417 0.94207 0 
vn -0.321439 0.94693 0 
vn -0.382683 0.92388 0 
vn -0.412707 0.910864 0 
vn -0.442289 0.896873 0 
vn -0.471397 0.881921 0 
vn -0.5 0.866025 0 
vn -0.528068 0.849202 0 
vn -0.55557 0.83147 0 
vn -0.582478 0.812847 0 
vn -0.564146 0.825675 0 
vn -0.55557 0.83147 0 
vn -0.608761 0.793353 0 
vn -0.634393 0.77301 0 
vn -0.659346 0.75184 0 
vn -0.683592 0.729864 0 
vn -0.666404 0.745591 0 
vn -0.659346 0.75184 0 
vn -0.707107 0.707107 0 
vn -0.729864 0.683592 0 
vn -0.75184 0.659346 0 
vn -0.77301 0.634393 0 
vn -0.793353 0.608761 0 
vn -0.382683 -0.92388 0 
vn 0.258819 0.965926 0 
vn 0.258819 -0.965926 0 
vn -0.5 0.866025 0 
vn -0.422618 0.906308 0 
vn -0.382683 0.92388 0 
vn -0.461749 0.887011 0 
vn -0.422618 0.906308 0 
vn -0.5 0.866025 0 
vn -0.461749 0.887011 0 
vn -0.5373 0.843391 0 
vn -0.513667 0.85799 0 
vn -0.5 0.866025 0 
vn -0.573576 0.819152 0 
vn -0.608761 0.793353 0 
vn -0.642788 0.766044 0 
vn -0.67559 0.737277 0 
vn -0.707107 0.707107 0 
vn -0.737277 0.67559 0 
vn -0.766044 0.642788 0 
vn -0.793353 0.608761 0 
vn -0.819152 0.573576 0 
vn -0.843391 0.5373 0 
vn -0.866025 0.5 0 
vn -0.887011 0.461749 0 
vn -0.906308 0.422618 0 
vn -0.92388 0.382683 0 
vn -0.939693 0.34202 0 
vn -0.953717 0.300706 0 
vn -0.965926 0.258819 0 
vn -0.976296 0.21644 0 
vn -0.984808 0.173648 0 
vn -0.991445 0.130526 0 
vn -0.996195 0.0871557 0 
vn -0.999048 0.0436194 0 
vn -1 3.43025e-15 0 
vn -0.999048 -0.0436194 0 
vn -0.996195 -0.0871557 0 
vn -0.991445 -0.130526 0 
vn -0.984808 -0.173648 0 
vn -0.976296 -0.21644 0 
vn -0.965926 -0.258819 0 
vn -0.953717 -0.300706 0 
vn -0.939693 -0.34202 0 
vn -0.92388 -0.382683 0 
vn -0.906308 -0.422618 0 
vn -0.887011 -0.461749 0 
vn -0.866025 -0.5 0 
vn -0.92388 -0.382683 0 
vn 0.965926 0.258819 0 
vn 0.976017 0.217692 0 
vn 0.984359 0.176175 0 
vn 0.990935 0.134342 0 
vn 0.995734 0.0922684 0 
vn 0.998748 0.050029 0 
vn 0.99997 0.00769991 0 
vn 0.9994 -0.034643 0 
vn 0.997037 -0.0769238 0 
vn 0.992886 -0.119067 0 
vn 0.986955 -0.160996 0 
vn 0.979254 -0.202636 0 
vn 0.969797 -0.243914 0 
vn 0.958601 -0.284754 0 
vn 0.945686 -0.325083 0 
vn 0.931075 -0.364829 0 
vn 0.914794 -0.403921 0 
vn 0.896873 -0.442289 0 
vn 0.877343 -0.479863 0 
vn 0.856241 -0.516577 0 
vn 0.833602 -0.552365 0 
vn 0.809469 -0.587162 0 
vn 0.783885 -0.620906 0 
vn 0.756894 -0.653537 0 
vn 0.765468 -0.643474 0 
vn 0.728547 -0.684996 0 
vn 0.698893 -0.715226 0 
vn 0.667985 -0.744174 0 
vn 0.63588 -0.771788 0 
vn 0.602635 -0.798017 0 
vn 0.568308 -0.822816 0 
vn 0.532963 -0.846138 0 
vn 0.496662 -0.867944 0 
vn 0.45947 -0.888193 0 
vn 0.421455 -0.906849 0 
vn 0.382683 -0.92388 0 
vn 0.783885 -0.620906 0 
vn -0.939693 0.34202 0 
vn -0.92388 0.382683 0 
vn -0.953717 0.300706 0 
vn -0.939693 0.34202 0 
vn -0.965926 0.258819 0 
vn -0.961779 0.273826 0 
vn -0.976296 0.21644 0 
vn -0.984808 0.173648 0 
vn -0.991445 0.130526 0 
vn -0.996195 0.0871557 0 
vn -0.999048 0.0436194 0 
vn -1 -1.22465e-16 0 
vn -0.999048 -0.0436194 0 
vn -0.996195 -0.0871557 0 
vn -0.991445 -0.130526 0 
vn -0.984808 -0.173648 0 
vn -0.976296 -0.21644 0 
vn -0.965926 -0.258819 0 
vn -0.97353 -0.22856 0 
vn -0.976296 -0.21644 0 
vn -0.991445 -0.130526 0 
vn -0.844228 -0.535985 0 
vn -0.866025 -0.5 0 
vn -0.820936 -0.571021 0 
vn -0.844228 -0.535985 0 
vn -0.796191 -0.605046 0 
vn -0.820936 -0.571021 0 
vn -0.770036 -0.638 0 
vn -0.796191 -0.605046 0 
vn -0.742519 -0.669825 0 
vn -0.770036 -0.638 0 
vn -0.713687 -0.700465 0 
vn -0.742519 -0.669825 0 
vn -0.683592 -0.729864 0 
vn -0.713687 -0.700465 0 
vn -0.652287 -0.757972 0 
vn -0.683592 -0.729864 0 
vn -0.619828 -0.784738 0 
vn -0.652287 -0.757972 0 
vn -0.586271 -0.810115 0 
vn -0.595929 -0.803037 0 
vn -0.608636 -0.793449 0 
vn -0.619828 -0.784738 0 
vn -0.586271 -0.810115 0 
vn -0.551677 -0.834058 0 
vn -0.516106 -0.856525 0 
vn -0.479622 -0.877475 0 
vn -0.442289 -0.896873 0 
vn -0.404173 -0.914683 0 
vn -0.365341 -0.930874 0 
vn -0.325863 -0.945417 0 
vn -0.285808 -0.958287 0 
vn -0.245247 -0.969461 0 
vn -0.204252 -0.978918 0 
vn -0.162895 -0.986643 0 
vn -0.121251 -0.992622 0 
vn -0.0793912 -0.996844 0 
vn -0.0373912 -0.999301 0 
vn 0.00467497 -0.999989 0 
vn 0.0467329 -0.998907 0 
vn 0.088708 -0.996058 0 
vn 0.130526 -0.991445 0 
vn -0.130526 0.991445 0 
vn -0.0890053 0.996031 0 
vn -0.047329 0.998879 0 
vn -0.00557017 0.999984 0 
vn 0.0361984 0.999345 0 
vn 0.0779038 0.996961 0 
vn 0.119473 0.992837 0 
vn 0.160834 0.986981 0 
vn 0.201915 0.979403 0 
vn 0.242642 0.970116 0 
vn 0.282947 0.959136 0 
vn 0.322758 0.946482 0 
vn 0.362005 0.932176 0 
vn 0.359727 0.933058 0 
vn 0.400621 0.916244 0 
vn 0.438538 0.898713 0 
vn 0.47569 0.879613 0 
vn 0.512011 0.858979 0 
vn 0.547439 0.836846 0 
vn 0.528485 0.848943 0 
vn 0.581912 0.813252 0 
vn 0.615369 0.788239 0 
vn 0.647752 0.761851 0 
vn 0.679005 0.734133 0 
vn 0.709073 0.705135 0 
vn 0.737904 0.674905 0 
vn 0.710678 0.703517 0 
vn 0.765447 0.643499 0 
vn 0.791655 0.610969 0 
vn 0.816481 0.577373 0 
vn 0.839882 0.542769 0 
vn 0.861818 0.507218 0 
vn 0.882249 0.470783 0 
vn 0.901141 0.433525 0 
vn 0.888867 0.458165 0 
vn 0.918461 0.395511 0 
vn 0.934178 0.356807 0 
vn 0.948265 0.317481 0 
vn 0.960697 0.2776 0 
vn 0.971452 0.237235 0 
vn 0.971006 0.239053 0 
vn 0.980513 0.196456 0 
vn 0.979247 0.202669 0 
vn 0.987862 0.155334 0 
vn 0.993488 0.113941 0 
vn 0.997379 0.0723493 0 
vn 0.999531 0.0306313 0 
vn 0.999938 -0.0111402 0 
vn 0.9986 -0.0528922 0 
vn 0.99552 -0.0945519 0 
vn 0.990702 -0.136047 0 
vn 0.984156 -0.177304 0 
vn 0.975892 -0.218252 0 
vn 0.965926 -0.258819 0 
vn 0.97007 -0.242824 0 
vn 0.975892 -0.218252 0 
vn 0.960697 0.2776 0 
vn 0.882249 0.470783 0 
vn 0.709073 0.705135 0 
vn 0.512011 0.858979 0 
vn 0.322758 0.946482 0 
vn -0.258819 0.965926 0 
vn -0.29404 0.955793 0 
vn -0.287468 0.95779 0 
vn -0.328867 0.944376 0 
vn -0.363251 0.931691 0 
vn -0.397148 0.917755 0 
vn -0.430511 0.902585 0 
vn -0.463296 0.886204 0 
vn -0.430828 0.902434 0 
vn -0.430511 0.902585 0 
vn -0.495459 0.868632 0 
vn -0.526956 0.849893 0 
vn -0.557745 0.830012 0 
vn -0.587785 0.809017 0 
vn -0.617036 0.786935 0 
vn -0.645458 0.763796 0 
vn -0.673013 0.739631 0 
vn -0.699663 0.714473 0 
vn -0.725374 0.688355 0 
vn -0.72464 0.689128 0 
vn -0.699663 0.714473 0 
vn -0.750111 0.661312 0 
vn -0.735952 0.677034 0 
vn -0.77384 0.633381 0 
vn -0.79653 0.604599 0 
vn -0.81815 0.575005 0 
vn -0.838671 0.544639 0 
vn -0.858065 0.513541 0 
vn -0.876307 0.481754 0 
vn -0.893371 0.449319 0 
vn -0.909236 0.416281 0 
vn -0.92388 0.382683 0 
vn -0.258819 0.965926 0 
vn -0.382683 0.92388 0 
vn -0.974696 0.223534 0 
vn -0.965926 0.258819 0 
vn -0.982178 0.187953 0 
vn -0.980206 0.19798 0 
vn -0.988362 0.152123 0 
vn -0.993238 0.116093 0 
vn -0.996802 0.079909 0 
vn -0.999048 0.0436194 0 
vn -0.999974 0.00727214 0 
vn -0.999577 -0.0290847 0 
vn -0.997859 -0.0654031 0 
vn -0.994822 -0.101635 0 
vn -0.990469 -0.137733 0 
vn -0.984808 -0.173648 0 
vn -0.986251 -0.165254 0 
vn -0.977844 -0.209334 0 
vn -0.980814 -0.194944 0 
vn -0.969588 -0.244743 0 
vn -0.96005 -0.279829 0 
vn -0.949243 -0.314545 0 
vn -0.937181 -0.348845 0 
vn -0.92388 -0.382683 0 
vn -0.965926 -0.258819 0 
vn 0.92388 0.382683 0 
vn 0.93679 0.349893 0 
vn 0.948536 0.316668 0 
vn 0.959105 0.28305 0 
vn 0.968483 0.24908 0 
vn 0.976658 0.214801 0 
vn 0.98362 0.180255 0 
vn 0.978241 0.207471 0 
vn 0.98936 0.145485 0 
vn 0.988652 0.150224 0 
vn 0.984174 0.177203 0 
vn 0.98936 0.145485 0 
vn 0.993872 0.110535 0 
vn 0.99715 0.0754473 0 
vn 0.999189 0.0402659 0 
vn 0.999987 0.00503458 0 
vn 0.999544 -0.030203 0 
vn 0.997859 -0.0654031 0 
vn 0.994935 -0.100522 0 
vn 0.990775 -0.135516 0 
vn 0.985385 -0.170342 0 
vn 0.978771 -0.204956 0 
vn 0.98367 -0.179981 0 
vn 0.970942 -0.239316 0 
vn 0.978184 -0.207739 0 
vn 0.961907 -0.273378 0 
vn 0.951677 -0.307101 0 
vn 0.940265 -0.340443 0 
vn 0.927686 -0.373361 0 
vn 0.913955 -0.405817 0 
vn 0.899088 -0.437768 0 
vn 0.883105 -0.469175 0 
vn 0.866025 -0.5 0 
vn 0.985385 -0.170342 0 
vn 0.976658 0.214801 0 
vn 0.382683 0.92388 0 
vn 0.92388 -0.382683 0 
vn 0.911164 -0.412045 0 
vn 0.897515 -0.440984 0 
vn 0.882948 -0.469472 0 
vn 0.867476 -0.497479 0 
vn 0.872316 -0.488942 0 
vn 0.851117 -0.524977 0 
vn 0.833886 -0.551937 0 
vn 0.815801 -0.578332 0 
vn 0.796882 -0.604136 0 
vn 0.777146 -0.62932 0 
vn 0.756615 -0.653861 0 
vn 0.777079 -0.629403 0 
vn 0.735309 -0.677732 0 
vn 0.71325 -0.700909 0 
vn 0.722136 -0.691752 0 
vn 0.690462 -0.723369 0 
vn 0.666966 -0.745088 0 
vn 0.642788 -0.766044 0 
vn 0.617951 -0.786217 0 
vn 0.592482 -0.805584 0 
vn 0.566406 -0.824126 0 
vn 0.539751 -0.841825 0 
vn 0.512543 -0.858662 0 
vn 0.523405 -0.852084 0 
vn 0.48481 -0.87462 0 
vn 0.45658 -0.889682 0 
vn 0.427884 -0.903834 0 
vn 0.398749 -0.91706 0 
vn 0.369206 -0.929348 0 
vn 0.339285 -0.940684 0 
vn 0.309017 -0.951057 0 
vn 0.311162 -0.950357 0 
vn 0.278432 -0.960456 0 
vn 0.247563 -0.968872 0 
vn 0.21644 -0.976296 0 
vn 0.185095 -0.982721 0 
vn 0.153561 -0.988139 0 
vn 0.121869 -0.992546 0 
vn 0.0900532 -0.995937 0 
vn 0.0581448 -0.998308 0 
vn 0.0261769 -0.999657 0 
vn -0.00581773 -0.999983 0 
vn -0.0378065 -0.999285 0 
vn -0.0697565 -0.997564 0 
vn -0.101635 -0.994822 0 
vn -0.13341 -0.991061 0 
vn -0.165048 -0.986286 0 
vn -0.196517 -0.9805 0 
vn -0.227784 -0.973712 0 
vn -0.258819 -0.965926 0 
vn 0.339285 -0.940684 0 
vn 0.539751 -0.841825 0 
vn 0.735309 -0.677732 0 
vn 0.777146 -0.62932 0 
vn 0.882948 -0.469472 0 
vn -0.965926 0.258819 0 
vn -0.881921 0.471397 0 
vn -0.866025 0.5 0 
vn -0.896873 0.442289 0 
vn -0.881921 0.471397 0 
vn -0.910864 0.412707 0 
vn -0.896873 0.442289 0 
vn -0.92388 0.382683 0 
vn -0.910864 0.412707 0 
vn 0.5 0.866025 0 
vn -0.608761 -0.793353 0 
vn 0.382683 -0.92388 0 
vn 0 0 1 
vn 0.5373 -0.843391 0 
vn 0.5 -0.866025 0 
vn 0.573576 -0.819152 0 
vn 0.5373 -0.843391 0 
vn 0.608761 -0.793353 0 
vn 0.591944 -0.805979 0 
vn 0.642788 -0.766044 0 
vn 0.608839 -0.793294 0 
vn 0.67559 -0.737277 0 
vn 0.707107 -0.707107 0 
vn 0.737277 -0.67559 0 
vn 0.766044 -0.642788 0 
vn 0.793353 -0.608761 0 
vn 0.819152 -0.573576 0 
vn 0.843391 -0.5373 0 
vn 0.866025 -0.5 0 
vn 0.861861 -0.507144 0 
vn 0.887011 -0.461749 0 
vn 0.906308 -0.422618 0 
vn 0.92388 -0.382683 0 
vn 0.939693 -0.34202 0 
vn 0.953717 -0.300706 0 
vn 0.965926 -0.258819 0 
vn 0.96297 -0.26961 0 
vn 0.976296 -0.21644 0 
vn 0.97353 -0.22856 0 
vn 0.984808 -0.173648 0 
vn 0.991445 -0.130526 0 
vn 0.996195 -0.0871557 0 
vn 0.999048 -0.0436194 0 
vn 1 2.44929e-16 0 
vn 0.999048 0.0436194 0 
vn 0.996195 0.0871557 0 
vn 0.991445 0.130526 0 
vn -0.991445 -0.130526 0 
vn -0.996058 -0.088708 0 
vn -0.998907 -0.0467329 0 
vn -0.999989 -0.00467497 0 
vn -0.999301 0.0373912 0 
vn -0.996844 0.0793912 0 
vn -0.992622 0.121251 0 
vn -0.986643 0.162895 0 
vn -0.978918 0.204252 0 
vn -0.979251 0.202653 0 
vn -0.969461 0.245247 0 
vn -0.971002 0.239071 0 
vn -0.958287 0.285808 0 
vn -0.945417 0.325863 0 
vn -0.930874 0.365341 0 
vn -0.914683 0.404173 0 
vn -0.896873 0.442289 0 
vn -0.877475 0.479622 0 
vn -0.856525 0.516106 0 
vn -0.834058 0.551677 0 
vn -0.810115 0.586271 0 
vn -0.784738 0.619828 0 
vn -0.757972 0.652287 0 
vn -0.764301 0.64486 0 
vn -0.729864 0.683592 0 
vn -0.700465 0.713687 0 
vn -0.710571 0.703625 0 
vn -0.669825 0.742519 0 
vn -0.638 0.770036 0 
vn -0.605046 0.796191 0 
vn -0.571021 0.820936 0 
vn -0.535985 0.844228 0 
vn -0.5 0.866025 0 
vn -0.524906 0.85116 0 
vn -0.535985 0.844228 0 
vn -0.729864 0.683592 0 
vn -0.784738 0.619828 0 
vn -0.986643 0.162895 0 
vn 0.866025 0.5 0 
vn -0.130526 0.991445 0 
vn 0.984808 0.173648 0 
vn 0.991445 0.130526 0 
vn 0.976296 0.21644 0 
vn 0.984808 0.173648 0 
vn 0.965926 0.258819 0 
vn 0.976296 0.21644 0 
vn 0.953717 0.300706 0 
vn 0.965926 0.258819 0 
vn 0.939693 0.34202 0 
vn 0.953717 0.300706 0 
vn 0.92388 0.382683 0 
vn 0.927303 0.374311 0 
vn 0.908673 0.417509 0 
vn 0.92388 0.382683 0 
vn 0.892154 0.451732 0 
vn 0.908673 0.417509 0 
vn 0.874347 0.485302 0 
vn 0.892154 0.451732 0 
vn 0.855277 0.518171 0 
vn 0.874347 0.485302 0 
vn 0.834972 0.550293 0 
vn 0.855277 0.518171 0 
vn 0.813461 0.581619 0 
vn 0.834972 0.550293 0 
vn 0.790776 0.612106 0 
vn 0.813461 0.581619 0 
vn 0.766948 0.641709 0 
vn 0.790776 0.612106 0 
vn 0.742014 0.670385 0 
vn 0.766948 0.641709 0 
vn 0.716007 0.698093 0 
vn 0.735973 0.677011 0 
vn 0.742014 0.670385 0 
vn 0.688967 0.724793 0 
vn 0.660932 0.750446 0 
vn 0.631942 0.775016 0 
vn 0.60204 0.798466 0 
vn 0.623194 0.782067 0 
vn 0.631942 0.775016 0 
vn 0.571268 0.820763 0 
vn 0.539672 0.841876 0 
vn 0.507296 0.861772 0 
vn 0.474187 0.880424 0 
vn 0.440394 0.897805 0 
vn 0.405965 0.913889 0 
vn 0.427991 0.903783 0 
vn 0.440394 0.897805 0 
vn 0.37095 0.928653 0 
vn 0.335399 0.942076 0 
vn 0.299363 0.954139 0 
vn 0.262895 0.964824 0 
vn 0.287283 0.957846 0 
vn 0.299363 0.954139 0 
vn 0.226048 0.974116 0 
vn 0.188874 0.982001 0 
vn 0.151428 0.988468 0 
vn 0.113763 0.993508 0 
vn 0.0759331 0.997113 0 
vn 0.037994 0.999278 0 
vn -1.83697e-16 1 0 
vn 1 5.85396e-17 0 
vn 1.83697e-16 -1 0 
vn -0.0359896 -0.999352 0 
vn -0.0719327 -0.997409 0 
vn -0.107782 -0.994175 0 
vn -0.143493 -0.989651 0 
vn -0.179017 -0.983846 0 
vn -0.214309 -0.976766 0 
vn -0.249324 -0.96842 0 
vn -0.284015 -0.95882 0 
vn -0.318339 -0.947977 0 
vn -0.35225 -0.935906 0 
vn -0.385705 -0.922622 0 
vn -0.41866 -0.908143 0 
vn -0.38904 -0.921221 0 
vn -0.451072 -0.892487 0 
vn -0.4829 -0.875675 0 
vn -0.514103 -0.857729 0 
vn -0.491738 -0.870743 0 
vn -0.544639 -0.838671 0 
vn -0.57447 -0.818526 0 
vn -0.566527 -0.824043 0 
vn -0.603556 -0.797321 0 
vn -0.63186 -0.775082 0 
vn -0.659346 -0.75184 0 
vn -0.685977 -0.727623 0 
vn -0.71172 -0.702464 0 
vn -0.73654 -0.676394 0 
vn -0.760406 -0.649448 0 
vn -0.783287 -0.621661 0 
vn -0.805153 -0.593068 0 
vn -0.788174 -0.615453 0 
vn -0.825975 -0.563706 0 
vn -0.845728 -0.533615 0 
vn -0.864385 -0.502831 0 
vn -0.881921 -0.471397 0 
vn -0.898315 -0.439351 0 
vn -0.913545 -0.406737 0 
vn -0.927592 -0.373595 0 
vn -0.940437 -0.339969 0 
vn -0.952063 -0.305903 0 
vn -0.962455 -0.27144 0 
vn -0.971601 -0.236626 0 
vn -0.979487 -0.201505 0 
vn -0.986105 -0.166123 0 
vn -0.983669 -0.179986 0 
vn -0.991445 -0.130526 0 
vn -0.979487 -0.201505 0 
vn -0.783287 -0.621661 0 
vn -0.544639 -0.838671 0 
vn -0.4829 -0.875675 0 
vn -0.385705 -0.922622 0 
vn -1.36592e-16 1 0 
vn -1 0 0 
vn 2.73185e-16 -1 0 
vn 1 0 0 
vn 0 0 1 
vn -0.573576 -0.819152 0 
vn -0.608761 -0.793353 0 
vn -0.5373 -0.843391 0 
vn -0.573576 -0.819152 0 
vn -0.5 -0.866025 0 
vn -0.5373 -0.843391 0 
vn -0.461749 -0.887011 0 
vn -0.5 -0.866025 0 
vn -0.422618 -0.906308 0 
vn -0.461749 -0.887011 0 
vn -0.382683 -0.92388 0 
vn -0.422618 -0.906308 0 
vn -0.34202 -0.939693 0 
vn -0.382683 -0.92388 0 
vn -0.300706 -0.953717 0 
vn -0.34202 -0.939693 0 
vn -0.258819 -0.965926 0 
vn -0.300706 -0.953717 0 
vn -0.21644 -0.976296 0 
vn -0.258819 -0.965926 0 
vn -0.173648 -0.984808 0 
vn -0.21644 -0.976296 0 
vn -0.130526 -0.991445 0 
vn -0.173648 -0.984808 0 
vn -0.0871557 -0.996195 0 
vn -0.130526 -0.991445 0 
vn -0.0436194 -0.999048 0 
vn -0.0871557 -0.996195 0 
vn -3.82857e-16 -1 0 
vn -0.0436194 -0.999048 0 
vn 0.0436194 -0.999048 0 
vn -3.82857e-16 -1 0 
vn 0.0871557 -0.996195 0 
vn 0.0436194 -0.999048 0 
vn 0.130526 -0.991445 0 
vn 0.0871557 -0.996195 0 
vn 0.173648 -0.984808 0 
vn 0.130526 -0.991445 0 
vn 0.21644 -0.976296 0 
vn 0.173648 -0.984808 0 
vn 0.258819 -0.965926 0 
vn 0.21644 -0.976296 0 
vn 0.300706 -0.953717 0 
vn 0.258819 -0.965926 0 
vn 0.34202 -0.939693 0 
vn 0.300706 -0.953717 0 
vn 0.382683 -0.92388 0 
vn 0.34202 -0.939693 0 
vn 0.422618 -0.906308 0 
vn 0.382683 -0.92388 0 
vn 0.461749 -0.887011 0 
vn 0.422618 -0.906308 0 
vn 0.5 -0.866025 0 
vn 0.461749 -0.887011 0 
vn 0.5373 -0.843391 0 
vn 0.5 -0.866025 0 
vn 0.573576 -0.819152 0 
vn 0.5373 -0.843391 0 
vn 0.608761 -0.793353 0 
vn 0.573576 -0.819152 0 
vn 0.642788 -0.766044 0 
vn 0.608761 -0.793353 0 
vn 0.67559 -0.737277 0 
vn 0.642788 -0.766044 0 
vn 0.707107 -0.707107 0 
vn 0.67559 -0.737277 0 
vn 0.737277 -0.67559 0 
vn 0.707107 -0.707107 0 
vn 0.766044 -0.642788 0 
vn 0.737277 -0.67559 0 
vn 0.793353 -0.608761 0 
vn 0.766044 -0.642788 0 
vn 0.819152 -0.573576 0 
vn 0.793353 -0.608761 0 
vn 0.843391 -0.5373 0 
vn 0.819152 -0.573576 0 
vn 0.866025 -0.5 0 
vn 0.843391 -0.5373 0 
vn 0.887011 -0.461749 0 
vn 0.866025 -0.5 0 
vn 0.906308 -0.422618 0 
vn 0.887011 -0.461749 0 
vn 0.92388 -0.382683 0 
vn 0.906449 -0.422315 0 
vn 0.906308 -0.422618 0 
vn 0.793353 -0.608761 0 
vn -0.92388 0.382683 0 
vn -0.906736 0.421698 0 
vn -0.887946 0.459948 0 
vn -0.867543 0.497361 0 
vn -0.845565 0.533872 0 
vn -0.822052 0.569413 0 
vn -0.797045 0.60392 0 
vn -0.770591 0.63733 0 
vn -0.794765 0.606917 0 
vn -0.742737 0.669583 0 
vn -0.713535 0.70062 0 
vn -0.683037 0.730384 0 
vn -0.651298 0.758822 0 
vn -0.618376 0.785882 0 
vn -0.584332 0.811515 0 
vn -0.549226 0.835674 0 
vn -0.513123 0.858315 0 
vn -0.476088 0.879397 0 
vn -0.438189 0.898883 0 
vn -0.399493 0.916736 0 
vn -0.360073 0.932924 0 
vn -0.319998 0.947418 0 
vn -0.279342 0.960192 0 
vn -0.238179 0.971221 0 
vn -0.196583 0.980487 0 
vn -0.15463 0.987972 0 
vn -0.112397 0.993663 0 
vn -0.0699589 0.99755 0 
vn -0.0273942 0.999625 0 
vn 0.0152203 0.999884 0 
vn 0.0578072 0.998328 0 
vn 0.100289 0.994958 0 
vn 0.142589 0.989782 0 
vn 0.18463 0.982808 0 
vn 0.226335 0.97405 0 
vn 0.267629 0.963522 0 
vn 0.308438 0.951244 0 
vn 0.348686 0.93724 0 
vn 0.388301 0.921533 0 
vn 0.427211 0.904152 0 
vn 0.465345 0.885129 0 
vn 0.502634 0.864499 0 
vn 0.53901 0.842299 0 
vn 0.574407 0.81857 0 
vn 0.608761 0.793353 0 
vn -0.797045 0.60392 0 
vn -0.382683 -0.92388 0 
vn 0 0 1 
vn -0.34202 -0.939693 0 
vn -0.382683 -0.92388 0 
vn -0.300706 -0.953717 0 
vn -0.34202 -0.939693 0 
vn -0.258819 -0.965926 0 
vn -0.300706 -0.953717 0 
vn -0.21644 -0.976296 0 
vn -0.258819 -0.965926 0 
vn -0.173648 -0.984808 0 
vn -0.21644 -0.976296 0 
vn -0.130526 -0.991445 0 
vn -0.173648 -0.984808 0 
vn -0.0871557 -0.996195 0 
vn -0.130526 -0.991445 0 
vn -0.0436194 -0.999048 0 
vn -0.0871557 -0.996195 0 
vn 3.16986e-15 -1 0 
vn -0.0436194 -0.999048 0 
vn 0.0436194 -0.999048 0 
vn 3.16986e-15 -1 0 
vn 0.0871557 -0.996195 0 
vn 0.0436194 -0.999048 0 
vn 0.130526 -0.991445 0 
vn 0.0871557 -0.996195 0 
vn 0.173648 -0.984808 0 
vn 0.130526 -0.991445 0 
vn 0.21644 -0.976296 0 
vn 0.173648 -0.984808 0 
vn 0.258819 -0.965926 0 
vn 0.21644 -0.976296 0 
vn 0.300706 -0.953717 0 
vn 0.258819 -0.965926 0 
vn 0.34202 -0.939693 0 
vn 0.300706 -0.953717 0 
vn 0.382683 -0.92388 0 
vn 0.34202 -0.939693 0 
vn 0.92388 -0.382683 0 
vn -0.382683 0.92388 0 
vn -0.34202 0.939693 0 
vn -0.300706 0.953717 0 
vn -0.258819 0.965926 0 
vn -0.21644 0.976296 0 
vn -0.173648 0.984808 0 
vn -0.130526 0.991445 0 
vn -0.0871557 0.996195 0 
vn -0.0436194 0.999048 0 
vn -2.72577e-15 1 0 
vn 0.0436194 0.999048 0 
vn 0.0871557 0.996195 0 
vn 0.130526 0.991445 0 
vn 0.173648 0.984808 0 
vn 0.21644 0.976296 0 
vn 0.258819 0.965926 0 
vn 0.300706 0.953717 0 
vn 0.34202 0.939693 0 
vn 0.382683 0.92388 0 
vn -0.92388 -0.382683 0 
vn 0 0 1 
vn 0.887011 -0.461749 0 
vn 0.866025 -0.5 0 
vn 0.906308 -0.422618 0 
vn 0.887011 -0.461749 0 
vn 0.92388 -0.382683 0 
vn 0.906308 -0.422618 0 
vn 0.939693 -0.34202 0 
vn 0.92388 -0.382683 0 
vn 0.953717 -0.300706 0 
vn 0.939693 -0.34202 0 
vn 0.965926 -0.258819 0 
vn 0.953717 -0.300706 0 
vn 0.976296 -0.21644 0 
vn 0.965926 -0.258819 0 
vn 0.984808 -0.173648 0 
vn 0.976296 -0.21644 0 
vn 0.991445 -0.130526 0 
vn 0.984808 -0.173648 0 
vn 0.996195 -0.0871557 0 
vn 0.991445 -0.130526 0 
vn 0.999048 -0.0436194 0 
vn 0.996195 -0.0871557 0 
vn 1 -2.41961e-15 0 
vn 0.999048 -0.0436194 0 
vn 0.999048 0.0436194 0 
vn 1 -2.41961e-15 0 
vn 0.996195 0.0871557 0 
vn 0.999048 0.0436194 0 
vn 0.991445 0.130526 0 
vn 0.996195 0.0871557 0 
vn 0.984808 0.173648 0 
vn 0.991445 0.130526 0 
vn 0.976296 0.21644 0 
vn 0.984808 0.173648 0 
vn 0.965926 0.258819 0 
vn 0.976296 0.21644 0 
vn 0.953717 0.300706 0 
vn 0.965926 0.258819 0 
vn 0.939693 0.34202 0 
vn 0.953717 0.300706 0 
vn 0.92388 0.382683 0 
vn 0.939693 0.34202 0 
vn 0.906308 0.422618 0 
vn 0.92388 0.382683 0 
vn 0.887011 0.461749 0 
vn 0.906308 0.422618 0 
vn 0.866025 0.5 0 
vn 0.887011 0.461749 0 
vn 0.843391 0.5373 0 
vn 0.866025 0.5 0 
vn 0.819152 0.573576 0 
vn 0.843391 0.5373 0 
vn 0.793353 0.608761 0 
vn 0.819152 0.573576 0 
vn 0.766044 0.642788 0 
vn 0.793353 0.608761 0 
vn 0.737277 0.67559 0 
vn 0.766044 0.642788 0 
vn 0.707107 0.707107 0 
vn 0.737277 0.67559 0 
vn 0.67559 0.737277 0 
vn 0.707107 0.707107 0 
vn 0.642788 0.766044 0 
vn 0.67559 0.737277 0 
vn 0.608761 0.793353 0 
vn 0.642788 0.766044 0 
vn 0.573576 0.819152 0 
vn 0.608761 0.793353 0 
vn 0.5373 0.843391 0 
vn 0.573576 0.819152 0 
vn 0.5 0.866025 0 
vn 0.513667 0.85799 0 
vn 0.461749 0.887011 0 
vn 0.422618 0.906308 0 
vn 0.382683 0.92388 0 
vn 0 0 1 
vn 0.5 0.866025 0 
vn -0.608761 -0.793353 0 
vn -0.641804 -0.766869 0 
vn -0.673696 -0.739009 0 
vn -0.704379 -0.709824 0 
vn -0.7338 -0.679366 0 
vn -0.761904 -0.64769 0 
vn -0.788642 -0.614852 0 
vn -0.765516 -0.643417 0 
vn -0.813966 -0.580912 0 
vn -0.837831 -0.54593 0 
vn -0.860193 -0.509969 0 
vn -0.881012 -0.473094 0 
vn -0.900252 -0.43537 0 
vn -0.917877 -0.396865 0 
vn -0.933856 -0.357649 0 
vn -0.948161 -0.317791 0 
vn -0.960765 -0.277364 0 
vn -0.971646 -0.236439 0 
vn -0.980785 -0.19509 0 
vn -0.988165 -0.153392 0 
vn -0.993774 -0.111418 0 
vn -0.9976 -0.0692444 0 
vn -0.999637 -0.0269467 0 
vn -0.999881 0.0153994 0 
vn -0.998333 0.0577178 0 
vn -0.994994 0.0999327 0 
vn -0.989871 0.141968 0 
vn -0.982973 0.18375 0 
vn -0.974312 0.225201 0 
vn -0.963904 0.266249 0 
vn -0.951768 0.306819 0 
vn -0.937925 0.346839 0 
vn -0.922399 0.386238 0 
vn -0.90522 0.424943 0 
vn -0.886418 0.462887 0 
vn -0.866025 0.5 0 
vn -0.761904 -0.64769 0 
vn -0.793353 0.608761 0 
vn 0.92388 -0.382683 0 
vn 0.130526 0.991445 0 
vn 0.342973 0.939345 0 
vn 0.382683 0.92388 0 
vn 0.302641 0.953105 0 
vn 0.342973 0.939345 0 
vn 0.261758 0.965133 0 
vn 0.302641 0.953105 0 
vn 0.220401 0.975409 0 
vn 0.261758 0.965133 0 
vn 0.178642 0.983914 0 
vn 0.220401 0.975409 0 
vn 0.13656 0.990632 0 
vn 0.178642 0.983914 0 
vn 0.0942295 0.99555 0 
vn 0.13656 0.990632 0 
vn 0.0517279 0.998661 0 
vn 0.0942295 0.99555 0 
vn 0.00913241 0.999958 0 
vn 0.0517279 0.998661 0 
vn -0.0334797 0.999439 0 
vn 0.00913241 0.999958 0 
vn -0.076031 0.997105 0 
vn -0.0334797 0.999439 0 
vn -0.118444 0.992961 0 
vn -0.076031 0.997105 0 
vn -0.160642 0.987013 0 
vn -0.118444 0.992961 0 
vn -0.202549 0.979272 0 
vn -0.160642 0.987013 0 
vn -0.244087 0.969753 0 
vn -0.202549 0.979272 0 
vn -0.285183 0.958473 0 
vn -0.244087 0.969753 0 
vn -0.32576 0.945452 0 
vn -0.285183 0.958473 0 
vn -0.365746 0.930715 0 
vn -0.32576 0.945452 0 
vn -0.405067 0.914287 0 
vn -0.365746 0.930715 0 
vn -0.443653 0.896198 0 
vn -0.405067 0.914287 0 
vn -0.481434 0.876483 0 
vn -0.443653 0.896198 0 
vn -0.518339 0.855175 0 
vn -0.481434 0.876483 0 
vn -0.554304 0.832314 0 
vn -0.518339 0.855175 0 
vn -0.589262 0.807942 0 
vn -0.554304 0.832314 0 
vn -0.62315 0.782103 0 
vn -0.589262 0.807942 0 
vn -0.655906 0.754843 0 
vn -0.62315 0.782103 0 
vn -0.687471 0.726212 0 
vn -0.655906 0.754843 0 
vn -0.717787 0.696262 0 
vn -0.687471 0.726212 0 
vn -0.7468 0.665049 0 
vn -0.717787 0.696262 0 
vn -0.774457 0.632627 0 
vn -0.7468 0.665049 0 
vn -0.800707 0.599056 0 
vn -0.774457 0.632627 0 
vn -0.825503 0.564398 0 
vn -0.800707 0.599056 0 
vn -0.8488 0.528714 0 
vn -0.825503 0.564398 0 
vn -0.870555 0.49207 0 
vn -0.8488 0.528714 0 
vn -0.89073 0.454533 0 
vn -0.870555 0.49207 0 
vn -0.909287 0.41617 0 
vn -0.903311 0.428987 0 
vn -0.926192 0.377051 0 
vn -0.941416 0.337248 0 
vn -0.933665 0.358147 0 
vn -0.926192 0.377051 0 
vn -0.95493 0.296832 0 
vn -0.966709 0.255877 0 
vn -0.976733 0.214458 0 
vn -0.984983 0.172649 0 
vn -0.991445 0.130526 0 
vn 0.991445 -0.130526 0 
vn 0.984808 -0.173648 0 
vn 0.976296 -0.21644 0 
vn 0.965926 -0.258819 0 
vn 0.953717 -0.300706 0 
vn 0.939693 -0.34202 0 
vn 0.92388 -0.382683 0 
vn 0.92994 -0.36771 0 
vn 0.906308 -0.422618 0 
vn 0.887011 -0.461749 0 
vn 0.866025 -0.5 0 
vn 0.843391 -0.5373 0 
vn 0.819152 -0.573576 0 
vn 0.793353 -0.608761 0 
vn 0.80025 -0.599666 0 
vn 0.766044 -0.642788 0 
vn 0.737277 -0.67559 0 
vn 0.707107 -0.707107 0 
vn 0.67559 -0.737277 0 
vn 0.642788 -0.766044 0 
vn 0.608761 -0.793353 0 
vn 0.573576 -0.819152 0 
vn 0.5373 -0.843391 0 
vn 0.5 -0.866025 0 
vn 0.461749 -0.887011 0 
vn 0.422618 -0.906308 0 
vn 0.382683 -0.92388 0 
vn 0.34202 -0.939693 0 
vn 0.300706 -0.953717 0 
vn 0.258819 -0.965926 0 
vn 0.21644 -0.976296 0 
vn 0.173648 -0.984808 0 
vn 0.130526 -0.991445 0 
vn 0.0871557 -0.996195 0 
vn 0.0436194 -0.999048 0 
vn 1.83697e-16 -1 0 
vn -0.0436194 -0.999048 0 
vn -0.0871557 -0.996195 0 
vn -0.130526 -0.991445 0 
vn -0.173648 -0.984808 0 
vn -0.21644 -0.976296 0 
vn -0.258819 -0.965926 0 
vn -0.300706 -0.953717 0 
vn -0.34202 -0.939693 0 
vn -0.382683 -0.92388 0 
vn -0.422618 -0.906308 0 
vn -0.461749 -0.887011 0 
vn -0.5 -0.866025 0 
vn -0.5373 -0.843391 0 
vn -0.573576 -0.819152 0 
vn -0.608761 -0.793353 0 
vn 0.819152 -0.573576 0 
vn 0.939693 -0.34202 0 
vn 0.707107 0.707107 0 
vn 0.67559 0.737277 0 
vn 0.642788 0.766044 0 
vn 0.608761 0.793353 0 
vn 0.573576 0.819152 0 
vn 0.591944 0.805979 0 
vn 0.608761 0.793353 0 
vn 0.5373 0.843391 0 
vn 0.5 0.866025 0 
vn 0.461749 0.887011 0 
vn 0.422618 0.906308 0 
vn 0.382683 0.92388 0 
vn 0.34202 0.939693 0 
vn 0.351136 0.936325 0 
vn 0.300706 0.953717 0 
vn 0.258819 0.965926 0 
vn 0.21644 0.976296 0 
vn 0.173648 0.984808 0 
vn 0.130526 0.991445 0 
vn 0.0871557 0.996195 0 
vn 0.0436194 0.999048 0 
vn -1.83697e-16 1 0 
vn -0.0436194 0.999048 0 
vn -0.0871557 0.996195 0 
vn -0.130526 0.991445 0 
vn -0.173648 0.984808 0 
vn -0.21644 0.976296 0 
vn -0.258819 0.965926 0 
vn -0.300706 0.953717 0 
vn -0.34202 0.939693 0 
vn -0.382683 0.92388 0 
vn -0.351136 0.936325 0 
vn -0.34202 0.939693 0 
vn -0.422618 0.906308 0 
vn -0.461749 0.887011 0 
vn -0.5 0.866025 0 
vn -0.5373 0.843391 0 
vn -0.573576 0.819152 0 
vn -0.608761 0.793353 0 
vn -0.595953 0.803019 0 
vn -0.642788 0.766044 0 
vn -0.67559 0.737277 0 
vn -0.707107 0.707107 0 
vn 0.707107 -0.707107 0 
vn 0.677282 -0.735724 0 
vn 0.646299 -0.763084 0 
vn 0.614213 -0.789141 0 
vn 0.581077 -0.813849 0 
vn 0.546948 -0.837166 0 
vn 0.557261 -0.830337 0 
vn 0.511885 -0.859054 0 
vn 0.528482 -0.848944 0 
vn 0.475947 -0.879474 0 
vn 0.439197 -0.898391 0 
vn 0.401695 -0.915773 0 
vn 0.363508 -0.931591 0 
vn 0.324699 -0.945817 0 
vn 0.285336 -0.958427 0 
vn 0.245485 -0.9694 0 
vn 0.205215 -0.978717 0 
vn 0.164595 -0.986361 0 
vn 0.123693 -0.992321 0 
vn 0.0825793 -0.996584 0 
vn 0.041325 -0.999146 0 
vn 1.83697e-16 -1 0 
vn -0.041325 -0.999146 0 
vn -0.0825793 -0.996584 0 
vn -0.123693 -0.992321 0 
vn -0.164595 -0.986361 0 
vn -0.205215 -0.978717 0 
vn -0.245485 -0.9694 0 
vn -0.285336 -0.958427 0 
vn -0.324699 -0.945817 0 
vn -0.363508 -0.931591 0 
vn -0.401695 -0.915773 0 
vn -0.439197 -0.898391 0 
vn -0.475947 -0.879474 0 
vn -0.511885 -0.859054 0 
vn -0.546948 -0.837166 0 
vn -0.524911 -0.851157 0 
vn -0.581077 -0.813849 0 
vn -0.557261 -0.830337 0 
vn -0.614213 -0.789141 0 
vn -0.646299 -0.763084 0 
vn -0.677282 -0.735724 0 
vn -0.707107 -0.707107 0 
vn -0.511885 -0.859054 0 
vn 0.581077 -0.813849 0 
vn 0 0 1 
vn -0.793353 -0.608761 0 
vn -0.770036 -0.638 0 
vn -0.745642 -0.666347 0 
vn -0.720205 -0.693761 0 
vn -0.724699 -0.689065 0 
vn -0.693761 -0.720205 0 
vn -0.666347 -0.745642 0 
vn -0.638 -0.770036 0 
vn -0.648881 -0.76089 0 
vn -0.608761 -0.793353 0 
vn -0.578671 -0.815561 0 
vn -0.547772 -0.836628 0 
vn -0.516106 -0.856525 0 
vn -0.483719 -0.875223 0 
vn -0.450655 -0.892698 0 
vn -0.416961 -0.908924 0 
vn -0.430898 -0.902401 0 
vn -0.382683 -0.92388 0 
vn -0.347871 -0.937542 0 
vn -0.312572 -0.949894 0 
vn -0.276836 -0.960917 0 
vn -0.287332 -0.957831 0 
vn -0.240712 -0.970597 0 
vn -0.204252 -0.978918 0 
vn -0.167506 -0.985871 0 
vn -0.130526 -0.991445 0 
vn -0.0933636 -0.995632 0 
vn -0.0560704 -0.998427 0 
vn -0.0186989 -0.999825 0 
vn 0.0186989 -0.999825 0 
vn 0.0560704 -0.998427 0 
vn 0.0933636 -0.995632 0 
vn 0.130526 -0.991445 0 
vn 0.167506 -0.985871 0 
vn 0.204252 -0.978918 0 
vn 0.240712 -0.970597 0 
vn 0.276836 -0.960917 0 
vn 0.312572 -0.949894 0 
vn 0.287332 -0.957831 0 
vn 0.276836 -0.960917 0 
vn 0.347871 -0.937542 0 
vn 0.382683 -0.92388 0 
vn 0.416961 -0.908924 0 
vn 0.450655 -0.892698 0 
vn 0.427985 -0.903786 0 
vn 0.416961 -0.908924 0 
vn 0.483719 -0.875223 0 
vn 0.516106 -0.856525 0 
vn 0.547772 -0.836628 0 
vn 0.578671 -0.815561 0 
vn 0.608761 -0.793353 0 
vn -0.608761 0.793353 0 
vn -0.580057 0.814576 0 
vn -0.550613 0.834761 0 
vn -0.566545 0.824031 0 
vn -0.520468 0.853881 0 
vn -0.489659 0.871914 0 
vn -0.491875 0.870666 0 
vn -0.458227 0.888835 0 
vn -0.42621 0.904624 0 
vn -0.39365 0.91926 0 
vn -0.360589 0.932725 0 
vn -0.389047 0.921218 0 
vn -0.327068 0.945001 0 
vn -0.29313 0.956073 0 
vn -0.258819 0.965926 0 
vn -0.224178 0.974548 0 
vn -0.189251 0.981929 0 
vn -0.154083 0.988058 0 
vn -0.118719 0.992928 0 
vn -0.0832035 0.996533 0 
vn -0.0475819 0.998867 0 
vn -0.0118997 0.999929 0 
vn 0.0237977 0.999717 0 
vn 0.0594648 0.99823 0 
vn 0.095056 0.995472 0 
vn 0.130526 0.991445 0 
vn 0.16583 0.986154 0 
vn 0.200922 0.979607 0 
vn 0.235759 0.971812 0 
vn 0.270295 0.962778 0 
vn 0.304486 0.952517 0 
vn 0.33829 0.941042 0 
vn 0.371662 0.928368 0 
vn 0.404561 0.914511 0 
vn 0.391718 0.920085 0 
vn 0.436945 0.899488 0 
vn 0.468771 0.88332 0 
vn 0.5 0.866025 0 
vn 0.491748 0.870738 0 
vn 0.530592 0.847627 0 
vn 0.560508 0.828149 0 
vn 0.589709 0.807616 0 
vn 0.618159 0.786053 0 
vn 0.645821 0.763489 0 
vn 0.67266 0.739951 0 
vn 0.658856 0.752269 0 
vn 0.698642 0.715471 0 
vn 0.723734 0.690079 0 
vn 0.722253 0.691629 0 
vn 0.747903 0.663808 0 
vn 0.77112 0.63669 0 
vn 0.793353 0.608761 0 
vn 0.698642 0.715471 0 
vn 0.645821 0.763489 0 
vn 0.468771 0.88332 0 
vn 0.371662 0.928368 0 
vn -0.39365 0.91926 0 
vn -0.520468 0.853881 0 
vn -0.580057 0.814576 0 
vn 0 0 1 
usemtl 0.768627_0.886275_0.952941_0.000000_0.000000
o mesh0
f 206//1 1//1 2//1 
f 2//1 3//1 206//1 
f 3//1 4//1 206//1 
f 4//1 5//1 206//1 
f 5//1 6//1 206//1 
f 6//1 7//1 206//1 
f 7//1 8//1 206//1 
f 8//1 9//1 206//1 
f 9//1 10//1 206//1 
f 10//1 11//1 206//1 
f 11//1 12//1 206//1 
f 12//1 13//1 206//1 
f 13//1 14//1 206//1 
f 14//1 15//1 206//1 
f 15//1 16//1 206//1 
f 16//1 17//1 206//1 
f 17//1 18//1 206//1 
f 18//1 19//1 206//1 
f 19//1 20//1 206//1 
f 20//1 21//1 206//1 
f 21//1 22//1 206//1 
f 22//1 23//1 206//1 
f 23//1 24//1 206//1 
f 24//1 25//1 206//1 
f 25//1 26//1 206//1 
f 26//1 27//1 206//1 
f 27//1 28//1 206//1 
f 28//1 29//1 206//1 
f 29//1 30//1 206//1 
f 30//1 31//1 206//1 
f 31//1 32//1 206//1 
f 32//1 33//1 206//1 
f 33//1 34//1 206//1 
f 34//1 35//1 206//1 
f 35//1 36//1 206//1 
f 36//1 37//1 206//1 
f 37//1 38//1 206//1 
f 38//1 39//1 206//1 
f 39//1 40//1 206//1 
f 40//1 41//1 206//1 
f 41//1 42//1 206//1 
f 42//1 43//1 206//1 
f 43//1 44//1 206//1 
f 44//1 45//1 206//1 
f 45//1 46//1 206//1 
f 46//1 47//1 206//1 
f 47//1 48//1 206//1 
f 48//1 49//1 206//1 
f 49//1 50//1 206//1 
f 50//1 51//1 206//1 
f 51//1 52//1 206//1 
f 52//1 53//1 206//1 
f 53//1 54//1 206//1 
f 54//1 55//1 206//1 
f 55//1 56//1 206//1 
f 56//1 57//1 206//1 
f 57//1 58//1 206//1 
f 58//1 59//1 206//1 
f 59//1 60//1 206//1 
f 60//1 61//1 206//1 
f 61//1 62//1 206//1 
f 62//1 63//1 206//1 
f 63//1 64//1 206//1 
f 64//1 65//1 206//1 
f 65//1 66//1 206//1 
f 66//1 67//1 206//1 
f 67//1 68//1 206//1 
f 68//1 69//1 206//1 
f 69//1 70//1 206//1 
f 70//1 71//1 206//1 
f 71//1 72//1 206//1 
f 72//1 73//1 206//1 
f 73//1 74//1 206//1 
f 74//1 75//1 206//1 
f 75//1 76//1 206//1 
f 76//1 77//1 206//1 
f 77//1 78//1 206//1 
f 78//1 79//1 206//1 
f 79//1 80//1 206//1 
f 80//1 81//1 206//1 
f 81//1 82//1 206//1 
f 82//1 83//1 206//1 
f 83//1 84//1 206//1 
f 84//1 85//1 206//1 
f 85//1 86//1 206//1 
f 86//1 87//1 206//1 
f 87//1 88//1 206//1 
f 88//1 89//1 206//1 
f 89//1 90//1 206//1 
f 90//1 91//1 206//1 
f 91//1 92//1 206//1 
f 92//1 93//1 206//1 
f 93//1 94//1 206//1 
f 94//1 95//1 206//1 
f 95//1 96//1 206//1 
f 96//1 97//1 206//1 
f 97//1 98//1 206//1 
f 98//1 99//1 206//1 
f 99//1 100//1 206//1 
f 100//1 101//1 206//1 
f 101//1 102//1 206//1 
f 102//1 103//1 206//1 
f 103//1 104//1 206//1 
f 104//1 105//1 206//1 
f 105//1 106//1 206//1 
f 106//1 107//1 206//1 
f 107//1 108//1 206//1 
f 108//1 109//1 206//1 
f 109//1 110//1 206//1 
f 110//1 111//1 206//1 
f 111//1 112//1 206//1 
f 112//1 113//1 206//1 
f 113//1 114//1 206//1 
f 114//1 115//1 206//1 
f 115//1 116//1 206//1 
f 116//1 117//1 206//1 
f 117//1 118//1 206//1 
f 118//1 119//1 206//1 
f 119//1 120//1 206//1 
f 120//1 121//1 206//1 
f 121//1 122//1 206//1 
f 122//1 123//1 206//1 
f 123//1 124//1 206//1 
f 124//1 125//1 206//1 
f 125//1 126//1 206//1 
f 126//1 127//1 206//1 
f 127//1 128//1 206//1 
f 128//1 129//1 206//1 
f 129//1 130//1 206//1 
f 130//1 131//1 206//1 
f 131//1 132//1 206//1 
f 132//1 133//1 206//1 
f 133//1 134//1 206//1 
f 134//1 135//1 206//1 
f 135//1 136//1 206//1 
f 136//1 137//1 206//1 
f 137//1 138//1 206//1 
f 138//1 139//1 206//1 
f 139//1 140//1 206//1 
f 140//1 141//1 206//1 
f 141//1 142//1 206//1 
f 142//1 143//1 206//1 
f 143//1 144//1 206//1 
f 144//1 145//1 206//1 
f 145//1 146//1 206//1 
f 146//1 147//1 206//1 
f 147//1 148//1 206//1 
f 148//1 149//1 206//1 
f 149//1 150//1 206//1 
f 150//1 151//1 206//1 
f 151//1 152//1 206//1 
f 152//1 153//1 206//1 
f 153//1 154//1 206//1 
f 154//1 155//1 206//1 
f 155//1 156//1 206//1 
f 156//1 157//1 206//1 
f 157//1 158//1 206//1 
f 158//1 159//1 206//1 
f 159//1 160//1 206//1 
f 160//1 161//1 206//1 
f 161//1 162//1 206//1 
f 162//1 163//1 206//1 
f 163//1 164//1 206//1 
f 164//1 165//1 206//1 
f 165//1 166//1 206//1 
f 166//1 167//1 206//1 
f 167//1 168//1 206//1 
f 168//1 169//1 206//1 
f 169//1 170//1 206//1 
f 170//1 171//1 206//1 
f 171//1 172//1 206//1 
f 172//1 173//1 206//1 
f 173//1 174//1 206//1 
f 174//1 175//1 206//1 
f 175//1 176//1 206//1 
f 176//1 177//1 206//1 
f 177//1 178//1 206//1 
f 178//1 179//1 206//1 
f 179//1 180//1 206//1 
f 180//1 181//1 206//1 
f 181//1 182//1 206//1 
f 182//1 183//1 206//1 
f 183//1 184//1 206//1 
f 184//1 185//1 206//1 
f 185//1 186//1 206//1 
f 186//1 187//1 206//1 
f 187//1 188//1 206//1 
f 188//1 189//1 206//1 
f 189//1 190//1 206//1 
f 190//1 191//1 206//1 
f 191//1 192//1 206//1 
f 192//1 193//1 206//1 
f 193//1 194//1 206//1 
f 194//1 195//1 206//1 
f 195//1 196//1 206//1 
f 196//1 197//1 206//1 
f 197//1 198//1 206//1 
f 198//1 199//1 206//1 
f 199//1 200//1 206//1 
f 200//1 201//1 206//1 
f 201//1 202//1 206//1 
f 202//1 203//1 206//1 
f 203//1 204//1 206//1 
f 204//1 205//1 206//1 
f 205//1 1//1 206//1 
o mesh1
f 207//2 205//2 204//3 
f 208//3 204//3 203//4 
f 209//4 203//4 202//5 
f 210//5 202//5 201//6 
f 211//6 201//6 200//7 
f 212//7 200//7 199//8 
f 213//8 199//8 198//9 
f 214//9 198//9 197//10 
f 215//10 197//10 196//11 
f 216//11 196//11 195//12 
f 217//12 195//12 194//13 
f 218//13 194//13 193//14 
f 219//14 193//14 192//15 
f 220//15 192//15 191//16 
f 221//16 191//16 190//17 
f 222//17 190//17 189//18 
f 223//18 189//18 188//19 
f 224//19 188//19 187//20 
f 225//20 187//20 186//21 
f 226//21 186//21 185//22 
f 227//22 185//22 184//23 
f 228//23 184//23 183//24 
f 229//24 183//24 182//25 
f 230//25 182//25 181//26 
f 231//26 181//26 180//27 
f 232//27 180//27 179//28 
f 233//28 179//28 178//29 
f 234//29 178//29 177//30 
f 235//30 177//30 176//31 
f 236//31 176//31 175//32 
f 237//32 175//32 174//33 
f 238//33 174//33 173//34 
f 239//34 173//34 172//35 
f 240//35 172//35 171//36 
f 241//36 171//36 170//37 
f 242//37 170//37 169//38 
f 243//38 169//38 168//39 
f 244//39 168//39 167//40 
f 245//40 167//40 166//41 
f 246//41 166//41 165//42 
f 247//42 165//42 164//43 
f 248//43 164//43 163//44 
f 249//44 163//44 162//45 
f 250//45 162//45 161//46 
f 251//46 161//46 160//47 
f 252//47 160//47 159//48 
f 253//48 159//48 158//49 
f 254//49 158//49 157//50 
f 255//50 157//50 156//51 
f 256//51 156//51 155//52 
f 257//52 155//52 154//53 
f 258//53 154//53 153//54 
f 259//54 153//54 152//55 
f 260//55 152//55 151//56 
f 261//56 151//56 150//57 
f 262//57 150//57 149//58 
f 263//58 149//58 148//59 
f 264//59 148//59 147//60 
f 265//60 147//60 146//61 
f 266//61 146//61 145//62 
f 267//62 145//62 144//63 
f 268//63 144//63 143//64 
f 269//64 143//64 142//65 
f 270//65 142//65 141//66 
f 271//66 141//66 140//67 
f 272//67 140//67 139//68 
f 273//68 139//68 138//69 
f 274//69 138//69 137//70 
f 275//70 137//70 136//71 
f 276//71 136//71 135//72 
f 277//72 135//72 134//73 
f 278//73 134//73 133//74 
f 279//74 133//74 132//75 
f 280//75 132//75 131//76 
f 281//76 131//76 130//77 
f 282//77 130//77 129//78 
f 283//78 129//78 128//79 
f 284//79 128//79 127//80 
f 285//80 127//80 126//81 
f 286//81 126//81 125//82 
f 287//82 125//82 124//83 
f 288//83 124//83 123//84 
f 289//84 123//84 122//85 
f 290//85 122//85 121//86 
f 291//86 121//86 120//87 
f 292//87 120//87 119//88 
f 293//88 119//88 118//89 
f 294//89 118//89 117//90 
f 295//90 117//90 116//91 
f 296//91 116//91 115//92 
f 297//92 115//92 114//93 
f 298//93 114//93 113//94 
f 299//94 113//94 112//95 
f 300//95 112//95 111//96 
f 301//96 111//96 110//97 
f 302//97 110//97 109//98 
f 303//98 109//98 108//99 
f 304//99 108//99 107//100 
f 305//100 107//100 106//101 
f 306//101 106//101 105//102 
f 307//102 105//102 104//103 
f 308//103 104//103 103//104 
f 309//104 103//104 102//105 
f 310//105 102//105 101//106 
f 311//106 101//106 100//107 
f 312//107 100//107 99//108 
f 313//108 99//108 98//109 
f 314//109 98//109 97//110 
f 315//110 97//110 96//111 
f 316//111 96//111 95//112 
f 317//112 95//112 94//113 
f 318//113 94//113 93//114 
f 319//114 93//114 92//115 
f 320//115 92//115 91//116 
f 321//116 91//116 90//117 
f 322//117 90//117 89//118 
f 323//118 89//118 88//119 
f 324//119 88//119 87//120 
f 325//120 87//120 86//121 
f 326//121 86//121 85//122 
f 327//122 85//122 84//123 
f 328//123 84//123 83//124 
f 329//124 83//124 82//125 
f 330//125 82//125 81//126 
f 331//126 81//126 80//127 
f 332//127 80//127 79//128 
f 333//128 79//128 78//129 
f 334//129 78//129 77//130 
f 335//130 77//130 76//131 
f 336//131 76//131 75//132 
f 337//132 75//132 74//133 
f 338//133 74//133 73//134 
f 339//134 73//134 72//135 
f 340//135 72//135 71//136 
f 341//136 71//136 70//137 
f 342//137 70//137 69//138 
f 343//138 69//138 68//139 
f 344//139 68//139 67//140 
f 345//140 67//140 66//141 
f 346//141 66//141 65//142 
f 347//142 65//142 64//143 
f 348//143 64//143 63//144 
f 349//144 63//144 62//145 
f 350//145 62//145 61//146 
f 351//146 61//146 60//147 
f 352//147 60//147 59//148 
f 353//148 59//148 58//149 
f 354//149 58//149 57//150 
f 355//150 57//150 56//151 
f 356//151 56//151 55//152 
f 357//152 55//152 54//153 
f 358//153 54//153 53//154 
f 359//154 53//154 52//155 
f 360//155 52//155 51//156 
f 361//156 51//156 50//157 
f 362//157 50//157 49//158 
f 363//158 49//158 48//159 
f 364//159 48//159 47//160 
f 365//160 47//160 46//161 
f 366//161 46//161 45//162 
f 367//162 45//162 44//163 
f 368//163 44//163 43//164 
f 369//164 43//164 42//165 
f 370//165 42//165 41//166 
f 371//166 41//166 40//167 
f 372//167 40//167 39//168 
f 373//168 39//168 38//169 
f 374//169 38//169 37//170 
f 375//170 37//170 36//171 
f 376//171 36//171 35//172 
f 377//172 35//172 34//173 
f 378//173 34//173 33//174 
f 379//174 33//174 32//175 
f 380//175 32//175 31//176 
f 381//176 31//176 30//177 
f 382//177 30//177 29//178 
f 383//178 29//178 28//179 
f 384//179 28//179 27//180 
f 385//180 27//180 26//181 
f 386//181 26//181 25//182 
f 387//182 25//182 24//183 
f 388//183 24//183 23//184 
f 389//184 23//184 22//185 
f 390//185 22//185 21//186 
f 391//186 21//186 20//187 
f 392//187 20//187 19//188 
f 393//188 19//188 18//189 
f 394//189 18//189 17//190 
f 395//190 17//190 16//191 
f 396//191 16//191 15//192 
f 397//192 15//192 14//193 
f 398//193 14//193 13//194 
f 399//194 13//194 12//195 
f 400//195 12//195 11//196 
f 401//196 11//196 10//197 
f 402//197 10//197 9//198 
f 403//198 9//198 8//199 
f 404//199 8//199 7//200 
f 405//200 7//200 6//201 
f 406//201 6//201 5//202 
f 407//202 5//202 4//203 
f 408//203 4//203 3//204 
f 409//204 3//204 2//205 
f 410//205 2//205 1//206 
f 411//206 1//206 205//2 
f 205//2 207//2 411//206 
f 1//206 411//206 410//205 
f 2//205 410//205 409//204 
f 3//204 409//204 408//203 
f 4//203 408//203 407//202 
f 5//202 407//202 406//201 
f 6//201 406//201 405//200 
f 7//200 405//200 404//199 
f 8//199 404//199 403//198 
f 9//198 403//198 402//197 
f 10//197 402//197 401//196 
f 11//196 401//196 400//195 
f 12//195 400//195 399//194 
f 13//194 399//194 398//193 
f 14//193 398//193 397//192 
f 15//192 397//192 396//191 
f 16//191 396//191 395//190 
f 17//190 395//190 394//189 
f 18//189 394//189 393//188 
f 19//188 393//188 392//187 
f 20//187 392//187 391//186 
f 21//186 391//186 390//185 
f 22//185 390//185 389//184 
f 23//184 389//184 388//183 
f 24//183 388//183 387//182 
f 25//182 387//182 386//181 
f 26//181 386//181 385//180 
f 27//180 385//180 384//179 
f 28//179 384//179 383//178 
f 29//178 383//178 382//177 
f 30//177 382//177 381//176 
f 31//176 381//176 380//175 
f 32//175 380//175 379//174 
f 33//174 379//174 378//173 
f 34//173 378//173 377//172 
f 35//172 377//172 376//171 
f 36//171 376//171 375//170 
f 37//170 375//170 374//169 
f 38//169 374//169 373//168 
f 39//168 373//168 372//167 
f 40//167 372//167 371//166 
f 41//166 371//166 370//165 
f 42//165 370//165 369//164 
f 43//164 369//164 368//163 
f 44//163 368//163 367//162 
f 45//162 367//162 366//161 
f 46//161 366//161 365//160 
f 47//160 365//160 364//159 
f 48//159 364//159 363//158 
f 49//158 363//158 362//157 
f 50//157 362//157 361//156 
f 51//156 361//156 360//155 
f 52//155 360//155 359//154 
f 53//154 359//154 358//153 
f 54//153 358//153 357//152 
f 55//152 357//152 356//151 
f 56//151 356//151 355//150 
f 57//150 355//150 354//149 
f 58//149 354//149 353//148 
f 59//148 353//148 352//147 
f 60//147 352//147 351//146 
f 61//146 351//146 350//145 
f 62//145 350//145 349//144 
f 63//144 349//144 348//143 
f 64//143 348//143 347//142 
f 65//142 347//142 346//141 
f 66//141 346//141 345//140 
f 67//140 345//140 344//139 
f 68//139 344//139 343//138 
f 69//138 343//138 342//137 
f 70//137 342//137 341//136 
f 71//136 341//136 340//135 
f 72//135 340//135 339//134 
f 73//134 339//134 338//133 
f 74//133 338//133 337//132 
f 75//132 337//132 336//131 
f 76//131 336//131 335//130 
f 77//130 335//130 334//129 
f 78//129 334//129 333//128 
f 79//128 333//128 332//127 
f 80//127 332//127 331//126 
f 81//126 331//126 330//125 
f 82//125 330//125 329//124 
f 83//124 329//124 328//123 
f 84//123 328//123 327//122 
f 85//122 327//122 326//121 
f 86//121 326//121 325//120 
f 87//120 325//120 324//119 
f 88//119 324//119 323//118 
f 89//118 323//118 322//117 
f 90//117 322//117 321//116 
f 91//116 321//116 320//115 
f 92//115 320//115 319//114 
f 93//114 319//114 318//113 
f 94//113 318//113 317//112 
f 95//112 317//112 316//111 
f 96//111 316//111 315//110 
f 97//110 315//110 314//109 
f 98//109 314//109 313//108 
f 99//108 313//108 312//107 
f 100//107 312//107 311//106 
f 101//106 311//106 310//105 
f 102//105 310//105 309//104 
f 103//104 309//104 308//103 
f 104//103 308//103 307//102 
f 105//102 307//102 306//101 
f 106//101 306//101 305//100 
f 107//100 305//100 304//99 
f 108//99 304//99 303//98 
f 109//98 303//98 302//97 
f 110//97 302//97 301//96 
f 111//96 301//96 300//95 
f 112//95 300//95 299//94 
f 113//94 299//94 298//93 
f 114//93 298//93 297//92 
f 115//92 297//92 296//91 
f 116//91 296//91 295//90 
f 117//90 295//90 294//89 
f 118//89 294//89 293//88 
f 119//88 293//88 292//87 
f 120//87 292//87 291//86 
f 121//86 291//86 290//85 
f 122//85 290//85 289//84 
f 123//84 289//84 288//83 
f 124//83 288//83 287//82 
f 125//82 287//82 286//81 
f 126//81 286//81 285//80 
f 127//80 285//80 284//79 
f 128//79 284//79 283//78 
f 129//78 283//78 282//77 
f 130//77 282//77 281//76 
f 131//76 281//76 280//75 
f 132//75 280//75 279//74 
f 133//74 279//74 278//73 
f 134//73 278//73 277//72 
f 135//72 277//72 276//71 
f 136//71 276//71 275//70 
f 137//70 275//70 274//69 
f 138//69 274//69 273//68 
f 139//68 273//68 272//67 
f 140//67 272//67 271//66 
f 141//66 271//66 270//65 
f 142//65 270//65 269//64 
f 143//64 269//64 268//63 
f 144//63 268//63 267//62 
f 145//62 267//62 266//61 
f 146//61 266//61 265//60 
f 147//60 265//60 264//59 
f 148//59 264//59 263//58 
f 149//58 263//58 262//57 
f 150//57 262//57 261//56 
f 151//56 261//56 260//55 
f 152//55 260//55 259//54 
f 153//54 259//54 258//53 
f 154//53 258//53 257//52 
f 155//52 257//52 256//51 
f 156//51 256//51 255//50 
f 157//50 255//50 254//49 
f 158//49 254//49 253//48 
f 159//48 253//48 252//47 
f 160//47 252//47 251//46 
f 161//46 251//46 250//45 
f 162//45 250//45 249//44 
f 163//44 249//44 248//43 
f 164//43 248//43 247//42 
f 165//42 247//42 246//41 
f 166//41 246//41 245//40 
f 167//40 245//40 244//39 
f 168//39 244//39 243//38 
f 169//38 243//38 242//37 
f 170//37 242//37 241//36 
f 171//36 241//36 240//35 
f 172//35 240//35 239//34 
f 173//34 239//34 238//33 
f 174//33 238//33 237//32 
f 175//32 237//32 236//31 
f 176//31 236//31 235//30 
f 177//30 235//30 234//29 
f 178//29 234//29 233//28 
f 179//28 233//28 232//27 
f 180//27 232//27 231//26 
f 181//26 231//26 230//25 
f 182//25 230//25 229//24 
f 183//24 229//24 228//23 
f 184//23 228//23 227//22 
f 185//22 227//22 226//21 
f 186//21 226//21 225//20 
f 187//20 225//20 224//19 
f 188//19 224//19 223//18 
f 189//18 223//18 222//17 
f 190//17 222//17 221//16 
f 191//16 221//16 220//15 
f 192//15 220//15 219//14 
f 193//14 219//14 218//13 
f 194//13 218//13 217//12 
f 195//12 217//12 216//11 
f 196//11 216//11 215//10 
f 197//10 215//10 214//9 
f 198//9 214//9 213//8 
f 199//8 213//8 212//7 
f 200//7 212//7 211//6 
f 201//6 211//6 210//5 
f 202//5 210//5 209//4 
f 203//4 209//4 208//3 
f 204//3 208//3 207//2 
o mesh2
f 385//207 412//207 413//207 
f 386//207 414//207 412//207 
f 415//207 416//207 417//207 
f 418//207 419//207 416//207 
f 420//207 421//207 419//207 
f 422//207 423//207 421//207 
f 424//207 425//207 426//207 
f 427//207 428//207 425//207 
f 303//207 429//207 430//207 
f 304//207 431//207 429//207 
f 412//207 385//207 386//207 
f 387//207 432//207 414//207 
f 433//207 434//207 435//207 
f 436//207 437//207 434//207 
f 283//207 284//207 438//207 
f 439//207 440//207 441//207 
f 440//207 442//207 417//207 
f 416//207 415//207 418//207 
f 421//207 420//207 422//207 
f 443//207 426//207 423//207 
f 425//207 424//207 427//207 
f 429//207 303//207 304//207 
f 305//207 444//207 431//207 
f 323//207 324//207 445//207 
f 324//207 325//207 446//207 
f 384//207 413//207 447//207 
f 414//207 386//207 387//207 
f 448//207 449//207 450//207 
f 451//207 452//207 449//207 
f 453//207 435//207 452//207 
f 434//207 433//207 436//207 
f 454//207 455//207 437//207 
f 456//207 457//207 458//207 
f 457//207 459//207 460//207 
f 459//207 461//207 462//207 
f 461//207 463//207 464//207 
f 465//207 466//207 467//207 
f 466//207 468//207 469//207 
f 468//207 470//207 471//207 
f 470//207 472//207 473//207 
f 474//207 475//207 476//207 
f 475//207 477//207 478//207 
f 282//207 283//207 479//207 
f 438//207 479//207 283//207 
f 480//207 481//207 482//207 
f 483//207 484//207 481//207 
f 485//207 486//207 487//207 
f 486//207 488//207 489//207 
f 488//207 439//207 490//207 
f 417//207 441//207 440//207 
f 419//207 418//207 420//207 
f 426//207 443//207 424//207 
f 491//207 492//207 493//207 
f 294//207 494//207 495//207 
f 295//207 496//207 494//207 
f 299//207 497//207 498//207 
f 300//207 499//207 497//207 
f 431//207 304//207 305//207 
f 306//207 500//207 444//207 
f 307//207 501//207 500//207 
f 308//207 502//207 501//207 
f 309//207 503//207 502//207 
f 310//207 504//207 503//207 
f 319//207 320//207 505//207 
f 320//207 321//207 506//207 
f 446//207 445//207 324//207 
f 325//207 326//207 507//207 
f 336//207 508//207 509//207 
f 413//207 384//207 385//207 
f 388//207 510//207 432//207 
f 511//207 450//207 512//207 
f 449//207 448//207 451//207 
f 435//207 453//207 433//207 
f 437//207 436//207 454//207 
f 460//207 458//207 457//207 
f 464//207 462//207 461//207 
f 463//207 513//207 514//207 
f 513//207 465//207 515//207 
f 469//207 467//207 466//207 
f 473//207 471//207 470//207 
f 472//207 516//207 517//207 
f 516//207 474//207 518//207 
f 478//207 476//207 475//207 
f 242//207 243//207 519//207 
f 243//207 244//207 520//207 
f 247//207 248//207 521//207 
f 248//207 249//207 522//207 
f 249//207 250//207 523//207 
f 250//207 251//207 524//207 
f 252//207 253//207 525//207 
f 253//207 254//207 526//207 
f 267//207 268//207 527//207 
f 268//207 269//207 528//207 
f 269//207 270//207 529//207 
f 270//207 271//207 530//207 
f 273//207 274//207 531//207 
f 274//207 275//207 532//207 
f 277//207 278//207 533//207 
f 278//207 279//207 534//207 
f 281//207 282//207 535//207 
f 284//207 285//207 438//207 
f 536//207 537//207 538//207 
f 481//207 480//207 483//207 
f 539//207 540//207 484//207 
f 541//207 542//207 543//207 
f 544//207 485//207 545//207 
f 489//207 487//207 486//207 
f 441//207 490//207 439//207 
f 423//207 422//207 443//207 
f 546//207 547//207 428//207 
f 547//207 546//207 491//207 
f 494//207 294//207 295//207 
f 296//207 548//207 496//207 
f 298//207 498//207 549//207 
f 497//207 299//207 300//207 
f 301//207 550//207 499//207 
f 302//207 430//207 550//207 
f 444//207 305//207 306//207 
f 501//207 307//207 308//207 
f 503//207 309//207 310//207 
f 310//207 311//207 551//207 
f 506//207 505//207 320//207 
f 321//207 322//207 552//207 
f 322//207 323//207 553//207 
f 507//207 446//207 325//207 
f 554//207 555//207 556//207 
f 509//207 334//207 335//207 
f 337//207 557//207 508//207 
f 377//207 558//207 559//207 
f 378//207 560//207 558//207 
f 382//207 561//207 562//207 
f 383//207 447//207 561//207 
f 432//207 387//207 388//207 
f 389//207 563//207 510//207 
f 564//207 512//207 565//207 
f 450//207 511//207 448//207 
f 454//207 456//207 455//207 
f 462//207 460//207 459//207 
f 515//207 514//207 513//207 
f 471//207 469//207 468//207 
f 518//207 517//207 516//207 
f 477//207 566//207 478//207 
f 239//207 240//207 567//207 
f 240//207 241//207 568//207 
f 520//207 519//207 243//207 
f 244//207 245//207 569//207 
f 245//207 246//207 570//207 
f 246//207 247//207 571//207 
f 522//207 521//207 248//207 
f 524//207 523//207 250//207 
f 251//207 252//207 572//207 
f 526//207 525//207 253//207 
f 263//207 264//207 573//207 
f 264//207 265//207 574//207 
f 265//207 266//207 575//207 
f 266//207 267//207 576//207 
f 528//207 527//207 268//207 
f 530//207 529//207 270//207 
f 272//207 273//207 577//207 
f 532//207 531//207 274//207 
f 275//207 276//207 578//207 
f 276//207 277//207 579//207 
f 534//207 533//207 278//207 
f 279//207 280//207 580//207 
f 280//207 281//207 581//207 
f 479//207 535//207 282//207 
f 536//207 582//207 537//207 
f 583//207 482//207 584//207 
f 484//207 483//207 539//207 
f 585//207 586//207 541//207 
f 542//207 587//207 588//207 
f 587//207 544//207 589//207 
f 487//207 545//207 485//207 
f 417//207 442//207 415//207 
f 493//207 547//207 491//207 
f 496//207 295//207 296//207 
f 297//207 549//207 548//207 
f 498//207 298//207 299//207 
f 550//207 301//207 302//207 
f 500//207 306//207 307//207 
f 551//207 504//207 310//207 
f 311//207 312//207 590//207 
f 312//207 313//207 591//207 
f 313//207 314//207 592//207 
f 314//207 315//207 593//207 
f 315//207 316//207 594//207 
f 316//207 317//207 595//207 
f 317//207 318//207 596//207 
f 318//207 319//207 597//207 
f 552//207 506//207 321//207 
f 445//207 553//207 323//207 
f 555//207 598//207 556//207 
f 599//207 554//207 600//207 
f 601//207 599//207 602//207 
f 603//207 601//207 604//207 
f 508//207 336//207 337//207 
f 338//207 605//207 557//207 
f 339//207 606//207 605//207 
f 340//207 607//207 606//207 
f 376//207 559//207 608//207 
f 558//207 377//207 378//207 
f 561//207 382//207 383//207 
f 510//207 388//207 389//207 
f 390//207 609//207 563//207 
f 391//207 610//207 609//207 
f 611//207 612//207 613//207 
f 614//207 615//207 612//207 
f 616//207 617//207 615//207 
f 618//207 565//207 617//207 
f 512//207 564//207 511//207 
f 458//207 455//207 456//207 
f 467//207 515//207 465//207 
f 476//207 518//207 474//207 
f 238//207 239//207 619//207 
f 568//207 567//207 240//207 
f 569//207 520//207 244//207 
f 571//207 570//207 246//207 
f 523//207 522//207 249//207 
f 525//207 572//207 252//207 
f 257//207 258//207 620//207 
f 258//207 259//207 621//207 
f 260//207 261//207 622//207 
f 261//207 262//207 623//207 
f 574//207 573//207 264//207 
f 576//207 575//207 266//207 
f 529//207 528//207 269//207 
f 271//207 272//207 624//207 
f 531//207 577//207 273//207 
f 579//207 578//207 276//207 
f 580//207 534//207 279//207 
f 535//207 581//207 281//207 
f 538//207 625//207 536//207 
f 482//207 583//207 480//207 
f 626//207 627//207 540//207 
f 586//207 585//207 627//207 
f 588//207 543//207 542//207 
f 545//207 589//207 544//207 
f 428//207 427//207 546//207 
f 548//207 296//207 297//207 
f 499//207 300//207 301//207 
f 502//207 308//207 309//207 
f 591//207 590//207 312//207 
f 593//207 592//207 314//207 
f 595//207 594//207 316//207 
f 597//207 596//207 318//207 
f 553//207 552//207 322//207 
f 326//207 327//207 628//207 
f 327//207 328//207 629//207 
f 328//207 329//207 630//207 
f 329//207 330//207 631//207 
f 632//207 633//207 634//207 
f 635//207 634//207 598//207 
f 600//207 602//207 599//207 
f 604//207 636//207 603//207 
f 557//207 337//207 338//207 
f 606//207 339//207 340//207 
f 341//207 637//207 607//207 
f 342//207 638//207 637//207 
f 373//207 639//207 640//207 
f 374//207 641//207 639//207 
f 375//207 608//207 641//207 
f 559//207 376//207 377//207 
f 380//207 642//207 643//207 
f 381//207 562//207 642//207 
f 447//207 383//207 384//207 
f 609//207 390//207 391//207 
f 392//207 644//207 610//207 
f 393//207 645//207 644//207 
f 213//207 214//207 646//207 
f 214//207 215//207 647//207 
f 225//207 226//207 648//207 
f 226//207 227//207 649//207 
f 612//207 611//207 614//207 
f 617//207 616//207 618//207 
f 452//207 451//207 453//207 
f 517//207 473//207 472//207 
f 567//207 619//207 239//207 
f 241//207 242//207 650//207 
f 570//207 569//207 245//207 
f 572//207 524//207 251//207 
f 255//207 256//207 651//207 
f 256//207 257//207 652//207 
f 621//207 620//207 258//207 
f 259//207 260//207 653//207 
f 623//207 622//207 261//207 
f 262//207 263//207 654//207 
f 575//207 574//207 265//207 
f 624//207 530//207 271//207 
f 578//207 532//207 275//207 
f 581//207 580//207 280//207 
f 536//207 655//207 656//207 
f 536//207 657//207 582//207 
f 536//207 658//207 659//207 
f 660//207 584//207 661//207 
f 540//207 539//207 626//207 
f 543//207 585//207 541//207 
f 490//207 489//207 488//207 
f 492//207 662//207 663//207 
f 289//207 664//207 665//207 
f 292//207 666//207 667//207 
f 293//207 495//207 666//207 
f 549//207 297//207 298//207 
f 590//207 551//207 311//207 
f 594//207 593//207 315//207 
f 505//207 597//207 319//207 
f 629//207 628//207 327//207 
f 631//207 630//207 329//207 
f 330//207 331//207 668//207 
f 669//207 670//207 671//207 
f 672//207 671//207 633//207 
f 598//207 555//207 635//207 
f 602//207 604//207 601//207 
f 605//207 338//207 339//207 
f 637//207 341//207 342//207 
f 343//207 673//207 638//207 
f 344//207 674//207 673//207 
f 345//207 675//207 674//207 
f 346//207 676//207 675//207 
f 350//207 677//207 678//207 
f 351//207 679//207 677//207 
f 352//207 680//207 679//207 
f 353//207 681//207 680//207 
f 357//207 682//207 683//207 
f 358//207 684//207 682//207 
f 364//207 685//207 686//207 
f 365//207 687//207 685//207 
f 639//207 373//207 374//207 
f 608//207 375//207 376//207 
f 379//207 643//207 560//207 
f 642//207 380//207 381//207 
f 563//207 389//207 390//207 
f 644//207 392//207 393//207 
f 394//207 688//207 645//207 
f 395//207 689//207 688//207 
f 690//207 691//207 692//207 
f 693//207 694//207 691//207 
f 695//207 696//207 697//207 
f 698//207 699//207 696//207 
f 700//207 701//207 699//207 
f 702//207 703//207 701//207 
f 212//207 213//207 704//207 
f 647//207 646//207 214//207 
f 215//207 216//207 705//207 
f 216//207 217//207 706//207 
f 649//207 648//207 226//207 
f 227//207 228//207 707//207 
f 229//207 230//207 708//207 
f 230//207 231//207 709//207 
f 710//207 236//207 711//207 
f 712//207 613//207 713//207 
f 615//207 614//207 616//207 
f 514//207 464//207 463//207 
f 477//207 710//207 714//207 
f 650//207 568//207 241//207 
f 521//207 571//207 247//207 
f 254//207 255//207 715//207 
f 652//207 651//207 256//207 
f 653//207 621//207 259//207 
f 654//207 623//207 262//207 
f 527//207 576//207 267//207 
f 533//207 579//207 277//207 
f 625//207 655//207 536//207 
f 659//207 716//207 536//207 
f 536//207 717//207 718//207 
f 287//207 665//207 536//207 
f 285//207 719//207 662//207 
f 584//207 660//207 583//207 
f 589//207 588//207 587//207 
f 662//207 720//207 663//207 
f 662//207 719//207 721//207 
f 665//207 287//207 288//207 
f 290//207 722//207 664//207 
f 291//207 667//207 722//207 
f 666//207 292//207 293//207 
f 430//207 302//207 303//207 
f 596//207 595//207 317//207 
f 630//207 629//207 328//207 
f 668//207 631//207 330//207 
f 670//207 669//207 723//207 
f 633//207 632//207 672//207 
f 556//207 600//207 554//207 
f 334//207 509//207 670//207 
f 724//207 725//207 668//207 
f 607//207 340//207 341//207 
f 673//207 343//207 344//207 
f 675//207 345//207 346//207 
f 347//207 726//207 676//207 
f 677//207 350//207 351//207 
f 680//207 352//207 353//207 
f 354//207 727//207 681//207 
f 355//207 728//207 727//207 
f 356//207 683//207 728//207 
f 682//207 357//207 358//207 
f 359//207 729//207 684//207 
f 360//207 730//207 729//207 
f 362//207 731//207 732//207 
f 363//207 686//207 731//207 
f 685//207 364//207 365//207 
f 366//207 733//207 687//207 
f 367//207 734//207 733//207 
f 368//207 735//207 734//207 
f 369//207 736//207 735//207 
f 370//207 737//207 736//207 
f 641//207 374//207 375//207 
f 643//207 379//207 380//207 
f 610//207 391//207 392//207 
f 688//207 394//207 395//207 
f 691//207 690//207 693//207 
f 738//207 697//207 694//207 
f 696//207 695//207 698//207 
f 701//207 700//207 702//207 
f 209//207 210//207 739//207 
f 210//207 211//207 740//207 
f 646//207 704//207 213//207 
f 706//207 705//207 216//207 
f 217//207 218//207 741//207 
f 218//207 219//207 742//207 
f 219//207 220//207 743//207 
f 220//207 221//207 744//207 
f 707//207 649//207 227//207 
f 228//207 229//207 745//207 
f 709//207 708//207 230//207 
f 231//207 232//207 746//207 
f 710//207 235//207 236//207 
f 234//207 710//207 477//207 
f 613//207 712//207 611//207 
f 714//207 566//207 477//207 
f 519//207 650//207 242//207 
f 651//207 715//207 255//207 
f 622//207 653//207 260//207 
f 577//207 624//207 272//207 
f 716//207 657//207 536//207 
f 536//207 747//207 717//207 
f 719//207 286//207 287//207 
f 662//207 438//207 285//207 
f 627//207 626//207 586//207 
f 721//207 720//207 662//207 
f 664//207 289//207 290//207 
f 667//207 291//207 292//207 
f 592//207 591//207 313//207 
f 331//207 332//207 668//207 
f 723//207 748//207 670//207 
f 634//207 635//207 632//207 
f 724//207 333//207 334//207 
f 668//207 332//207 724//207 
f 638//207 342//207 343//207 
f 676//207 346//207 347//207 
f 348//207 749//207 726//207 
f 349//207 678//207 749//207 
f 679//207 351//207 352//207 
f 727//207 354//207 355//207 
f 683//207 356//207 357//207 
f 729//207 359//207 360//207 
f 731//207 362//207 363//207 
f 687//207 365//207 366//207 
f 734//207 367//207 368//207 
f 736//207 369//207 370//207 
f 371//207 750//207 737//207 
f 372//207 640//207 750//207 
f 560//207 378//207 379//207 
f 645//207 393//207 394//207 
f 399//207 751//207 752//207 
f 400//207 753//207 751//207 
f 408//207 754//207 755//207 
f 409//207 756//207 754//207 
f 694//207 693//207 738//207 
f 699//207 698//207 700//207 
f 757//207 758//207 703//207 
f 757//207 759//207 760//207 
f 740//207 739//207 210//207 
f 211//207 212//207 761//207 
f 705//207 647//207 215//207 
f 742//207 741//207 218//207 
f 744//207 743//207 220//207 
f 221//207 222//207 762//207 
f 222//207 223//207 763//207 
f 223//207 224//207 764//207 
f 745//207 707//207 228//207 
f 746//207 709//207 231//207 
f 710//207 234//207 235//207 
f 477//207 765//207 234//207 
f 766//207 713//207 767//207 
f 565//207 618//207 564//207 
f 237//207 238//207 768//207 
f 715//207 526//207 254//207 
f 573//207 654//207 263//207 
f 718//207 658//207 536//207 
f 285//207 286//207 719//207 
f 769//207 661//207 770//207 
f 663//207 493//207 492//207 
f 722//207 290//207 291//207 
f 628//207 507//207 326//207 
f 671//207 672//207 669//207 
f 332//207 333//207 724//207 
f 674//207 344//207 345//207 
f 749//207 348//207 349//207 
f 681//207 353//207 354//207 
f 684//207 358//207 359//207 
f 686//207 363//207 364//207 
f 735//207 368//207 369//207 
f 750//207 371//207 372//207 
f 562//207 381//207 382//207 
f 396//207 771//207 689//207 
f 397//207 772//207 771//207 
f 398//207 752//207 772//207 
f 751//207 399//207 400//207 
f 401//207 773//207 753//207 
f 402//207 774//207 773//207 
f 403//207 775//207 774//207 
f 404//207 776//207 775//207 
f 406//207 777//207 778//207 
f 407//207 755//207 777//207 
f 754//207 408//207 409//207 
f 410//207 779//207 756//207 
f 747//207 780//207 781//207 
f 747//207 782//207 783//207 
f 747//207 784//207 785//207 
f 786//207 787//207 788//207 
f 789//207 692//207 787//207 
f 697//207 738//207 695//207 
f 760//207 758//207 757//207 
f 790//207 791//207 792//207 
f 791//207 793//207 794//207 
f 793//207 795//207 796//207 
f 795//207 797//207 798//207 
f 208//207 209//207 799//207 
f 761//207 740//207 211//207 
f 741//207 706//207 217//207 
f 762//207 744//207 221//207 
f 764//207 763//207 223//207 
f 224//207 225//207 800//207 
f 708//207 745//207 229//207 
f 232//207 233//207 765//207 
f 765//207 233//207 234//207 
f 713//207 766//207 712//207 
f 711//207 236//207 237//207 
f 620//207 652//207 257//207 
f 536//207 719//207 287//207 
f 661//207 769//207 660//207 
f 495//207 293//207 294//207 
f 670//207 724//207 334//207 
f 726//207 347//207 348//207 
f 728//207 355//207 356//207 
f 733//207 366//207 367//207 
f 640//207 372//207 373//207 
f 771//207 396//207 397//207 
f 752//207 398//207 399//207 
f 773//207 401//207 402//207 
f 775//207 403//207 404//207 
f 405//207 778//207 776//207 
f 777//207 406//207 407//207 
f 756//207 409//207 410//207 
f 411//207 801//207 779//207 
f 207//207 802//207 801//207 
f 781//207 803//207 747//207 
f 747//207 804//207 805//207 
f 785//207 782//207 747//207 
f 806//207 759//207 757//207 
f 787//207 786//207 789//207 
f 703//207 702//207 757//207 
f 794//207 792//207 791//207 
f 798//207 796//207 795//207 
f 797//207 807//207 808//207 
f 807//207 809//207 810//207 
f 739//207 799//207 209//207 
f 743//207 742//207 219//207 
f 800//207 764//207 224//207 
f 765//207 746//207 232//207 
f 767//207 811//207 766//207 
f 619//207 768//207 238//207 
f 770//207 812//207 769//207 
f 748//207 724//207 670//207 
f 678//207 349//207 350//207 
f 361//207 732//207 730//207 
f 737//207 370//207 371//207 
f 772//207 397//207 398//207 
f 774//207 402//207 403//207 
f 778//207 405//207 406//207 
f 779//207 410//207 411//207 
f 801//207 411//207 207//207 
f 805//207 780//207 747//207 
f 747//207 813//207 814//207 
f 747//207 815//207 816//207 
f 747//207 536//207 784//207 
f 806//207 817//207 759//207 
f 818//207 788//207 819//207 
f 692//207 789//207 690//207 
f 820//207 790//207 821//207 
f 796//207 794//207 793//207 
f 810//207 808//207 807//207 
f 704//207 761//207 212//207 
f 648//207 800//207 225//207 
f 768//207 711//207 237//207 
f 665//207 288//207 289//207 
f 730//207 360//207 361//207 
f 689//207 395//207 396//207 
f 776//207 404//207 405//207 
f 207//207 208//207 802//207 
f 814//207 804//207 747//207 
f 783//207 815//207 747//207 
f 757//207 747//207 806//207 
f 788//207 818//207 786//207 
f 806//207 822//207 820//207 
f 806//207 823//207 824//207 
f 808//207 798//207 797//207 
f 809//207 825//207 826//207 
f 763//207 762//207 222//207 
f 656//207 719//207 536//207 
f 732//207 361//207 362//207 
f 755//207 407//207 408//207 
f 816//207 813//207 747//207 
f 819//207 827//207 818//207 
f 824//207 822//207 806//207 
f 826//207 810//207 809//207 
f 711//207 828//207 710//207 
f 753//207 400//207 401//207 
f 747//207 823//207 806//207 
f 792//207 821//207 790//207 
f 509//207 335//207 336//207 
f 821//207 806//207 820//207 
f 803//207 823//207 747//207 
f 799//207 802//207 208//207 
o mesh3
f 829//208 830//209 509//209 
f 831//210 829//208 508//211 
f 832//212 831//210 557//213 
f 833//214 832//212 605//215 
f 834//216 833//214 606//217 
f 835//218 834//216 607//219 
f 836//220 835//218 637//221 
f 837//222 836//220 638//223 
f 838//224 837//222 673//225 
f 839//226 838//224 674//227 
f 840//228 839//226 675//229 
f 676//228 726//230 841//231 
f 726//230 842//230 841//231 
f 843//232 842//230 726//230 
f 844//233 843//232 749//232 
f 845//234 844//233 678//233 
f 677//234 679//235 846//236 
f 679//235 847//235 846//236 
f 680//237 848//237 849//238 
f 849//238 679//235 680//237 
f 850//239 848//237 680//237 
f 851//240 850//239 681//239 
f 852//241 851//240 727//240 
f 853//242 852//241 728//241 
f 854//243 853//242 683//242 
f 855//244 854//243 682//243 
f 856//245 855//244 684//244 
f 857//246 856//245 729//245 
f 858//247 857//246 730//246 
f 859//248 858//247 732//247 
f 860//249 859//248 731//248 
f 861//250 860//249 686//249 
f 862//251 861//250 685//250 
f 863//252 862//251 687//251 
f 864//253 863//252 733//252 
f 865//254 864//253 734//253 
f 866//255 865//254 735//254 
f 736//255 737//256 867//257 
f 737//256 868//256 867//257 
f 750//258 869//258 870//259 
f 870//259 737//256 750//258 
f 871//260 869//258 750//258 
f 872//261 871//260 640//260 
f 873//262 872//261 639//261 
f 874//263 873//262 641//262 
f 875//264 874//263 608//263 
f 559//264 558//265 876//266 
f 558//265 877//265 876//266 
f 878//267 877//265 558//265 
f 879//268 878//267 560//267 
f 880//269 879//268 643//268 
f 881//270 880//269 642//269 
f 882//271 881//270 562//270 
f 883//272 882//271 561//271 
f 884//273 883//272 447//272 
f 885//274 884//273 413//273 
f 886//275 885//274 412//274 
f 432//276 887//276 888//277 
f 888//277 414//278 432//276 
f 889//279 887//276 432//276 
f 890//280 889//279 510//279 
f 609//281 891//281 892//282 
f 892//282 563//283 609//281 
f 893//284 891//281 609//281 
f 894//285 893//284 610//284 
f 895//286 894//285 644//285 
f 896//287 895//286 645//286 
f 897//288 896//287 688//287 
f 898//289 897//288 689//288 
f 772//290 899//290 900//291 
f 900//291 771//292 772//290 
f 901//293 899//290 772//290 
f 902//294 901//293 752//293 
f 903//295 902//294 751//294 
f 904//296 903//295 753//295 
f 905//297 904//296 773//296 
f 906//298 905//297 774//297 
f 907//299 906//298 775//298 
f 908//300 907//299 776//299 
f 909//301 908//300 778//300 
f 910//302 909//301 777//301 
f 754//303 911//303 912//304 
f 912//304 755//305 754//303 
f 913//306 911//303 754//303 
f 914//307 913//306 756//306 
f 915//308 914//307 779//307 
f 916//309 915//308 801//308 
f 917//310 916//309 802//309 
f 918//311 917//310 799//310 
f 919//312 918//311 739//311 
f 740//312 761//313 920//314 
f 920//314 921//315 740//312 
f 761//313 922//316 920//314 
f 923//317 922//316 761//313 
f 924//318 923//317 704//317 
f 925//319 924//318 646//318 
f 926//320 925//319 647//319 
f 927//321 926//320 705//320 
f 928//322 927//321 706//321 
f 929//323 928//322 741//322 
f 930//324 929//323 742//323 
f 744//325 931//325 932//326 
f 932//326 743//327 744//325 
f 933//328 931//325 744//325 
f 934//329 933//328 762//328 
f 935//330 934//329 763//329 
f 764//330 800//331 936//332 
f 800//331 937//331 936//332 
f 938//333 937//331 800//331 
f 939//334 938//333 648//333 
f 940//335 939//334 649//334 
f 941//336 940//335 707//335 
f 745//336 708//337 942//338 
f 708//337 943//337 942//338 
f 944//339 943//337 708//337 
f 945//340 944//339 709//339 
f 746//340 765//341 946//342 
f 765//341 947//341 946//342 
f 946//342 945//340 746//340 
f 709//339 746//340 945//340 
f 708//337 709//339 944//339 
f 942//338 941//336 745//336 
f 707//335 745//336 941//336 
f 649//334 707//335 940//335 
f 648//333 649//334 939//334 
f 800//331 648//333 938//333 
f 936//332 935//330 764//330 
f 763//329 764//330 935//330 
f 762//328 763//329 934//329 
f 744//325 762//328 933//328 
f 932//326 930//324 743//327 
f 742//323 743//327 930//324 
f 741//322 742//323 929//323 
f 706//321 741//322 928//322 
f 705//320 706//321 927//321 
f 647//319 705//320 926//320 
f 646//318 647//319 925//319 
f 704//317 646//318 924//318 
f 761//313 704//317 923//317 
f 921//315 919//312 740//312 
f 739//311 740//312 919//312 
f 799//310 739//311 918//311 
f 802//309 799//310 917//310 
f 801//308 802//309 916//309 
f 779//307 801//308 915//308 
f 756//306 779//307 914//307 
f 754//303 756//306 913//306 
f 912//304 910//302 755//305 
f 777//301 755//305 910//302 
f 778//300 777//301 909//301 
f 776//299 778//300 908//300 
f 775//298 776//299 907//299 
f 774//297 775//298 906//298 
f 773//296 774//297 905//297 
f 753//295 773//296 904//296 
f 751//294 753//295 903//295 
f 752//293 751//294 902//294 
f 772//290 752//293 901//293 
f 900//291 898//289 771//292 
f 689//288 771//292 898//289 
f 688//287 689//288 897//288 
f 645//286 688//287 896//287 
f 644//285 645//286 895//286 
f 610//284 644//285 894//285 
f 609//281 610//284 893//284 
f 892//282 890//280 563//283 
f 510//279 563//283 890//280 
f 432//276 510//279 889//279 
f 888//277 886//275 414//278 
f 412//274 414//278 886//275 
f 413//273 412//274 885//274 
f 447//272 413//273 884//273 
f 561//271 447//272 883//272 
f 562//270 561//271 882//271 
f 642//269 562//270 881//270 
f 643//268 642//269 880//269 
f 560//267 643//268 879//268 
f 558//265 560//267 878//267 
f 876//266 875//264 559//264 
f 608//263 559//264 875//264 
f 641//262 608//263 874//263 
f 639//261 641//262 873//262 
f 640//260 639//261 872//261 
f 750//258 640//260 871//260 
f 870//259 868//256 737//256 
f 867//257 866//255 736//255 
f 735//254 736//255 866//255 
f 734//253 735//254 865//254 
f 733//252 734//253 864//253 
f 687//251 733//252 863//252 
f 685//250 687//251 862//251 
f 686//249 685//250 861//250 
f 731//248 686//249 860//249 
f 732//247 731//248 859//248 
f 730//246 732//247 858//247 
f 729//245 730//246 857//246 
f 684//244 729//245 856//245 
f 682//243 684//244 855//244 
f 683//242 682//243 854//243 
f 728//241 683//242 853//242 
f 727//240 728//241 852//241 
f 681//239 727//240 851//240 
f 680//237 681//239 850//239 
f 849//238 847//235 679//235 
f 846//236 845//234 677//234 
f 678//233 677//234 845//234 
f 749//232 678//233 844//233 
f 726//230 749//232 843//232 
f 841//231 840//228 676//228 
f 675//229 676//228 840//228 
f 674//227 675//229 839//226 
f 673//225 674//227 838//224 
f 638//223 673//225 837//222 
f 637//221 638//223 836//220 
f 607//219 637//221 835//218 
f 606//217 607//219 834//216 
f 605//215 606//217 833//214 
f 557//213 605//215 832//212 
f 508//211 557//213 831//210 
f 509//209 508//211 829//208 
o mesh4
f 948//343 949//344 711//344 
f 950//345 948//343 768//346 
f 951//347 950//345 619//348 
f 952//349 951//347 567//350 
f 953//351 952//349 568//352 
f 519//353 954//353 955//354 
f 955//354 650//355 519//353 
f 956//356 954//353 519//353 
f 957//357 956//356 520//356 
f 958//358 957//357 569//357 
f 959//359 958//358 570//358 
f 960//360 959//359 571//359 
f 521//360 522//361 961//362 
f 522//361 962//361 961//362 
f 963//363 962//361 522//361 
f 964//364 963//363 523//363 
f 965//365 964//364 524//364 
f 966//366 965//365 572//365 
f 967//367 966//366 525//366 
f 968//368 967//367 526//367 
f 969//369 968//368 715//368 
f 970//370 969//369 651//369 
f 971//371 970//370 652//370 
f 972//372 971//371 620//371 
f 973//373 972//372 621//372 
f 974//374 973//373 653//373 
f 975//375 974//374 622//374 
f 976//376 975//375 623//375 
f 977//377 976//376 654//376 
f 978//378 977//377 573//377 
f 979//379 978//378 574//378 
f 980//380 979//379 575//379 
f 576//380 527//381 981//382 
f 527//381 982//381 981//382 
f 983//383 982//381 527//381 
f 984//384 983//383 528//383 
f 985//385 984//384 529//384 
f 986//386 985//385 530//385 
f 577//387 987//387 988//388 
f 988//388 624//389 577//387 
f 989//390 987//387 577//387 
f 990//391 989//390 531//390 
f 991//392 990//391 532//391 
f 992//393 991//392 578//392 
f 993//394 992//393 579//393 
f 994//395 993//394 533//394 
f 995//396 994//395 534//395 
f 996//397 995//396 580//396 
f 997//398 996//397 581//397 
f 998//399 997//398 535//398 
f 999//400 998//399 479//399 
f 479//399 438//400 999//400 
f 535//398 479//399 998//399 
f 581//397 535//398 997//398 
f 580//396 581//397 996//397 
f 534//395 580//396 995//396 
f 533//394 534//395 994//395 
f 579//393 533//394 993//394 
f 578//392 579//393 992//393 
f 532//391 578//392 991//392 
f 531//390 532//391 990//391 
f 577//387 531//390 989//390 
f 988//388 986//386 624//389 
f 530//385 624//389 986//386 
f 529//384 530//385 985//385 
f 528//383 529//384 984//384 
f 527//381 528//383 983//383 
f 981//382 980//380 576//380 
f 575//379 576//380 980//380 
f 574//378 575//379 979//379 
f 573//377 574//378 978//378 
f 654//376 573//377 977//377 
f 623//375 654//376 976//376 
f 622//374 623//375 975//375 
f 653//373 622//374 974//374 
f 621//372 653//373 973//373 
f 620//371 621//372 972//372 
f 652//370 620//371 971//371 
f 651//369 652//370 970//370 
f 715//368 651//369 969//369 
f 526//367 715//368 968//368 
f 525//366 526//367 967//367 
f 572//365 525//366 966//366 
f 524//364 572//365 965//365 
f 523//363 524//364 964//364 
f 522//361 523//363 963//363 
f 961//362 960//360 521//360 
f 571//359 521//360 960//360 
f 570//358 571//359 959//359 
f 569//357 570//358 958//358 
f 520//356 569//357 957//357 
f 519//353 520//356 956//356 
f 955//354 953//351 650//355 
f 568//352 650//355 953//351 
f 567//350 568//352 952//349 
f 619//348 567//350 951//347 
f 768//346 619//348 950//345 
f 711//344 768//346 948//343 
o mesh5
f 1000//401 1001//402 665//402 
f 1002//403 1000//401 664//404 
f 1003//405 1002//403 722//406 
f 667//405 666//407 1004//408 
f 666//407 1005//407 1004//408 
f 495//409 1006//409 1007//410 
f 1007//410 666//407 495//409 
f 1008//411 1006//409 495//409 
f 1009//412 1008//411 494//411 
f 1010//413 1009//412 496//412 
f 548//413 549//414 1011//415 
f 549//414 1012//414 1011//415 
f 1013//416 1012//414 549//414 
f 1014//417 1013//416 498//416 
f 1015//418 1014//417 497//417 
f 1016//419 1015//418 499//418 
f 1017//420 1016//419 550//419 
f 1018//421 1017//420 430//420 
f 1019//422 1018//421 429//421 
f 1020//423 1019//422 431//422 
f 500//424 1021//425 1022//426 
f 1022//426 444//427 500//424 
f 500//424 1023//428 1021//425 
f 1024//429 1023//428 500//424 
f 1025//430 1024//429 501//429 
f 1026//431 1025//430 502//430 
f 1027//432 1026//431 503//431 
f 1028//433 1027//432 504//432 
f 1029//434 1028//433 551//433 
f 1030//435 1029//434 590//434 
f 591//435 592//436 1031//437 
f 592//436 1032//436 1031//437 
f 1033//438 1032//436 592//436 
f 1034//439 1033//438 593//438 
f 1035//440 1034//439 594//439 
f 1036//441 1035//440 595//440 
f 1037//442 1036//441 596//441 
f 1038//443 1037//442 597//442 
f 1039//444 1038//443 505//443 
f 1040//445 1039//444 506//444 
f 1041//446 1040//445 552//445 
f 1042//447 1041//446 553//446 
f 445//447 446//448 1043//449 
f 446//448 1044//448 1043//449 
f 1045//450 1044//448 446//448 
f 1046//451 1045//450 507//450 
f 629//452 1047//452 1048//453 
f 1048//453 628//454 629//452 
f 1049//455 1047//452 629//452 
f 1050//456 1049//455 630//455 
f 1051//457 1050//456 631//456 
f 631//456 668//457 1051//457 
f 630//455 631//456 1050//456 
f 629//452 630//455 1049//455 
f 1048//453 1046//451 628//454 
f 507//450 628//454 1046//451 
f 446//448 507//450 1045//450 
f 1043//449 1042//447 445//447 
f 553//446 445//447 1042//447 
f 552//445 553//446 1041//446 
f 506//444 552//445 1040//445 
f 505//443 506//444 1039//444 
f 597//442 505//443 1038//443 
f 596//441 597//442 1037//442 
f 595//440 596//441 1036//441 
f 594//439 595//440 1035//440 
f 593//438 594//439 1034//439 
f 592//436 593//438 1033//438 
f 1031//437 1030//435 591//435 
f 590//434 591//435 1030//435 
f 551//433 590//434 1029//434 
f 504//432 551//433 1028//433 
f 503//431 504//432 1027//432 
f 502//430 503//431 1026//431 
f 501//429 502//430 1025//430 
f 500//424 501//429 1024//429 
f 1022//426 1020//423 444//427 
f 431//422 444//427 1020//423 
f 429//421 431//422 1019//422 
f 430//420 429//421 1018//421 
f 550//419 430//420 1017//420 
f 499//418 550//419 1016//419 
f 497//417 499//418 1015//418 
f 498//416 497//417 1014//417 
f 549//414 498//416 1013//416 
f 1011//415 1010//413 548//413 
f 496//412 548//413 1010//413 
f 494//411 496//412 1009//412 
f 495//409 494//411 1008//411 
f 1007//410 1005//407 666//407 
f 1004//408 1003//405 667//405 
f 722//406 667//405 1003//405 
f 664//404 722//406 1002//403 
f 665//402 664//404 1000//401 
o mesh6
f 1052//458 636//458 604//459 
f 1053//459 604//459 602//460 
f 1054//460 602//460 600//461 
f 1055//461 600//461 556//462 
f 1056//462 556//462 598//463 
f 1057//463 598//463 634//464 
f 1058//464 634//464 633//465 
f 1059//465 633//465 671//466 
f 1060//466 671//466 670//467 
f 670//467 1061//467 1060//466 
f 671//466 1060//466 1059//465 
f 633//465 1059//465 1058//464 
f 634//464 1058//464 1057//463 
f 598//463 1057//463 1056//462 
f 556//462 1056//462 1055//461 
f 600//461 1055//461 1054//460 
f 602//460 1054//460 1053//459 
f 604//459 1053//459 1052//458 
o mesh7
f 1062//468 825//468 809//469 
f 1063//469 809//469 807//470 
f 1064//470 807//470 797//471 
f 1065//471 797//471 795//472 
f 1066//472 795//472 793//473 
f 1067//473 793//473 791//474 
f 1068//474 791//474 790//475 
f 820//476 1069//476 1070//477 
f 1070//477 790//475 820//476 
f 820//476 822//478 1071//479 
f 822//478 1072//478 1071//479 
f 1072//478 822//478 824//480 
f 1073//480 824//480 823//481 
f 1074//481 823//481 803//482 
f 1075//482 803//482 781//483 
f 1076//483 781//483 780//484 
f 1077//484 780//484 805//485 
f 804//486 1078//486 1079//487 
f 1079//487 805//485 804//486 
f 1078//486 804//486 814//488 
f 814//488 813//489 1080//490 
f 813//489 1081//489 1080//490 
f 1081//489 813//489 816//491 
f 1082//491 816//491 815//492 
f 1083//492 815//492 783//493 
f 1084//493 783//493 782//494 
f 782//494 785//495 1085//496 
f 785//495 1086//495 1085//496 
f 1086//495 785//495 784//497 
f 1087//497 784//497 536//498 
f 536//498 1088//498 1087//497 
f 784//497 1087//497 1086//495 
f 1085//496 1089//499 782//494 
f 782//494 1089//499 1084//493 
f 783//493 1084//493 1083//492 
f 815//492 1083//492 1082//491 
f 816//491 1082//491 1081//489 
f 1080//490 1090//500 814//488 
f 814//488 1090//500 1078//486 
f 1079//487 1091//501 805//485 
f 805//485 1091//501 1077//484 
f 780//484 1077//484 1076//483 
f 781//483 1076//483 1075//482 
f 803//482 1075//482 1074//481 
f 823//481 1074//481 1073//480 
f 824//480 1073//480 1072//478 
f 1071//479 1069//476 820//476 
f 1070//477 1092//502 790//475 
f 790//475 1092//502 1068//474 
f 791//474 1068//474 1067//473 
f 793//473 1067//473 1066//472 
f 795//472 1066//472 1065//471 
f 797//471 1065//471 1064//470 
f 807//470 1064//470 1063//469 
f 809//469 1063//469 1062//468 
o mesh8
f 1093//503 757//503 702//504 
f 1094//504 702//504 700//505 
f 1095//505 700//505 698//506 
f 1096//506 698//506 695//507 
f 1097//507 695//507 738//508 
f 1098//508 738//508 693//509 
f 1099//509 693//509 690//510 
f 1100//510 690//510 789//511 
f 786//512 1101//512 1102//513 
f 1102//513 789//511 786//512 
f 1101//512 786//512 818//514 
f 1103//514 818//514 827//515 
f 827//515 1104//515 1103//514 
f 818//514 1103//514 1101//512 
f 1102//513 1105//516 789//511 
f 789//511 1105//516 1100//510 
f 690//510 1100//510 1099//509 
f 693//509 1099//509 1098//508 
f 738//508 1098//508 1097//507 
f 695//507 1097//507 1096//506 
f 698//506 1096//506 1095//505 
f 700//505 1095//505 1094//504 
f 702//504 1094//504 1093//503 
o mesh9
f 1106//517 1107//518 770//518 
f 1108//519 1106//517 661//520 
f 1109//521 1108//519 584//522 
f 1110//523 1109//521 482//524 
f 1111//525 1110//523 481//526 
f 1112//527 1111//525 484//528 
f 1113//529 1112//527 540//530 
f 1114//531 1113//529 627//532 
f 1115//533 1114//531 585//534 
f 1116//535 1115//533 543//536 
f 1117//537 1116//535 588//538 
f 1118//539 1117//537 589//540 
f 1119//541 1118//539 545//542 
f 1120//543 1119//541 487//544 
f 490//545 1121//545 1122//546 
f 1122//546 489//547 490//545 
f 1123//548 1121//545 490//545 
f 1124//549 1123//548 441//548 
f 1125//550 1124//549 417//549 
f 1126//551 1125//550 416//550 
f 421//552 1127//552 1128//553 
f 1128//553 419//554 421//552 
f 1129//555 1127//552 421//552 
f 1130//556 1129//555 423//555 
f 1131//557 1130//556 426//556 
f 1132//558 1131//557 425//557 
f 1133//559 1132//558 428//558 
f 547//559 493//560 1134//561 
f 493//560 1135//560 1134//561 
f 1136//562 1135//560 493//560 
f 1137//563 1136//562 663//562 
f 1138//564 1137//563 720//563 
f 1139//565 1138//564 721//564 
f 1140//566 1139//565 719//565 
f 656//566 655//567 1141//568 
f 655//567 1142//567 1141//568 
f 1143//569 1142//567 655//567 
f 1144//570 1143//569 625//569 
f 1145//571 1144//570 538//570 
f 1146//572 1145//571 537//571 
f 657//573 1147//573 1148//574 
f 1148//574 582//575 657//573 
f 1149//576 1147//573 657//573 
f 1150//577 1149//576 716//576 
f 1151//578 1150//577 659//577 
f 1152//579 1151//578 658//578 
f 1153//580 1152//579 718//579 
f 1154//581 1153//580 717//580 
f 717//580 747//581 1154//581 
f 718//579 717//580 1153//580 
f 658//578 718//579 1152//579 
f 659//577 658//578 1151//578 
f 716//576 659//577 1150//577 
f 657//573 716//576 1149//576 
f 1148//574 1146//572 582//575 
f 537//571 582//575 1146//572 
f 538//570 537//571 1145//571 
f 625//569 538//570 1144//570 
f 655//567 625//569 1143//569 
f 1141//568 1140//566 656//566 
f 719//565 656//566 1140//566 
f 721//564 719//565 1139//565 
f 720//563 721//564 1138//564 
f 663//562 720//563 1137//563 
f 493//560 663//562 1136//562 
f 1134//561 1133//559 547//559 
f 428//558 547//559 1133//559 
f 425//557 428//558 1132//558 
f 426//556 425//557 1131//557 
f 423//555 426//556 1130//556 
f 421//552 423//555 1129//555 
f 1128//553 1126//551 419//554 
f 416//550 419//554 1126//551 
f 417//549 416//550 1125//550 
f 441//548 417//549 1124//549 
f 490//545 441//548 1123//548 
f 1122//546 1120//543 489//547 
f 487//544 489//547 1120//543 
f 545//542 487//544 1119//541 
f 589//540 545//542 1118//539 
f 588//538 589//540 1117//537 
f 543//536 588//538 1116//535 
f 585//534 543//536 1115//533 
f 627//532 585//534 1114//531 
f 540//530 627//532 1113//529 
f 484//528 540//530 1112//527 
f 481//526 484//528 1111//525 
f 482//524 481//526 1110//523 
f 584//522 482//524 1109//521 
f 661//520 584//522 1108//519 
f 770//518 661//520 1106//517 
o mesh10
f 817//582 806//582 1155//582 
f 806//582 1156//582 1155//582 
f 1155//582 1157//582 817//582 
o mesh11
f 1158//583 1159//584 819//584 
f 787//585 1160//585 1161//586 
f 1161//586 788//587 787//585 
f 1162//588 1160//585 787//585 
f 1163//589 1162//588 692//588 
f 1164//590 1163//589 691//589 
f 1165//591 1164//590 694//590 
f 1166//592 1165//591 697//591 
f 1167//593 1166//592 696//592 
f 1168//594 1167//593 699//593 
f 1169//595 1168//594 701//594 
f 1170//596 1169//595 703//595 
f 1171//597 1170//596 758//596 
f 759//598 1172//598 1173//599 
f 1173//599 760//600 759//598 
f 817//601 1157//601 1174//602 
f 1174//602 759//598 817//601 
f 1174//602 1172//598 759//598 
f 1173//599 1171//597 760//600 
f 758//596 760//600 1171//597 
f 703//595 758//596 1170//596 
f 701//594 703//595 1169//595 
f 699//593 701//594 1168//594 
f 696//592 699//593 1167//593 
f 697//591 696//592 1166//592 
f 694//590 697//591 1165//591 
f 691//589 694//590 1164//590 
f 692//588 691//589 1163//589 
f 787//585 692//588 1162//588 
f 1161//586 1158//583 788//587 
f 819//584 788//587 1158//583 
o mesh12
f 819//603 1159//603 1104//603 
f 1104//603 827//603 819//603 
o mesh13
f 711//604 949//604 1175//604 
f 1175//604 828//604 711//604 
o mesh14
f 477//605 475//606 1176//607 
f 475//606 1177//606 1176//607 
f 1177//606 475//606 474//608 
f 1178//608 474//608 516//609 
f 472//610 1179//610 1180//611 
f 1180//611 516//609 472//610 
f 1179//610 472//610 470//612 
f 1181//612 470//612 468//613 
f 466//614 1182//614 1183//615 
f 1183//615 468//613 466//614 
f 1182//614 466//614 465//616 
f 1184//616 465//616 513//617 
f 1185//617 513//617 463//618 
f 1186//618 463//618 461//619 
f 459//620 1187//620 1188//621 
f 1188//621 461//619 459//620 
f 1187//620 459//620 457//622 
f 1189//622 457//622 456//623 
f 1190//623 456//623 454//624 
f 1191//624 454//624 436//625 
f 1192//625 436//625 433//626 
f 1193//626 433//626 453//627 
f 1194//627 453//627 451//628 
f 1195//628 451//628 448//629 
f 511//630 1196//630 1197//631 
f 1197//631 448//629 511//630 
f 564//632 1198//632 1199//633 
f 1199//633 511//630 564//632 
f 1198//632 564//632 618//634 
f 1200//634 618//634 616//635 
f 1201//635 616//635 614//636 
f 1202//636 614//636 611//637 
f 1203//637 611//637 712//638 
f 1204//638 712//638 766//639 
f 1205//639 766//639 811//640 
f 811//640 1206//640 1205//639 
f 766//639 1205//639 1204//638 
f 712//638 1204//638 1203//637 
f 611//637 1203//637 1202//636 
f 614//636 1202//636 1201//635 
f 616//635 1201//635 1200//634 
f 618//634 1200//634 1198//632 
f 1199//633 1196//630 511//630 
f 1197//631 1207//641 448//629 
f 448//629 1207//641 1195//628 
f 451//628 1195//628 1194//627 
f 453//627 1194//627 1193//626 
f 433//626 1193//626 1192//625 
f 436//625 1192//625 1191//624 
f 454//624 1191//624 1190//623 
f 456//623 1190//623 1189//622 
f 457//622 1189//622 1187//620 
f 1188//621 1208//642 461//619 
f 461//619 1208//642 1186//618 
f 463//618 1186//618 1185//617 
f 513//617 1185//617 1184//616 
f 465//616 1184//616 1182//614 
f 1183//615 1209//643 468//613 
f 468//613 1209//643 1181//612 
f 470//612 1181//612 1179//610 
f 1180//611 1210//644 516//609 
f 516//609 1210//644 1178//608 
f 474//608 1178//608 1177//606 
f 1176//607 1211//645 477//605 
o mesh15
f 1212//646 1206//646 811//646 
f 811//646 767//646 1212//646 
o mesh16
f 1213//647 1212//648 767//648 
f 1214//649 1213//647 713//650 
f 1215//651 1214//649 613//652 
f 1216//653 1215//651 612//654 
f 1217//655 1216//653 615//656 
f 1218//657 1217//655 617//658 
f 1219//659 1218//657 565//660 
f 512//659 450//661 1220//662 
f 450//661 1221//661 1220//662 
f 450//661 449//663 1222//664 
f 449//663 1223//663 1222//664 
f 1224//665 1223//663 449//663 
f 1225//666 1224//665 452//665 
f 1226//667 1225//666 435//666 
f 1227//668 1226//667 434//667 
f 1228//669 1227//668 437//668 
f 1229//670 1228//669 455//669 
f 1230//671 1229//670 458//670 
f 1231//672 1230//671 460//671 
f 1232//673 1231//672 462//672 
f 514//674 1233//674 1234//675 
f 1234//675 464//676 514//674 
f 1235//677 1233//674 514//674 
f 1236//678 1235//677 515//677 
f 467//678 469//679 1237//680 
f 469//679 1238//679 1237//680 
f 1239//681 1238//679 469//679 
f 473//682 1240//682 1241//683 
f 1241//683 471//684 473//682 
f 1242//685 1240//682 473//682 
f 1243//686 1242//685 517//685 
f 1244//687 1243//686 518//686 
f 1245//688 1244//687 476//687 
f 1246//689 1245//688 478//688 
f 566//689 714//690 1247//691 
f 714//690 1248//690 1247//691 
f 1249//692 1248//690 714//690 
f 1175//693 1249//692 710//692 
f 710//692 828//693 1175//693 
f 714//690 710//692 1249//692 
f 1247//691 1246//689 566//689 
f 478//688 566//689 1246//689 
f 476//687 478//688 1245//688 
f 518//686 476//687 1244//687 
f 517//685 518//686 1243//686 
f 473//682 517//685 1242//685 
f 1241//683 1239//681 471//684 
f 469//679 471//684 1239//681 
f 1237//680 1236//678 467//678 
f 515//677 467//678 1236//678 
f 514//674 515//677 1235//677 
f 1234//675 1232//673 464//676 
f 462//672 464//676 1232//673 
f 460//671 462//672 1231//672 
f 458//670 460//671 1230//671 
f 455//669 458//670 1229//670 
f 437//668 455//669 1228//669 
f 434//667 437//668 1227//668 
f 435//666 434//667 1226//667 
f 452//665 435//666 1225//666 
f 449//663 452//665 1224//665 
f 1222//664 1221//661 450//661 
f 1220//662 1219//659 512//659 
f 565//660 512//659 1219//659 
f 617//658 565//660 1218//657 
f 615//656 617//658 1217//655 
f 612//654 615//656 1216//653 
f 613//652 612//654 1215//651 
f 713//650 613//652 1214//649 
f 767//648 713//650 1213//647 
o mesh17
f 636//694 1052//694 1250//694 
f 1250//694 603//694 636//694 
o mesh18
f 1251//695 1051//695 668//695 
f 668//695 725//695 1251//695 
o mesh19
f 1252//696 1251//697 725//697 
f 1253//698 1252//696 724//699 
f 1254//700 1253//698 748//701 
f 1255//702 1254//700 723//703 
f 1256//704 1255//702 669//705 
f 672//704 632//706 1257//707 
f 632//706 1258//706 1257//707 
f 1259//708 1258//706 632//706 
f 1260//709 1259//708 635//708 
f 1261//710 1260//709 555//709 
f 1262//711 1261//710 554//710 
f 1263//712 1262//711 599//711 
f 1250//713 1263//712 601//712 
f 601//712 603//713 1250//713 
f 599//711 601//712 1263//712 
f 554//710 599//711 1262//711 
f 555//709 554//710 1261//710 
f 635//708 555//709 1260//709 
f 632//706 635//708 1259//708 
f 1257//707 1256//704 672//704 
f 669//705 672//704 1256//704 
f 723//703 669//705 1255//702 
f 748//701 723//703 1254//700 
f 724//699 748//701 1253//698 
f 725//697 724//699 1252//696 
o mesh20
f 825//714 1062//714 1264//714 
f 1264//714 826//714 825//714 
f 1264//714 1265//714 826//714 
o mesh21
f 1266//715 662//715 492//716 
f 1267//716 492//716 491//717 
f 1268//717 491//717 546//718 
f 1269//718 546//718 427//719 
f 1270//719 427//719 424//720 
f 1271//720 424//720 443//721 
f 1272//721 443//721 422//722 
f 1273//722 422//722 420//723 
f 1274//723 420//723 418//724 
f 1275//724 418//724 415//725 
f 442//726 1276//726 1277//727 
f 1277//727 415//725 442//726 
f 1276//726 442//726 440//728 
f 1278//728 440//728 439//729 
f 1279//729 439//729 488//730 
f 488//730 486//731 1280//732 
f 486//731 1281//731 1280//732 
f 1281//731 486//731 485//733 
f 1282//733 485//733 544//734 
f 1283//734 544//734 587//735 
f 1284//735 587//735 542//736 
f 1285//736 542//736 541//737 
f 1286//737 541//737 586//738 
f 1287//738 586//738 626//739 
f 1288//739 626//739 539//740 
f 1289//740 539//740 483//741 
f 1290//741 483//741 480//742 
f 1291//742 480//742 583//743 
f 1292//743 583//743 660//744 
f 1293//744 660//744 769//745 
f 1294//745 769//745 812//746 
f 812//746 1295//746 1294//745 
f 769//745 1294//745 1293//744 
f 660//744 1293//744 1292//743 
f 583//743 1292//743 1291//742 
f 480//742 1291//742 1290//741 
f 483//741 1290//741 1289//740 
f 539//740 1289//740 1288//739 
f 626//739 1288//739 1287//738 
f 586//738 1287//738 1286//737 
f 541//737 1286//737 1285//736 
f 542//736 1285//736 1284//735 
f 587//735 1284//735 1283//734 
f 544//734 1283//734 1282//733 
f 485//733 1282//733 1281//731 
f 1280//732 1296//747 488//730 
f 488//730 1296//747 1279//729 
f 439//729 1279//729 1278//728 
f 440//728 1278//728 1276//726 
f 1277//727 1297//748 415//725 
f 415//725 1297//748 1275//724 
f 418//724 1275//724 1274//723 
f 420//723 1274//723 1273//722 
f 422//722 1273//722 1272//721 
f 443//721 1272//721 1271//720 
f 424//720 1271//720 1270//719 
f 427//719 1270//719 1269//718 
f 546//718 1269//718 1268//717 
f 491//717 1268//717 1267//716 
f 492//716 1267//716 1266//715 
o mesh22
f 1107//749 1295//749 812//749 
f 812//749 770//749 1107//749 
o mesh23
f 821//750 1298//750 1299//751 
f 1299//751 806//752 821//750 
f 1300//753 1298//750 821//750 
f 1301//754 1300//753 792//753 
f 1302//755 1301//754 794//754 
f 1303//756 1302//755 796//755 
f 1304//757 1303//756 798//756 
f 1305//758 1304//757 808//757 
f 1265//759 1305//758 810//758 
f 810//758 826//759 1265//759 
f 808//757 810//758 1305//758 
f 798//756 808//757 1304//757 
f 796//755 798//756 1303//756 
f 794//754 796//755 1302//755 
f 792//753 794//754 1301//754 
f 821//750 792//753 1300//753 
f 1299//751 1156//760 806//752 
o mesh24
f 747//761 757//761 1093//761 
f 1093//761 1154//761 747//761 
o mesh25
f 1061//762 670//762 509//762 
f 509//762 830//762 1061//762 
o mesh26
f 536//763 665//763 1001//763 
f 1001//763 1088//763 536//763 
o mesh27
f 662//764 1266//764 999//764 
f 999//764 438//764 662//764 
o mesh28
f 947//765 765//765 477//765 
f 477//765 1211//765 947//765 
o mesh29
f 2354//766 2355//766 1306//766 
f 2355//766 1307//766 1306//766 
f 1308//766 1309//766 1310//766 
f 1308//766 1311//766 1309//766 
f 1312//766 1313//766 1314//766 
f 1314//766 1308//766 1312//766 
f 1312//766 1315//766 1316//766 
f 1317//766 1312//766 1318//766 
f 1312//766 1319//766 1313//766 
f 1312//766 1320//766 1315//766 
f 1312//766 1321//766 1322//766 
f 1318//766 1323//766 1317//766 
f 1316//766 1319//766 1312//766 
f 1312//766 1317//766 1321//766 
f 1323//766 1324//766 1317//766 
f 1322//766 1320//766 1312//766 
f 1310//766 1312//766 1308//766 
f 1325//766 1326//766 1317//766 
f 1327//766 1328//766 1329//766 
f 1327//766 1330//766 1331//766 
f 1332//766 1333//766 1334//766 
f 1326//766 1335//766 1333//766 
f 1336//766 1329//766 1337//766 
f 1331//766 1328//766 1327//766 
f 1333//766 1332//766 1326//766 
f 1329//766 1336//766 1327//766 
f 1330//766 1338//766 1334//766 
f 1326//766 1339//766 1335//766 
f 1326//766 1340//766 1341//766 
f 1326//766 1342//766 1343//766 
f 1334//766 1331//766 1330//766 
f 1341//766 1339//766 1326//766 
f 1326//766 1344//766 1342//766 
f 1334//766 1338//766 1332//766 
f 1343//766 1345//766 1326//766 
f 1326//766 1325//766 1346//766 
f 1345//766 1340//766 1326//766 
f 1325//766 1347//766 1346//766 
f 1346//766 1344//766 1326//766 
f 1325//766 1348//766 1349//766 
f 1325//766 1350//766 1351//766 
f 1337//766 1352//766 1353//766 
f 1325//766 1354//766 1347//766 
f 1325//766 1355//766 1348//766 
f 1351//766 1356//766 1325//766 
f 1357//766 1358//766 1359//766 
f 1360//766 1361//766 1358//766 
f 1362//766 1363//766 1364//766 
f 1337//766 1365//766 1336//766 
f 1356//766 1355//766 1325//766 
f 1325//766 1366//766 1367//766 
f 1368//766 1359//766 1367//766 
f 1358//766 1357//766 1360//766 
f 1369//766 1370//766 1361//766 
f 1363//766 1362//766 1370//766 
f 1364//766 1371//766 1372//766 
f 1352//766 1373//766 1374//766 
f 1352//766 1375//766 1376//766 
f 1349//766 1354//766 1325//766 
f 1367//766 1366//766 1368//766 
f 1361//766 1360//766 1369//766 
f 1364//766 1372//766 1362//766 
f 1352//766 1377//766 1378//766 
f 1376//766 1373//766 1352//766 
f 1367//766 1350//766 1325//766 
f 1370//766 1369//766 1363//766 
f 1364//766 1379//766 1380//766 
f 1374//766 1377//766 1352//766 
f 1359//766 1368//766 1357//766 
f 1364//766 1381//766 1382//766 
f 1364//766 1383//766 1379//766 
f 1352//766 1384//766 1375//766 
f 1382//766 1371//766 1364//766 
f 1364//766 1385//766 1383//766 
f 2356//766 1353//766 1352//766 
f 1380//766 1381//766 1364//766 
f 1353//766 1365//766 1337//766 
f 2357//766 1386//766 1387//766 
f 2357//766 1388//766 1389//766 
f 2357//766 1390//766 1386//766 
f 2357//766 1391//766 1392//766 
f 1389//766 1393//766 2357//766 
f 1392//766 1390//766 2357//766 
f 1387//766 1388//766 2357//766 
f 1394//766 1395//766 1396//766 
f 1394//766 1397//766 1395//766 
f 1394//766 1398//766 1397//766 
f 1399//766 1400//766 1401//766 
f 1399//766 1394//766 1402//766 
f 1394//766 1399//766 1398//766 
f 1402//766 1400//766 1399//766 
f 1403//766 1404//766 1405//766 
f 1401//766 1406//766 1399//766 
f 1405//766 1407//766 1403//766 
f 1403//766 1408//766 1409//766 
f 1407//766 1394//766 1403//766 
f 1403//766 1410//766 1408//766 
f 1409//766 1404//766 1403//766 
f 1396//766 1403//766 1394//766 
f 2358//766 1411//766 1412//766 
f 2358//766 1413//766 1411//766 
f 2358//766 1414//766 1413//766 
f 2358//766 1415//766 1416//766 
f 1416//766 1414//766 2358//766 
f 2358//766 1417//766 1415//766 
f 1412//766 2359//766 2358//766 
f 2360//766 1418//766 1419//766 
f 1419//766 1420//766 2360//766 
f 2361//766 1421//766 1422//766 
f 2361//766 1423//766 1424//766 
f 2361//766 1425//766 1426//766 
f 1424//766 1421//766 2361//766 
f 1422//766 1425//766 2361//766 
f 1426//766 1427//766 2361//766 
f 2362//766 1428//766 1429//766 
f 2362//766 1430//766 1428//766 
f 2363//766 1431//766 1432//766 
f 2363//766 1433//766 1431//766 
f 2363//766 1434//766 1433//766 
f 2363//766 1435//766 1436//766 
f 2363//766 1437//766 1438//766 
f 2363//766 1439//766 1434//766 
f 1438//766 1435//766 2363//766 
f 2363//766 1440//766 1441//766 
f 2364//766 1432//766 1442//766 
f 1436//766 1439//766 2363//766 
f 2363//766 1443//766 1440//766 
f 1442//766 1444//766 2364//766 
f 1441//766 1437//766 2363//766 
f 1432//766 2364//766 2363//766 
f 2365//766 1445//766 1446//766 
f 2365//766 1447//766 1445//766 
f 2358//766 2359//766 1448//766 
f 2359//766 1449//766 1450//766 
f 2359//766 1451//766 1448//766 
f 2359//766 1452//766 1449//766 
f 2359//766 2365//766 1453//766 
f 2359//766 1454//766 1451//766 
f 1453//766 1452//766 2359//766 
f 1450//766 1454//766 2359//766 
f 2366//766 1455//766 1456//766 
f 1457//766 1458//766 1459//766 
f 1459//766 1460//766 1461//766 
f 1461//766 1462//766 1459//766 
f 1459//766 1463//766 1464//766 
f 1464//766 1460//766 1459//766 
f 1459//766 2366//766 1465//766 
f 1465//766 1463//766 1459//766 
f 1466//766 1467//766 1458//766 
f 1468//766 1469//766 1470//766 
f 1468//766 2367//766 1471//766 
f 1458//766 1457//766 1466//766 
f 1472//766 1470//766 1467//766 
f 1468//766 1473//766 1469//766 
f 1471//766 1474//766 1468//766 
f 1467//766 1466//766 1472//766 
f 1474//766 1473//766 1468//766 
f 1470//766 1472//766 1468//766 
f 2367//766 1306//766 1471//766 
f 2367//766 1475//766 1476//766 
f 2367//766 1477//766 1478//766 
f 2367//766 1468//766 1479//766 
f 1478//766 1475//766 2367//766 
f 1479//766 1480//766 2367//766 
f 1480//766 1477//766 2367//766 
f 2354//766 2367//766 1481//766 
f 1481//766 1482//766 2354//766 
f 1483//766 1484//766 1485//766 
f 1485//766 1486//766 1483//766 
f 2354//766 1487//766 1488//766 
f 1483//766 1488//766 1484//766 
f 2354//766 1489//766 1487//766 
f 2354//766 1490//766 1491//766 
f 1486//766 1492//766 1483//766 
f 1491//766 1489//766 2354//766 
f 1488//766 1483//766 2354//766 
f 2355//766 1493//766 1494//766 
f 1494//766 1495//766 2355//766 
f 2355//766 1496//766 1497//766 
f 2355//766 1498//766 1493//766 
f 1495//766 1496//766 2355//766 
f 2354//766 1483//766 1498//766 
f 1498//766 2355//766 2354//766 
f 2356//766 1499//766 1500//766 
f 2368//766 1501//766 1502//766 
f 2356//766 1503//766 1504//766 
f 1500//766 1505//766 2356//766 
f 1506//766 1507//766 1500//766 
f 1502//766 1508//766 2368//766 
f 1505//766 1503//766 2356//766 
f 1506//766 2368//766 1507//766 
f 2368//766 1509//766 1501//766 
f 1500//766 1499//766 1506//766 
f 1508//766 1510//766 2368//766 
f 1510//766 1507//766 2368//766 
f 1506//766 1511//766 1512//766 
f 1506//766 1513//766 1514//766 
f 1514//766 1511//766 1506//766 
f 1506//766 1515//766 1516//766 
f 1516//766 1513//766 1506//766 
f 1506//766 1517//766 1518//766 
f 1512//766 1519//766 1506//766 
f 1506//766 1520//766 1521//766 
f 1519//766 1517//766 1506//766 
f 1518//766 1520//766 1506//766 
f 2368//766 1522//766 1523//766 
f 1523//766 1524//766 2368//766 
f 2368//766 1521//766 1525//766 
f 1525//766 1522//766 2368//766 
f 1526//766 1527//766 1509//766 
f 1526//766 1528//766 1529//766 
f 1509//766 1530//766 1531//766 
f 1509//766 2368//766 1532//766 
f 1529//766 1533//766 1534//766 
f 1529//766 1527//766 1526//766 
f 1532//766 1530//766 1509//766 
f 1528//766 1533//766 1529//766 
f 1534//766 1535//766 1529//766 
f 1536//766 1537//766 1538//766 
f 1536//766 1539//766 1537//766 
f 1536//766 1540//766 1541//766 
f 1536//766 1542//766 1539//766 
f 1536//766 1543//766 1544//766 
f 1538//766 1540//766 1536//766 
f 1541//766 1543//766 1536//766 
f 1544//766 1545//766 1536//766 
f 2369//766 1546//766 1547//766 
f 1547//766 1548//766 2369//766 
f 2370//766 1549//766 1550//766 
f 1550//766 1551//766 2370//766 
f 2370//766 1552//766 1553//766 
f 1553//766 1549//766 2370//766 
f 1554//766 1555//766 1556//766 
f 1557//766 1558//766 1559//766 
f 1558//766 1560//766 1561//766 
f 1556//766 2370//766 1554//766 
f 1561//766 1559//766 1558//766 
f 1560//766 1562//766 1563//766 
f 1562//766 1564//766 1565//766 
f 1559//766 1555//766 1557//766 
f 1565//766 1563//766 1562//766 
f 1564//766 1566//766 1567//766 
f 1563//766 1561//766 1560//766 
f 1567//766 1565//766 1564//766 
f 1567//766 1568//766 1565//766 
f 2370//766 1569//766 1570//766 
f 2370//766 1571//766 1572//766 
f 1570//766 1573//766 2370//766 
f 1573//766 1571//766 2370//766 
f 2370//766 1556//766 1574//766 
f 1574//766 1569//766 2370//766 
f 1575//766 1576//766 1577//766 
f 1577//766 1578//766 1579//766 
f 1577//766 1580//766 1578//766 
f 1581//766 1582//766 1576//766 
f 1583//766 1584//766 1552//766 
f 1585//766 1583//766 1586//766 
f 1576//766 1575//766 1581//766 
f 1587//766 1586//766 1582//766 
f 1583//766 1588//766 1584//766 
f 1586//766 1587//766 1585//766 
f 1582//766 1581//766 1587//766 
f 1585//766 1588//766 1583//766 
f 1552//766 2370//766 1583//766 
f 2371//766 1589//766 1590//766 
f 2371//766 1591//766 1592//766 
f 2371//766 1593//766 1594//766 
f 2371//766 1595//766 1596//766 
f 1592//766 1589//766 2371//766 
f 1597//766 1598//766 1599//766 
f 1600//766 1601//766 1602//766 
f 2372//766 1594//766 1603//766 
f 2371//766 1604//766 1593//766 
f 1590//766 1595//766 2371//766 
f 1597//766 1605//766 1606//766 
f 1597//766 1607//766 1598//766 
f 1597//766 1608//766 1609//766 
f 1597//766 1610//766 1611//766 
f 1612//766 1613//766 1614//766 
f 1600//766 1615//766 1601//766 
f 2372//766 1616//766 1617//766 
f 1594//766 2372//766 2371//766 
f 1596//766 1618//766 2371//766 
f 1599//766 1605//766 1597//766 
f 1611//766 1608//766 1597//766 
f 1597//766 1619//766 1620//766 
f 1614//766 1621//766 1612//766 
f 1600//766 1622//766 1615//766 
f 1600//766 1623//766 1624//766 
f 1600//766 1625//766 1626//766 
f 1617//766 1627//766 2372//766 
f 1618//766 1604//766 2371//766 
f 1609//766 1607//766 1597//766 
f 1597//766 1600//766 1619//766 
f 1628//766 1629//766 1597//766 
f 1612//766 1630//766 1613//766 
f 1612//766 1631//766 1632//766 
f 1628//766 1633//766 1634//766 
f 1628//766 1635//766 1636//766 
f 1624//766 1622//766 1600//766 
f 1600//766 1637//766 1638//766 
f 1600//766 1597//766 1625//766 
f 2372//766 1639//766 1640//766 
f 1603//766 1616//766 2372//766 
f 1620//766 1610//766 1597//766 
f 1597//766 1635//766 1628//766 
f 1612//766 1641//766 1642//766 
f 1632//766 1630//766 1612//766 
f 1643//766 1644//766 1628//766 
f 1636//766 1633//766 1628//766 
f 1600//766 1645//766 1623//766 
f 1626//766 1637//766 1600//766 
f 1627//766 1639//766 2372//766 
f 2371//766 1646//766 1647//766 
f 1628//766 1612//766 1629//766 
f 1621//766 1641//766 1612//766 
f 1634//766 1648//766 1628//766 
f 1649//766 1650//766 1644//766 
f 1650//766 1649//766 1580//766 
f 1580//766 1577//766 1651//766 
f 1638//766 1645//766 1600//766 
f 1652//766 2372//766 1653//766 
f 1647//766 1591//766 2371//766 
f 1642//766 1629//766 1612//766 
f 1644//766 1643//766 1649//766 
f 1651//766 1654//766 1580//766 
f 1653//766 1600//766 1652//766 
f 1640//766 1655//766 2372//766 
f 1606//766 1635//766 1597//766 
f 1580//766 1654//766 1650//766 
f 1655//766 1653//766 2372//766 
f 1628//766 1648//766 1643//766 
f 1612//766 1656//766 1631//766 
f 1631//766 1657//766 1658//766 
f 1631//766 1659//766 1657//766 
f 1656//766 1660//766 1661//766 
f 1631//766 1661//766 1659//766 
f 1656//766 1662//766 1660//766 
f 1663//766 1664//766 1665//766 
f 1666//766 1667//766 1535//766 
f 1668//766 1669//766 1666//766 
f 1670//766 1671//766 1669//766 
f 1672//766 1673//766 1671//766 
f 1661//766 1631//766 1656//766 
f 1674//766 1675//766 1676//766 
f 1675//766 1677//766 1678//766 
f 1679//766 1665//766 1678//766 
f 1665//766 1679//766 1663//766 
f 1680//766 1681//766 1682//766 
f 1535//766 1683//766 1666//766 
f 1669//766 1668//766 1670//766 
f 1671//766 1670//766 1672//766 
f 1658//766 1684//766 1631//766 
f 1656//766 1685//766 1686//766 
f 1656//766 1687//766 1688//766 
f 1689//766 1656//766 1674//766 
f 1678//766 1677//766 1679//766 
f 1682//766 1664//766 1680//766 
f 1667//766 1690//766 1535//766 
f 1672//766 1631//766 1673//766 
f 1631//766 1691//766 1692//766 
f 1686//766 1662//766 1656//766 
f 1656//766 1689//766 1687//766 
f 1678//766 1676//766 1675//766 
f 1680//766 1693//766 1681//766 
f 1690//766 1694//766 1535//766 
f 1692//766 1673//766 1631//766 
f 1688//766 1685//766 1656//766 
f 1663//766 1680//766 1664//766 
f 1666//766 1683//766 1668//766 
f 1676//766 1689//766 1674//766 
f 1684//766 1691//766 1631//766 
f 1695//766 1696//766 1697//766 
f 1698//766 1695//766 1699//766 
f 1697//766 1700//766 1701//766 
f 1697//766 1702//766 1703//766 
f 1697//766 1699//766 1695//766 
f 1693//766 1704//766 1698//766 
f 1693//766 1680//766 1705//766 
f 1697//766 1706//766 1700//766 
f 1696//766 1702//766 1697//766 
f 1705//766 1704//766 1693//766 
f 1703//766 1706//766 1697//766 
f 1701//766 2373//766 1697//766 
f 2373//766 1701//766 1707//766 
f 1708//766 1709//766 1710//766 
f 1710//766 1711//766 1708//766 
f 1708//766 1712//766 1713//766 
f 1708//766 1714//766 1709//766 
f 1713//766 1715//766 1708//766 
f 2373//766 1716//766 1712//766 
f 1711//766 1717//766 1708//766 
f 1712//766 1708//766 2373//766 
f 1715//766 1714//766 1708//766 
f 1717//766 1718//766 1708//766 
f 1719//766 1720//766 1721//766 
f 1722//766 1723//766 1724//766 
f 1719//766 1723//766 1722//766 
f 1725//766 1708//766 1719//766 
f 1385//766 1726//766 1727//766 
f 1721//766 1728//766 1719//766 
f 1719//766 1729//766 1730//766 
f 1722//766 1731//766 1719//766 
f 1719//766 1385//766 1725//766 
f 1385//766 1364//766 1726//766 
f 2373//766 1732//766 1733//766 
f 1730//766 1720//766 1719//766 
f 1724//766 1734//766 1722//766 
f 1725//766 1732//766 1708//766 
f 1727//766 1735//766 1385//766 
f 2373//766 1736//766 1737//766 
f 1733//766 1738//766 2373//766 
f 1731//766 1729//766 1719//766 
f 1735//766 1725//766 1385//766 
f 1738//766 1736//766 2373//766 
f 1732//766 2373//766 1708//766 
f 1728//766 1385//766 1719//766 
f 1739//766 1740//766 1741//766 
f 1741//766 1742//766 1739//766 
f 1743//766 1744//766 1739//766 
f 1745//766 1739//766 1746//766 
f 1745//766 1747//766 1748//766 
f 1749//766 1750//766 1734//766 
f 1751//766 1752//766 1753//766 
f 1739//766 1754//766 1740//766 
f 1739//766 1755//766 1743//766 
f 1745//766 1756//766 1757//766 
f 1745//766 1758//766 1739//766 
f 1745//766 1759//766 1747//766 
f 1734//766 1750//766 1760//766 
f 1753//766 1749//766 1751//766 
f 1752//766 1743//766 1755//766 
f 1744//766 1754//766 1739//766 
f 1761//766 1762//766 1763//766 
f 1746//766 1756//766 1745//766 
f 1745//766 1764//766 1759//766 
f 1745//766 1765//766 1766//766 
f 1734//766 1751//766 1749//766 
f 1742//766 1746//766 1739//766 
f 1757//766 1761//766 1745//766 
f 1766//766 1764//766 1745//766 
f 1755//766 1753//766 1752//766 
f 1748//766 1758//766 1745//766 
f 1763//766 1745//766 1761//766 
f 1765//766 1745//766 1767//766 
f 1765//766 1768//766 1769//766 
f 1745//766 1770//766 1767//766 
f 1771//766 1772//766 1773//766 
f 1767//766 1768//766 1765//766 
f 1745//766 1774//766 1775//766 
f 1745//766 1776//766 1777//766 
f 1778//766 1779//766 1780//766 
f 1778//766 1781//766 1782//766 
f 1773//766 1783//766 1778//766 
f 1773//766 1784//766 1771//766 
f 1765//766 1785//766 1786//766 
f 1765//766 1787//766 1788//766 
f 1775//766 1770//766 1745//766 
f 1777//766 1789//766 1745//766 
f 1782//766 1779//766 1778//766 
f 1771//766 1765//766 1772//766 
f 1788//766 1785//766 1765//766 
f 1789//766 1774//766 1745//766 
f 1780//766 1790//766 1778//766 
f 1778//766 1784//766 1773//766 
f 1765//766 1791//766 1787//766 
f 1745//766 1792//766 1776//766 
f 1783//766 1781//766 1778//766 
f 1769//766 1791//766 1765//766 
f 1786//766 1772//766 1765//766 
f 1793//766 1794//766 1795//766 
f 1796//766 1797//766 1798//766 
f 1799//766 1800//766 1801//766 
f 1802//766 1803//766 1804//766 
f 1805//766 1806//766 1803//766 
f 1793//766 1807//766 1794//766 
f 1793//766 1808//766 1809//766 
f 1808//766 1793//766 1810//766 
f 1799//766 1811//766 1796//766 
f 1800//766 1812//766 1801//766 
f 1800//766 1813//766 1814//766 
f 1815//766 1804//766 1816//766 
f 1803//766 1802//766 1805//766 
f 1795//766 1817//766 1793//766 
f 1810//766 1818//766 1808//766 
f 1801//766 1811//766 1799//766 
f 1814//766 1819//766 1800//766 
f 1804//766 1815//766 1802//766 
f 1820//766 1821//766 1806//766 
f 1822//766 1823//766 1824//766 
f 1825//766 1826//766 1823//766 
f 1818//766 1810//766 1826//766 
f 1809//766 1807//766 1793//766 
f 1800//766 1827//766 1828//766 
f 1819//766 1812//766 1800//766 
f 1800//766 1829//766 1830//766 
f 1800//766 1831//766 1832//766 
f 1833//766 1834//766 1798//766 
f 1798//766 1835//766 1836//766 
f 1798//766 1837//766 1838//766 
f 1806//766 1805//766 1820//766 
f 1839//766 1824//766 1821//766 
f 1823//766 1822//766 1825//766 
f 1817//766 1778//766 1793//766 
f 1800//766 1799//766 1827//766 
f 1830//766 1813//766 1800//766 
f 1800//766 1840//766 1831//766 
f 1836//766 1841//766 1798//766 
f 1838//766 1842//766 1798//766 
f 1843//766 1844//766 1834//766 
f 1845//766 1816//766 1844//766 
f 1821//766 1820//766 1839//766 
f 1826//766 1825//766 1818//766 
f 1828//766 1846//766 1800//766 
f 1832//766 1829//766 1800//766 
f 1847//766 1848//766 1849//766 
f 1847//766 1850//766 1851//766 
f 1842//766 1835//766 1798//766 
f 1844//766 1843//766 1845//766 
f 1824//766 1839//766 1822//766 
f 1798//766 1799//766 1796//766 
f 1851//766 1848//766 1847//766 
f 1798//766 1797//766 1837//766 
f 1816//766 1845//766 1815//766 
f 1849//766 1800//766 1847//766 
f 1834//766 1833//766 1843//766 
f 1798//766 1841//766 1833//766 
f 1852//766 1853//766 1854//766 
f 1852//766 1855//766 1856//766 
f 1857//766 1850//766 1847//766 
f 1852//766 1858//766 1859//766 
f 1852//766 1860//766 1853//766 
f 1852//766 1861//766 1855//766 
f 1847//766 1862//766 1857//766 
f 1863//766 1864//766 1865//766 
f 1852//766 1866//766 1858//766 
f 1856//766 1860//766 1852//766 
f 1861//766 1867//766 1857//766 
f 1868//766 1869//766 1870//766 
f 1868//766 1871//766 1872//766 
f 2355//766 1873//766 1874//766 
f 1875//766 1876//766 1877//766 
f 1863//766 1878//766 1879//766 
f 1863//766 1880//766 1881//766 
f 1863//766 1882//766 1883//766 
f 1865//766 1884//766 1863//766 
f 1854//766 1866//766 1852//766 
f 1861//766 1852//766 1867//766 
f 1868//766 1885//766 1869//766 
f 1868//766 1886//766 1887//766 
f 1868//766 1888//766 1889//766 
f 1868//766 1890//766 1871//766 
f 1868//766 1891//766 1892//766 
f 1874//766 1893//766 2355//766 
f 1877//766 1894//766 1895//766 
f 1877//766 1896//766 1875//766 
f 1863//766 1897//766 1878//766 
f 1863//766 1898//766 1899//766 
f 1863//766 1900//766 1901//766 
f 1883//766 1880//766 1863//766 
f 1884//766 1902//766 1863//766 
f 1903//766 1904//766 1905//766 
f 1862//766 1861//766 1857//766 
f 1887//766 1885//766 1868//766 
f 1889//766 1906//766 1868//766 
f 1872//766 1907//766 1868//766 
f 1892//766 1908//766 1868//766 
f 1909//766 1910//766 1911//766 
f 2355//766 1912//766 1873//766 
f 1877//766 1913//766 1914//766 
f 1876//766 1894//766 1877//766 
f 1896//766 1915//766 1916//766 
f 1899//766 1897//766 1863//766 
f 1881//766 1900//766 1863//766 
f 1902//766 1917//766 1863//766 
f 1903//766 1918//766 1919//766 
f 1905//766 1920//766 1903//766 
f 1870//766 1852//766 1868//766 
f 1906//766 1921//766 1868//766 
f 1908//766 1890//766 1868//766 
f 1909//766 1922//766 1923//766 
f 1909//766 1924//766 1925//766 
f 1909//766 1926//766 1927//766 
f 1911//766 1928//766 1909//766 
f 2355//766 1929//766 1912//766 
f 2355//766 1930//766 1931//766 
f 1877//766 1932//766 1933//766 
f 1877//766 1934//766 1935//766 
f 1914//766 1936//766 1877//766 
f 1896//766 1937//766 1875//766 
f 1896//766 1938//766 1915//766 
f 1896//766 1939//766 1940//766 
f 1879//766 1941//766 1863//766 
f 1917//766 1882//766 1863//766 
f 1903//766 1942//766 1943//766 
f 1920//766 1918//766 1903//766 
f 1903//766 1868//766 1944//766 
f 1921//766 1886//766 1868//766 
f 1868//766 1903//766 1891//766 
f 1909//766 1945//766 1946//766 
f 1925//766 1922//766 1909//766 
f 1909//766 1947//766 1926//766 
f 1909//766 1948//766 1910//766 
f 2355//766 1949//766 1950//766 
f 1931//766 1929//766 2355//766 
f 1933//766 2355//766 1877//766 
f 1936//766 1934//766 1877//766 
f 1916//766 1937//766 1896//766 
f 1896//766 1378//766 1939//766 
f 1951//766 1952//766 1864//766 
f 1901//766 1898//766 1863//766 
f 1943//766 1909//766 1903//766 
f 1944//766 1904//766 1903//766 
f 1907//766 1888//766 1868//766 
f 1909//766 1953//766 1954//766 
f 1946//766 1955//766 1909//766 
f 1927//766 1924//766 1909//766 
f 1909//766 1943//766 1948//766 
f 1893//766 1949//766 2355//766 
f 1935//766 1932//766 1877//766 
f 1940//766 1938//766 1896//766 
f 1951//766 2355//766 1952//766 
f 1864//766 1952//766 1865//766 
f 1903//766 1956//766 1942//766 
f 1859//766 1868//766 1852//766 
f 1955//766 1953//766 1909//766 
f 1928//766 1947//766 1909//766 
f 1950//766 1957//766 2355//766 
f 1895//766 1913//766 1877//766 
f 1941//766 1903//766 1863//766 
f 1919//766 1956//766 1903//766 
f 1923//766 1945//766 1909//766 
f 1933//766 1930//766 2355//766 
f 1909//766 1863//766 1903//766 
f 1954//766 1958//766 1909//766 
f 2356//766 1378//766 1896//766 
f 1957//766 1959//766 2355//766 
f 1954//766 1951//766 1958//766 
f 1959//766 1952//766 2355//766 
f 1896//766 1960//766 2356//766 
f 1961//766 1962//766 1951//766 
f 1951//766 1963//766 1961//766 
f 1962//766 2355//766 1951//766 
f 1964//766 1965//766 1966//766 
f 1967//766 1968//766 1969//766 
f 1966//766 1970//766 1964//766 
f 1971//766 1967//766 1972//766 
f 1967//766 1971//766 1968//766 
f 1964//766 1973//766 1965//766 
f 1964//766 1974//766 1975//766 
f 1969//766 1976//766 1967//766 
f 1974//766 1964//766 1977//766 
f 1975//766 1973//766 1964//766 
f 1977//766 1971//766 1974//766 
f 1978//766 1979//766 1980//766 
f 1972//766 1974//766 1971//766 
f 1981//766 1982//766 1983//766 
f 2374//766 1984//766 1985//766 
f 2374//766 1986//766 1987//766 
f 2366//766 1988//766 1989//766 
f 1990//766 1991//766 1992//766 
f 1978//766 1993//766 1979//766 
f 1983//766 1964//766 1981//766 
f 2374//766 1994//766 1984//766 
f 2374//766 1995//766 1986//766 
f 1989//766 2374//766 2366//766 
f 1992//766 1996//766 1997//766 
f 1992//766 1998//766 1999//766 
f 1978//766 2000//766 1993//766 
f 2001//766 2002//766 2003//766 
f 2001//766 2004//766 2005//766 
f 2001//766 2006//766 2007//766 
f 2008//766 2001//766 1978//766 
f 1981//766 2009//766 1982//766 
f 1987//766 1994//766 2374//766 
f 2366//766 2010//766 1988//766 
f 2366//766 2011//766 2012//766 
f 2366//766 2013//766 2014//766 
f 2366//766 2015//766 2016//766 
f 2366//766 2017//766 2018//766 
f 1999//766 1996//766 1992//766 
f 1978//766 2019//766 2020//766 
f 1978//766 2021//766 2022//766 
f 1978//766 2023//766 2024//766 
f 1978//766 2025//766 2026//766 
f 1978//766 2027//766 2000//766 
f 1978//766 2028//766 2029//766 
f 1978//766 2030//766 2031//766 
f 2001//766 2032//766 2002//766 
f 2007//766 2004//766 2001//766 
f 2001//766 2033//766 2034//766 
f 1978//766 2035//766 2008//766 
f 1970//766 1981//766 1964//766 
f 2374//766 2036//766 2037//766 
f 1989//766 1995//766 2374//766 
f 2014//766 2011//766 2366//766 
f 2366//766 2038//766 2039//766 
f 2016//766 2040//766 2366//766 
f 2366//766 2041//766 2042//766 
f 2366//766 1459//766 2017//766 
f 1992//766 2043//766 1998//766 
f 1978//766 2044//766 2045//766 
f 2020//766 2046//766 1978//766 
f 1978//766 2047//766 2021//766 
f 1978//766 2048//766 2049//766 
f 2026//766 2023//766 1978//766 
f 2029//766 2027//766 1978//766 
f 1978//766 2050//766 2030//766 
f 1978//766 1990//766 2051//766 
f 2005//766 2032//766 2001//766 
f 2008//766 2033//766 2001//766 
f 2001//766 1963//766 2009//766 
f 1963//766 2043//766 1992//766 
f 2037//766 2052//766 2374//766 
f 2374//766 2053//766 2054//766 
f 2012//766 2010//766 2366//766 
f 2040//766 2038//766 2366//766 
f 2366//766 2055//766 2041//766 
f 2018//766 2056//766 2366//766 
f 1990//766 2057//766 1991//766 
f 1990//766 2058//766 2059//766 
f 1990//766 2060//766 2061//766 
f 1990//766 2062//766 2063//766 
f 2046//766 2044//766 1978//766 
f 2049//766 2047//766 1978//766 
f 1980//766 2025//766 1978//766 
f 2051//766 2050//766 1978//766 
f 2034//766 2006//766 2001//766 
f 1981//766 2001//766 2009//766 
f 1992//766 2009//766 1963//766 
f 2064//766 2374//766 2065//766 
f 2374//766 2066//766 2067//766 
f 2054//766 2036//766 2374//766 
f 2039//766 2013//766 2366//766 
f 2366//766 2068//766 2055//766 
f 2056//766 2069//766 2366//766 
f 1990//766 2070//766 2057//766 
f 2059//766 2071//766 1990//766 
f 2063//766 2060//766 1990//766 
f 1990//766 2072//766 2073//766 
f 1990//766 2074//766 2075//766 
f 1990//766 1978//766 2076//766 
f 2022//766 2019//766 1978//766 
f 2031//766 2028//766 1978//766 
f 2001//766 1961//766 1963//766 
f 2065//766 2043//766 2064//766 
f 2374//766 2077//766 2066//766 
f 1985//766 2053//766 2374//766 
f 2366//766 2078//766 2079//766 
f 2069//766 2068//766 2366//766 
f 2071//766 2070//766 1990//766 
f 2073//766 2062//766 1990//766 
f 1990//766 2080//766 2074//766 
f 2076//766 2081//766 1990//766 
f 2024//766 2048//766 1978//766 
f 1963//766 2064//766 2043//766 
f 2052//766 2077//766 2374//766 
f 2042//766 2078//766 2366//766 
f 2061//766 2058//766 1990//766 
f 2081//766 2080//766 1990//766 
f 2003//766 1961//766 2001//766 
f 2079//766 2015//766 2366//766 
f 2075//766 2072//766 1990//766 
f 2067//766 2065//766 2374//766 
f 2045//766 2035//766 1978//766 
f 2064//766 2082//766 2083//766 
f 2064//766 2084//766 2085//766 
f 2064//766 2086//766 2087//766 
f 2085//766 2082//766 2064//766 
f 2064//766 2088//766 2089//766 
f 2064//766 2090//766 2091//766 
f 2064//766 2092//766 2086//766 
f 2089//766 2084//766 2064//766 
f 2087//766 2090//766 2064//766 
f 2091//766 2088//766 2064//766 
f 2374//766 2093//766 2094//766 
f 2374//766 2095//766 2096//766 
f 2374//766 2097//766 2098//766 
f 2374//766 2099//766 2100//766 
f 2374//766 2101//766 2093//766 
f 2374//766 2102//766 2095//766 
f 2100//766 2097//766 2374//766 
f 2374//766 2103//766 2104//766 
f 2374//766 2105//766 2106//766 
f 2096//766 2101//766 2374//766 
f 2366//766 2107//766 2108//766 
f 2374//766 2109//766 2110//766 
f 2104//766 2099//766 2374//766 
f 2106//766 2111//766 2374//766 
f 2374//766 2112//766 2102//766 
f 2107//766 2113//766 2108//766 
f 2114//766 2113//766 2107//766 
f 2098//766 2109//766 2374//766 
f 2094//766 2105//766 2374//766 
f 2108//766 2115//766 2366//766 
f 2116//766 2358//766 2114//766 
f 2374//766 2117//766 2107//766 
f 2111//766 2103//766 2374//766 
f 2107//766 2116//766 2114//766 
f 2110//766 2117//766 2374//766 
f 2107//766 2366//766 2374//766 
f 2358//766 2118//766 2114//766 
f 1410//766 2119//766 2120//766 
f 2120//766 2121//766 1410//766 
f 2122//766 2123//766 2124//766 
f 2125//766 2126//766 2127//766 
f 2128//766 2124//766 2123//766 
f 2119//766 2129//766 2120//766 
f 2127//766 2122//766 2125//766 
f 2125//766 2357//766 2130//766 
f 1410//766 2131//766 2128//766 
f 1410//766 2132//766 2133//766 
f 2119//766 2134//766 2129//766 
f 2358//766 2116//766 2135//766 
f 2136//766 2116//766 2137//766 
f 2130//766 2126//766 2125//766 
f 1410//766 2138//766 2131//766 
f 1410//766 2139//766 2132//766 
f 2119//766 2137//766 2134//766 
f 2116//766 2140//766 2135//766 
f 2137//766 2119//766 2136//766 
f 2123//766 1410//766 2128//766 
f 2121//766 2139//766 1410//766 
f 2136//766 2140//766 2116//766 
f 2133//766 2138//766 1410//766 
f 2135//766 2141//766 2358//766 
f 2141//766 1417//766 2358//766 
f 2357//766 2142//766 2143//766 
f 2357//766 2144//766 2145//766 
f 2145//766 2142//766 2357//766 
f 2357//766 2125//766 2146//766 
f 2146//766 2144//766 2357//766 
f 2147//766 2148//766 2149//766 
f 1391//766 2150//766 2151//766 
f 2152//766 2148//766 2153//766 
f 2151//766 2147//766 1391//766 
f 2153//766 2154//766 2152//766 
f 1391//766 2155//766 2150//766 
f 2156//766 2153//766 2157//766 
f 2149//766 1391//766 2147//766 
f 2357//766 2158//766 2155//766 
f 2157//766 2375//766 2156//766 
f 2155//766 1391//766 2357//766 
f 2152//766 2149//766 2148//766 
f 2375//766 2159//766 2160//766 
f 2375//766 2161//766 2162//766 
f 2375//766 2163//766 2159//766 
f 2375//766 2164//766 2161//766 
f 2375//766 2165//766 2163//766 
f 2375//766 2157//766 2164//766 
f 2162//766 2165//766 2375//766 
f 2166//766 2167//766 2168//766 
f 2168//766 2169//766 2166//766 
f 2170//766 2171//766 2172//766 
f 2173//766 2174//766 2175//766 
f 2176//766 2177//766 2178//766 
f 2177//766 2179//766 2180//766 
f 2181//766 2172//766 2182//766 
f 2172//766 2181//766 2170//766 
f 2183//766 2184//766 2185//766 
f 2186//766 2187//766 2183//766 
f 2187//766 2186//766 2173//766 
f 2174//766 2176//766 2188//766 
f 2180//766 2178//766 2177//766 
f 2189//766 2182//766 2180//766 
f 2170//766 2190//766 2171//766 
f 2190//766 2191//766 2192//766 
f 2183//766 2193//766 2186//766 
f 2188//766 2175//766 2174//766 
f 2180//766 2179//766 2189//766 
f 2192//766 2171//766 2190//766 
f 2175//766 2187//766 2173//766 
f 2182//766 2189//766 2181//766 
f 2178//766 2188//766 2176//766 
f 2185//766 2193//766 2183//766 
f 2191//766 2194//766 2195//766 
f 2191//766 2190//766 2194//766 
f 2195//766 2196//766 2197//766 
f 2198//766 2199//766 2200//766 
f 2196//766 2195//766 2201//766 
f 2202//766 2203//766 2200//766 
f 2204//766 2205//766 2203//766 
f 2376//766 2206//766 2207//766 
f 2201//766 2198//766 2196//766 
f 2203//766 2202//766 2204//766 
f 2208//766 2209//766 2205//766 
f 2207//766 2210//766 2376//766 
f 2200//766 2199//766 2202//766 
f 2208//766 2211//766 2209//766 
f 2210//766 2212//766 2376//766 
f 2205//766 2204//766 2208//766 
f 2208//766 2375//766 2213//766 
f 2212//766 2214//766 2376//766 
f 2375//766 2208//766 2215//766 
f 2213//766 2211//766 2208//766 
f 2376//766 2215//766 2206//766 
f 2200//766 2196//766 2198//766 
f 2215//766 2376//766 2375//766 
f 954//766 956//766 2216//766 
f 2217//766 958//766 959//766 
f 2218//766 955//766 954//766 
f 956//766 957//766 2219//766 
f 959//766 960//766 2217//766 
f 957//766 958//766 2217//766 
f 2219//766 2216//766 956//766 
f 2217//766 2219//766 957//766 
f 955//766 2218//766 1423//766 
f 960//766 961//766 2217//766 
f 2216//766 2218//766 954//766 
f 994//766 995//766 1270//766 
f 995//766 996//766 1269//766 
f 989//766 990//766 1275//766 
f 990//766 991//766 1274//766 
f 992//766 993//766 1272//766 
f 993//766 994//766 1271//766 
f 1269//766 1270//766 995//766 
f 996//766 997//766 1268//766 
f 989//766 1297//766 1277//766 
f 1274//766 1275//766 990//766 
f 991//766 992//766 1273//766 
f 1271//766 1272//766 993//766 
f 1268//766 1269//766 996//766 
f 997//766 998//766 1267//766 
f 998//766 999//766 1266//766 
f 1277//766 988//766 987//766 
f 1273//766 1274//766 991//766 
f 1270//766 1271//766 994//766 
f 1266//766 1267//766 998//766 
f 1275//766 1297//766 989//766 
f 1267//766 1268//766 997//766 
f 1272//766 1273//766 992//766 
f 983//766 984//766 1296//766 
f 984//766 985//766 1279//766 
f 985//766 986//766 1278//766 
f 1278//766 986//766 988//766 
f 1280//766 982//766 983//766 
f 1278//766 1279//766 985//766 
f 988//766 1277//766 1276//766 
f 1280//766 981//766 982//766 
f 988//766 1276//766 1278//766 
f 1279//766 1296//766 984//766 
f 1114//766 2220//766 2221//766 
f 1113//766 2221//766 2222//766 
f 2221//766 1113//766 1114//766 
f 1117//766 1118//766 2223//766 
f 1118//766 1119//766 2224//766 
f 969//766 1293//766 1294//766 
f 970//766 1292//766 1293//766 
f 971//766 1291//766 1292//766 
f 972//766 1290//766 1291//766 
f 973//766 1289//766 1290//766 
f 974//766 1288//766 1289//766 
f 1109//766 2225//766 2226//766 
f 1110//766 2227//766 2225//766 
f 1111//766 2228//766 2227//766 
f 1112//766 2222//766 2228//766 
f 1114//766 1115//766 2220//766 
f 1115//766 1116//766 2229//766 
f 1116//766 1117//766 2230//766 
f 2224//766 2223//766 1118//766 
f 1293//766 969//766 970//766 
f 1291//766 971//766 972//766 
f 1289//766 973//766 974//766 
f 975//766 1287//766 1288//766 
f 976//766 1286//766 1287//766 
f 977//766 1285//766 1286//766 
f 1107//766 2231//766 2232//766 
f 1106//766 2233//766 2231//766 
f 1108//766 2226//766 2233//766 
f 2225//766 1109//766 1110//766 
f 2228//766 1111//766 1112//766 
f 2229//766 2220//766 1115//766 
f 2223//766 2230//766 1117//766 
f 1119//766 1120//766 2234//766 
f 2234//766 1120//766 1122//766 
f 968//766 1294//766 1295//766 
f 1292//766 970//766 971//766 
f 1288//766 974//766 975//766 
f 1286//766 976//766 977//766 
f 978//766 1284//766 1285//766 
f 2232//766 2235//766 1107//766 
f 2233//766 1106//766 1108//766 
f 2227//766 1110//766 1111//766 
f 2230//766 2229//766 1116//766 
f 1122//766 2236//766 2234//766 
f 1107//766 963//766 964//766 
f 2237//766 2238//766 961//766 
f 1295//766 966//766 967//766 
f 1295//766 964//766 965//766 
f 1290//766 972//766 973//766 
f 1285//766 977//766 978//766 
f 980//766 1282//766 1283//766 
f 1107//766 2239//766 2240//766 
f 2231//766 1107//766 1106//766 
f 2222//766 1112//766 1113//766 
f 1122//766 2241//766 2236//766 
f 964//766 1295//766 1107//766 
f 961//766 962//766 2237//766 
f 965//766 966//766 1295//766 
f 1287//766 975//766 976//766 
f 979//766 1283//766 1284//766 
f 1283//766 979//766 980//766 
f 2235//766 2239//766 1107//766 
f 2234//766 2224//766 1119//766 
f 961//766 2238//766 2242//766 
f 962//766 963//766 2237//766 
f 1294//766 968//766 969//766 
f 980//766 981//766 1282//766 
f 2226//766 1108//766 1109//766 
f 1107//766 2237//766 963//766 
f 1284//766 978//766 979//766 
f 981//766 1280//766 1281//766 
f 2242//766 2217//766 961//766 
f 1281//766 1282//766 981//766 
f 1295//766 967//766 968//766 
f 1126//766 2243//766 2244//766 
f 1125//766 2244//766 2245//766 
f 2244//766 1125//766 1126//766 
f 1124//766 2245//766 2246//766 
f 1126//766 1128//766 2243//766 
f 1123//766 2246//766 2241//766 
f 2245//766 1124//766 1125//766 
f 1128//766 2360//766 2247//766 
f 2241//766 1122//766 1121//766 
f 2247//766 2243//766 1128//766 
f 2246//766 1123//766 1124//766 
f 2360//766 1127//766 1129//766 
f 1129//766 1130//766 2360//766 
f 2360//766 1131//766 1132//766 
f 2360//766 1128//766 1127//766 
f 1130//766 1131//766 2360//766 
f 1132//766 1133//766 2360//766 
f 1137//766 2248//766 2249//766 
f 2249//766 2250//766 1134//766 
f 2359//766 1138//766 1139//766 
f 1137//766 2359//766 2248//766 
f 2360//766 1134//766 2250//766 
f 1134//766 1135//766 2249//766 
f 1139//766 1140//766 2359//766 
f 2249//766 1136//766 1137//766 
f 1135//766 1136//766 2249//766 
f 1137//766 1138//766 2359//766 
f 1140//766 1141//766 2359//766 
f 1150//766 1151//766 1096//766 
f 1151//766 1152//766 1095//766 
f 1147//766 1149//766 1098//766 
f 1149//766 1150//766 1097//766 
f 1095//766 1096//766 1151//766 
f 1099//766 1148//766 1147//766 
f 1096//766 1097//766 1150//766 
f 1097//766 1098//766 1149//766 
f 1152//766 1153//766 1094//766 
f 1094//766 1095//766 1152//766 
f 1153//766 1154//766 1093//766 
f 1148//766 1099//766 1100//766 
f 1093//766 1094//766 1153//766 
f 1098//766 1099//766 1147//766 
f 1100//766 1105//766 1148//766 
f 1102//766 1145//766 1146//766 
f 2359//766 1104//766 1159//766 
f 1103//766 1104//766 1141//766 
f 1143//766 1101//766 1103//766 
f 1102//766 1144//766 1145//766 
f 1144//766 1102//766 1101//766 
f 2365//766 1159//766 1158//766 
f 2359//766 1141//766 1104//766 
f 1103//766 1142//766 1143//766 
f 1101//766 1143//766 1144//766 
f 1159//766 2365//766 2359//766 
f 1146//766 1148//766 1102//766 
f 1141//766 1142//766 1103//766 
f 1166//766 2251//766 2252//766 
f 1160//766 1162//766 2253//766 
f 1163//766 2254//766 2253//766 
f 2252//766 1165//766 1166//766 
f 1167//766 1168//766 2255//766 
f 2256//766 2257//766 1161//766 
f 2253//766 1162//766 1163//766 
f 1164//766 2258//766 2254//766 
f 1165//766 2252//766 2258//766 
f 2255//766 2251//766 1167//766 
f 1161//766 2259//766 1447//766 
f 1161//766 1160//766 2256//766 
f 2254//766 1163//766 1164//766 
f 1166//766 1167//766 2251//766 
f 2257//766 2259//766 1161//766 
f 2258//766 1164//766 1165//766 
f 2253//766 2256//766 1160//766 
f 1168//766 1169//766 2260//766 
f 2260//766 2255//766 1168//766 
f 1169//766 1170//766 2261//766 
f 1170//766 1171//766 2262//766 
f 2261//766 2260//766 1169//766 
f 2262//766 2261//766 1170//766 
f 1171//766 1173//766 2262//766 
f 1173//766 1172//766 2263//766 
f 2263//766 2264//766 1173//766 
f 1172//766 1174//766 2263//766 
f 1157//766 2265//766 2266//766 
f 1157//766 2267//766 2268//766 
f 1157//766 2269//766 2270//766 
f 1301//766 1302//766 2271//766 
f 1301//766 2272//766 1157//766 
f 1157//766 2273//766 2265//766 
f 2270//766 2267//766 1157//766 
f 1265//766 2274//766 2271//766 
f 1157//766 1300//766 1301//766 
f 2268//766 2273//766 1157//766 
f 2271//766 1304//766 1305//766 
f 2271//766 1302//766 1303//766 
f 1157//766 1298//766 1300//766 
f 1298//766 1157//766 1155//766 
f 2266//766 1174//766 1157//766 
f 1303//766 1304//766 2271//766 
f 1155//766 1299//766 1298//766 
f 1157//766 2272//766 2269//766 
f 2364//766 2275//766 1265//766 
f 1265//766 2275//766 2274//766 
f 2266//766 2263//766 1174//766 
f 2271//766 1305//766 1265//766 
f 1265//766 1264//766 2364//766 
f 2377//766 1079//766 1078//766 
f 1078//766 1090//766 2377//766 
f 2378//766 1084//766 1089//766 
f 2378//766 1082//766 1083//766 
f 2377//766 1081//766 1082//766 
f 1083//766 1084//766 2378//766 
f 2377//766 1080//766 1081//766 
f 1082//766 2378//766 2377//766 
f 1085//766 1003//766 1004//766 
f 1002//766 1003//766 1085//766 
f 1002//766 1086//766 1087//766 
f 1085//766 1086//766 1002//766 
f 1000//766 1087//766 1088//766 
f 1004//766 2378//766 1085//766 
f 1087//766 1000//766 1002//766 
f 2378//766 1004//766 1005//766 
f 2377//766 1008//766 1009//766 
f 2378//766 1007//766 1006//766 
f 1009//766 1010//766 2377//766 
f 1006//766 2377//766 2378//766 
f 1006//766 1008//766 2377//766 
f 1017//766 1074//766 1075//766 
f 1018//766 1073//766 1074//766 
f 1019//766 1072//766 1073//766 
f 1013//766 1091//766 1079//766 
f 1079//766 2377//766 1011//766 
f 1014//766 1077//766 1091//766 
f 1015//766 1076//766 1077//766 
f 1016//766 1075//766 1076//766 
f 1074//766 1017//766 1018//766 
f 1073//766 1018//766 1019//766 
f 1071//766 1072//766 1020//766 
f 1011//766 1012//766 1079//766 
f 1077//766 1014//766 1015//766 
f 1075//766 1016//766 1017//766 
f 1020//766 1022//766 1071//766 
f 1091//766 1013//766 1014//766 
f 1019//766 1020//766 1072//766 
f 1076//766 1015//766 1016//766 
f 1021//766 1070//766 1069//766 
f 1069//766 1022//766 1021//766 
f 1023//766 1024//766 1092//766 
f 1026//766 1027//766 1066//766 
f 1027//766 1028//766 1065//766 
f 1070//766 1021//766 1023//766 
f 1024//766 1025//766 1068//766 
f 1025//766 1026//766 1067//766 
f 1065//766 1066//766 1027//766 
f 1029//766 1030//766 1063//766 
f 1062//766 1063//766 1030//766 
f 1068//766 1092//766 1024//766 
f 1066//766 1067//766 1026//766 
f 1028//766 1029//766 1064//766 
f 1030//766 1031//766 1062//766 
f 1067//766 1068//766 1025//766 
f 1063//766 1064//766 1029//766 
f 1064//766 1065//766 1028//766 
f 2364//766 1264//766 1062//766 
f 1062//766 1031//766 2364//766 
f 2363//766 2364//766 1041//766 
f 1041//766 1042//766 2363//766 
f 2364//766 1039//766 1040//766 
f 1040//766 1041//766 2364//766 
f 2364//766 1036//766 1037//766 
f 2364//766 1034//766 1035//766 
f 2364//766 1038//766 1039//766 
f 1035//766 1036//766 2364//766 
f 1037//766 1038//766 2364//766 
f 2364//766 1032//766 1033//766 
f 1033//766 1034//766 2364//766 
f 2364//766 1031//766 1032//766 
f 2363//766 1044//766 1045//766 
f 2363//766 1043//766 1044//766 
f 1045//766 1046//766 2363//766 
f 1252//766 1253//766 2276//766 
f 1255//766 1256//766 2277//766 
f 2277//766 1256//766 1257//766 
f 2278//766 1251//766 1252//766 
f 1253//766 1254//766 2279//766 
f 1254//766 1255//766 2280//766 
f 1257//766 2281//766 2277//766 
f 2362//766 2282//766 2283//766 
f 2279//766 2276//766 1253//766 
f 2277//766 2280//766 1255//766 
f 1257//766 2284//766 2285//766 
f 2283//766 1257//766 2362//766 
f 1251//766 2363//766 1048//766 
f 2280//766 2279//766 1254//766 
f 2283//766 2284//766 1257//766 
f 1251//766 1049//766 1050//766 
f 1048//766 1047//766 1251//766 
f 2285//766 2281//766 1257//766 
f 1047//766 1049//766 1251//766 
f 2276//766 2278//766 1252//766 
f 1050//766 1051//766 1251//766 
f 1251//766 1443//766 2363//766 
f 837//766 838//766 1052//766 
f 833//766 834//766 1056//766 
f 834//766 835//766 1055//766 
f 1052//766 1053//766 837//766 
f 829//766 831//766 1059//766 
f 831//766 832//766 1058//766 
f 1055//766 1056//766 834//766 
f 835//766 836//766 1054//766 
f 836//766 837//766 1053//766 
f 838//766 839//766 1052//766 
f 2362//766 1262//766 1263//766 
f 1058//766 1059//766 831//766 
f 832//766 833//766 1057//766 
f 1054//766 1055//766 835//766 
f 839//766 840//766 1052//766 
f 2362//766 1261//766 1262//766 
f 2362//766 1259//766 1260//766 
f 1057//766 1058//766 832//766 
f 1053//766 1054//766 836//766 
f 841//766 1250//766 1052//766 
f 1260//766 1261//766 2362//766 
f 2362//766 1257//766 1258//766 
f 830//766 829//766 1060//766 
f 1056//766 1057//766 833//766 
f 841//766 2362//766 1250//766 
f 1258//766 1259//766 2362//766 
f 1059//766 1060//766 829//766 
f 1263//766 1250//766 2362//766 
f 1052//766 840//766 841//766 
f 842//766 843//766 1652//766 
f 1652//766 843//766 844//766 
f 2286//766 841//766 842//766 
f 1652//766 845//766 846//766 
f 1652//766 2286//766 842//766 
f 844//766 845//766 1652//766 
f 846//766 2372//766 1652//766 
f 841//766 2287//766 1430//766 
f 2286//766 2288//766 841//766 
f 2288//766 2287//766 841//766 
f 2372//766 846//766 847//766 
f 2371//766 859//766 866//766 
f 859//766 864//766 865//766 
f 864//766 861//766 862//766 
f 864//766 859//766 860//766 
f 2371//766 851//766 852//766 
f 865//766 866//766 859//766 
f 860//766 861//766 864//766 
f 2371//766 857//766 858//766 
f 2371//766 854//766 855//766 
f 852//766 853//766 2371//766 
f 2371//766 848//766 850//766 
f 2372//766 849//766 848//766 
f 862//766 863//766 864//766 
f 2371//766 856//766 857//766 
f 853//766 854//766 2371//766 
f 848//766 2371//766 2372//766 
f 858//766 859//766 2371//766 
f 850//766 851//766 2371//766 
f 855//766 856//766 2371//766 
f 2371//766 867//766 868//766 
f 869//766 871//766 2289//766 
f 1646//766 2371//766 870//766 
f 871//766 872//766 2290//766 
f 872//766 873//766 2291//766 
f 873//766 874//766 2292//766 
f 874//766 875//766 2293//766 
f 870//766 869//766 1646//766 
f 2291//766 2290//766 872//766 
f 2293//766 2292//766 874//766 
f 2293//766 875//766 876//766 
f 2290//766 2289//766 871//766 
f 876//766 2294//766 2293//766 
f 2292//766 2291//766 873//766 
f 876//766 2295//766 2294//766 
f 876//766 2296//766 2295//766 
f 879//766 2297//766 2296//766 
f 2296//766 877//766 878//766 
f 2296//766 876//766 877//766 
f 880//766 2298//766 2297//766 
f 881//766 2299//766 2298//766 
f 882//766 2300//766 2299//766 
f 886//766 2301//766 2302//766 
f 2297//766 879//766 880//766 
f 2299//766 881//766 882//766 
f 883//766 2303//766 2300//766 
f 884//766 2304//766 2303//766 
f 885//766 2302//766 2304//766 
f 2302//766 885//766 886//766 
f 2298//766 880//766 881//766 
f 2303//766 883//766 884//766 
f 886//766 888//766 2301//766 
f 888//766 2369//766 2305//766 
f 2300//766 882//766 883//766 
f 2305//766 2301//766 888//766 
f 2304//766 884//766 885//766 
f 2369//766 889//766 890//766 
f 2369//766 888//766 887//766 
f 887//766 889//766 2369//766 
f 894//766 2306//766 2307//766 
f 897//766 898//766 2308//766 
f 893//766 2307//766 2309//766 
f 2307//766 893//766 894//766 
f 896//766 897//766 2310//766 
f 2308//766 2310//766 897//766 
f 2311//766 892//766 891//766 
f 894//766 895//766 2306//766 
f 895//766 896//766 2312//766 
f 898//766 900//766 2308//766 
f 2309//766 891//766 893//766 
f 2310//766 2312//766 896//766 
f 892//766 2311//766 1546//766 
f 2312//766 2306//766 895//766 
f 891//766 2309//766 2311//766 
f 2313//766 2314//766 904//766 
f 2313//766 2315//766 2314//766 
f 2313//766 906//766 907//766 
f 904//766 905//766 2313//766 
f 899//766 901//766 2316//766 
f 908//766 909//766 2317//766 
f 905//766 906//766 2313//766 
f 2315//766 2313//766 1542//766 
f 1536//766 2318//766 2319//766 
f 900//766 2320//766 2321//766 
f 2320//766 900//766 899//766 
f 2314//766 902//766 903//766 
f 901//766 902//766 2314//766 
f 2317//766 909//766 910//766 
f 907//766 908//766 2313//766 
f 1542//766 2319//766 2322//766 
f 1536//766 2323//766 2318//766 
f 2316//766 2320//766 899//766 
f 2314//766 2316//766 901//766 
f 2317//766 2313//766 908//766 
f 2319//766 1542//766 1536//766 
f 903//766 904//766 2314//766 
f 1542//766 2322//766 2315//766 
f 910//766 912//766 2317//766 
f 2379//766 943//766 944//766 
f 2379//766 942//766 943//766 
f 944//766 945//766 2379//766 
f 946//766 1211//766 1176//766 
f 1176//766 2379//766 946//766 
f 2379//766 1178//766 1210//766 
f 2379//766 1177//766 1178//766 
f 2379//766 1176//766 1177//766 
f 939//766 1209//766 1183//766 
f 1183//766 936//766 937//766 
f 937//766 938//766 1183//766 
f 939//766 940//766 1181//766 
f 1181//766 1209//766 939//766 
f 940//766 941//766 1179//766 
f 1180//766 941//766 942//766 
f 1179//766 1181//766 940//766 
f 942//766 2379//766 1180//766 
f 1180//766 1179//766 941//766 
f 933//766 1208//766 1188//766 
f 1188//766 932//766 931//766 
f 933//766 934//766 1186//766 
f 934//766 935//766 1185//766 
f 1185//766 935//766 936//766 
f 1186//766 1208//766 933//766 
f 936//766 1184//766 1185//766 
f 1185//766 1186//766 934//766 
f 936//766 1183//766 1182//766 
f 1182//766 1184//766 936//766 
f 923//766 1195//766 1207//766 
f 925//766 926//766 1193//766 
f 926//766 927//766 1192//766 
f 928//766 929//766 1190//766 
f 929//766 930//766 1189//766 
f 1189//766 930//766 932//766 
f 1197//766 920//766 922//766 
f 1207//766 922//766 923//766 
f 1192//766 1193//766 926//766 
f 927//766 928//766 1191//766 
f 1189//766 1190//766 929//766 
f 932//766 1188//766 1187//766 
f 923//766 924//766 1195//766 
f 924//766 925//766 1194//766 
f 1191//766 1192//766 927//766 
f 932//766 1187//766 1189//766 
f 1194//766 1195//766 924//766 
f 1190//766 1191//766 928//766 
f 1193//766 1194//766 925//766 
f 920//766 1196//766 1199//766 
f 920//766 1197//766 1196//766 
f 1212//766 1213//766 2324//766 
f 1213//766 1214//766 2325//766 
f 1217//766 2326//766 2327//766 
f 1218//766 2328//766 2326//766 
f 1212//766 2329//766 2330//766 
f 2325//766 2324//766 1213//766 
f 1215//766 2331//766 2325//766 
f 1216//766 2327//766 2331//766 
f 2326//766 1217//766 1218//766 
f 1219//766 2332//766 2328//766 
f 1220//766 2333//766 2332//766 
f 913//766 1204//766 1205//766 
f 914//766 1203//766 1204//766 
f 915//766 1202//766 1203//766 
f 916//766 1201//766 1202//766 
f 917//766 1200//766 1201//766 
f 918//766 1198//766 1200//766 
f 919//766 1199//766 1198//766 
f 2324//766 2329//766 1212//766 
f 2331//766 1215//766 1216//766 
f 2328//766 1218//766 1219//766 
f 1220//766 2334//766 2333//766 
f 1204//766 913//766 914//766 
f 1202//766 915//766 916//766 
f 1200//766 917//766 918//766 
f 1198//766 918//766 919//766 
f 2325//766 1214//766 1215//766 
f 2332//766 1219//766 1220//766 
f 1203//766 914//766 915//766 
f 919//766 921//766 1199//766 
f 2327//766 1216//766 1217//766 
f 2317//766 912//766 1206//766 
f 1206//766 912//766 911//766 
f 1201//766 916//766 917//766 
f 1206//766 1212//766 2317//766 
f 1205//766 911//766 913//766 
f 911//766 1205//766 1206//766 
f 1222//766 2335//766 2334//766 
f 2334//766 1220//766 1221//766 
f 2376//766 2336//766 1231//766 
f 1231//766 1232//766 2376//766 
f 2336//766 1229//766 1230//766 
f 2336//766 1227//766 1228//766 
f 1230//766 1231//766 2336//766 
f 2336//766 1226//766 1227//766 
f 1224//766 1225//766 2336//766 
f 1223//766 1224//766 2337//766 
f 1228//766 1229//766 2336//766 
f 2336//766 2337//766 1224//766 
f 2335//766 1222//766 1223//766 
f 1225//766 1226//766 2336//766 
f 1232//766 1234//766 2376//766 
f 2376//766 1233//766 1235//766 
f 1235//766 1236//766 2376//766 
f 2376//766 1234//766 1233//766 
f 2338//766 1239//766 1241//766 
f 2338//766 1237//766 1238//766 
f 2375//766 2339//766 2340//766 
f 2376//766 1237//766 2338//766 
f 1238//766 1239//766 2338//766 
f 2375//766 2341//766 2339//766 
f 2338//766 2341//766 2376//766 
f 1241//766 2342//766 2343//766 
f 1241//766 2344//766 2345//766 
f 2341//766 2375//766 2376//766 
f 2345//766 2342//766 1241//766 
f 1241//766 2343//766 2338//766 
f 2344//766 1242//766 1243//766 
f 2344//766 1241//766 1240//766 
f 1246//766 2346//766 2347//766 
f 1245//766 2347//766 2344//766 
f 1240//766 1242//766 2344//766 
f 2347//766 1245//766 1246//766 
f 1247//766 2361//766 2348//766 
f 1243//766 1244//766 2344//766 
f 2348//766 2346//766 1247//766 
f 1246//766 1247//766 2346//766 
f 2361//766 952//766 953//766 
f 2361//766 948//766 950//766 
f 948//766 2361//766 1175//766 
f 2361//766 951//766 952//766 
f 1175//766 949//766 948//766 
f 2361//766 1248//766 1249//766 
f 950//766 951//766 2361//766 
f 2361//766 1247//766 1248//766 
f 1249//766 1175//766 2361//766 
f 953//766 955//766 2361//766 
f 2344//766 1244//766 1245//766 
f 2340//766 2156//766 2375//766 
f 1236//766 1237//766 2376//766 
f 2337//766 2335//766 1223//766 
f 2334//766 1221//766 1222//766 
f 2330//766 2317//766 1212//766 
f 1199//766 921//766 920//766 
f 922//766 1207//766 1197//766 
f 1188//766 931//766 933//766 
f 1183//766 938//766 939//766 
f 1210//766 1180//766 2379//766 
f 946//766 947//766 1211//766 
f 945//766 946//766 2379//766 
f 2321//766 2308//766 900//766 
f 1546//766 2369//766 892//766 
f 890//766 892//766 2369//766 
f 2296//766 878//766 879//766 
f 2289//766 1646//766 869//766 
f 868//766 870//766 2371//766 
f 866//766 867//766 2371//766 
f 847//766 849//766 2372//766 
f 1430//766 2362//766 841//766 
f 1060//766 1061//766 830//766 
f 2278//766 1443//766 1251//766 
f 1046//766 1048//766 2363//766 
f 1042//766 1043//766 2363//766 
f 1092//766 1070//766 1023//766 
f 1069//766 1071//766 1022//766 
f 1079//766 1012//766 1013//766 
f 1010//766 1011//766 2377//766 
f 1005//766 1007//766 2378//766 
f 1088//766 1001//766 1000//766 
f 1089//766 1085//766 2378//766 
f 1090//766 1080//766 2377//766 
f 2271//766 2272//766 1301//766 
f 1299//766 1155//766 1156//766 
f 2264//766 2262//766 1173//766 
f 1447//766 2365//766 1161//766 
f 1158//766 1161//766 2365//766 
f 1105//766 1102//766 1148//766 
f 2250//766 1418//766 2360//766 
f 1133//766 1134//766 2360//766 
f 2241//766 1121//766 1123//766 
f 2240//766 2237//766 1107//766 
f 1296//766 1280//766 983//766 
f 1277//766 987//766 989//766 
f 1423//766 2361//766 955//766 
f 2214//766 2336//766 2376//766 
f 2195//766 2197//766 2191//766 
f 2184//766 2168//766 2185//766 
f 2167//766 2185//766 2168//766 
f 2160//766 2213//766 2375//766 
f 2156//766 2154//766 2153//766 
f 2143//766 2158//766 2357//766 
f 2124//766 2125//766 2122//766 
f 2115//766 1455//766 2366//766 
f 2112//766 2374//766 2083//766 
f 2083//766 2374//766 2064//766 
f 1992//766 1997//766 1990//766 
f 1962//766 1307//766 2355//766 
f 1864//766 1958//766 1951//766 
f 1846//766 1847//766 1800//766 
f 1790//766 1793//766 1778//766 
f 1760//766 1722//766 1734//766 
f 1763//766 1762//766 2349//766 
f 1737//766 1697//766 2373//766 
f 1718//766 2350//766 1708//766 
f 1707//766 1716//766 2373//766 
f 1699//766 1693//766 1698//766 
f 1694//766 1529//766 1535//766 
f 1602//766 1652//766 1600//766 
f 1577//766 1579//766 1575//766 
f 1572//766 1583//766 2370//766 
f 1554//766 1557//766 1555//766 
f 1568//766 1567//766 2351//766 
f 1551//766 1554//766 2370//766 
f 1548//766 2305//766 2369//766 
f 1545//766 2352//766 1536//766 
f 1509//766 1531//766 1526//766 
f 1524//766 1532//766 2368//766 
f 1521//766 2368//766 1506//766 
f 1504//766 1353//766 2356//766 
f 1499//766 2356//766 1960//766 
f 1497//766 1877//766 2355//766 
f 1492//766 2353//766 1483//766 
f 1482//766 1490//766 2354//766 
f 1476//766 1481//766 2367//766 
f 1459//766 1462//766 1457//766 
f 1456//766 1465//766 2366//766 
f 1448//766 2118//766 2358//766 
f 1446//766 1453//766 2365//766 
f 1444//766 2275//766 2364//766 
f 1429//766 2282//766 2362//766 
f 1427//766 2348//766 2361//766 
f 1420//766 2247//766 2360//766 
f 1412//766 2248//766 2359//766 
f 1403//766 2119//766 1410//766 
f 1393//766 2130//766 2357//766 
f 1378//766 2356//766 1352//766 
f 1324//766 1325//766 1317//766 
f 1306//766 2367//766 2354//766 
o mesh30
f 2380//767 1565//767 1568//768 
f 1568//768 2381//769 2380//767 
f 1565//767 2380//767 2382//770 
f 1563//770 2382//770 2383//771 
f 1561//771 2383//771 2384//772 
f 1559//772 2384//772 2385//773 
f 2385//773 2386//774 1556//775 
f 2386//774 1574//774 1556//775 
f 1574//774 2386//774 2387//776 
f 1569//776 2387//776 2388//777 
f 1570//777 2388//777 2389//778 
f 1573//778 2389//778 2390//779 
f 1571//779 2390//779 2391//780 
f 2391//780 2392//781 1583//782 
f 2392//781 1586//781 1583//782 
f 1586//781 2392//781 2393//783 
f 1582//783 2393//783 2394//784 
f 2394//784 2395//785 1577//786 
f 2395//785 1651//785 1577//786 
f 1651//785 2395//785 2396//787 
f 1654//787 2396//787 2397//788 
f 1650//788 2397//788 2398//789 
f 1644//789 2398//789 2399//790 
f 2399//790 1628//790 1644//789 
f 2398//789 1644//789 1650//788 
f 2397//788 1650//788 1654//787 
f 2396//787 1654//787 1651//785 
f 1577//786 1576//791 2394//784 
f 2394//784 1576//791 1582//783 
f 2393//783 1582//783 1586//781 
f 1583//782 1572//792 2391//780 
f 2391//780 1572//792 1571//779 
f 2390//779 1571//779 1573//778 
f 2389//778 1573//778 1570//777 
f 2388//777 1570//777 1569//776 
f 2387//776 1569//776 1574//774 
f 1556//775 1555//793 2385//773 
f 2385//773 1555//793 1559//772 
f 2384//772 1559//772 1561//771 
f 2383//771 1561//771 1563//770 
f 2382//770 1563//770 1565//767 
f 1568//768 2351//794 2381//769 
o mesh31
f 2400//795 2401//795 2402//795 
f 2401//795 2403//795 2404//795 
f 2391//795 2405//795 2406//795 
f 2404//795 2402//795 2401//795 
f 2403//795 2407//795 2408//795 
f 2409//795 2410//795 2411//795 
f 2412//795 2413//795 2410//795 
f 2414//795 2415//795 2416//795 
f 2417//795 2418//795 2415//795 
f 2419//795 2420//795 2421//795 
f 2422//795 2423//795 2420//795 
f 2424//795 2425//795 2423//795 
f 2426//795 2427//795 2425//795 
f 2428//795 2429//795 2430//795 
f 2429//795 2431//795 2432//795 
f 2398//795 2433//795 2434//795 
f 2397//795 2435//795 2433//795 
f 2396//795 2436//795 2435//795 
f 2395//795 2437//795 2436//795 
f 2394//795 2438//795 2437//795 
f 2393//795 2439//795 2438//795 
f 2392//795 2406//795 2439//795 
f 2406//795 2392//795 2391//795 
f 2440//795 2441//795 2442//795 
f 2408//795 2404//795 2403//795 
f 2407//795 2443//795 2444//795 
f 2445//795 2446//795 2447//795 
f 2448//795 2449//795 2446//795 
f 2450//795 2451//795 2449//795 
f 2452//795 2411//795 2451//795 
f 2410//795 2409//795 2412//795 
f 2453//795 2416//795 2413//795 
f 2415//795 2414//795 2417//795 
f 2454//795 2455//795 2418//795 
f 2456//795 2457//795 2458//795 
f 2457//795 2459//795 2460//795 
f 2461//795 2462//795 2463//795 
f 2464//795 2465//795 2462//795 
f 2420//795 2419//795 2422//795 
f 2425//795 2424//795 2426//795 
f 2466//795 2467//795 2427//795 
f 2468//795 2469//795 2467//795 
f 2470//795 2471//795 2472//795 
f 2473//795 2474//795 2471//795 
f 2475//795 2428//795 2476//795 
f 2432//795 2430//795 2429//795 
f 2433//795 2398//795 2397//795 
f 2436//795 2396//795 2395//795 
f 2438//795 2394//795 2393//795 
f 2391//795 2390//795 2405//795 
f 2388//795 2387//795 2477//795 
f 2387//795 2386//795 2478//795 
f 2386//795 2385//795 2479//795 
f 2385//795 2384//795 2480//795 
f 2383//795 2382//795 2481//795 
f 2380//795 2482//795 2481//795 
f 2483//795 2484//795 2485//795 
f 2486//795 2487//795 2484//795 
f 2488//795 2489//795 2440//795 
f 2444//795 2408//795 2407//795 
f 2443//795 2490//795 2491//795 
f 2490//795 2492//795 2493//795 
f 2492//795 2494//795 2495//795 
f 2446//795 2445//795 2448//795 
f 2451//795 2450//795 2452//795 
f 2413//795 2412//795 2453//795 
f 2418//795 2417//795 2454//795 
f 2496//795 2497//795 2455//795 
f 2498//795 2499//795 2497//795 
f 2500//795 2501//795 2502//795 
f 2501//795 2503//795 2504//795 
f 2460//795 2458//795 2457//795 
f 2459//795 2505//795 2506//795 
f 2505//795 2507//795 2508//795 
f 2507//795 2509//795 2510//795 
f 2511//795 2463//795 2512//795 
f 2462//795 2461//795 2464//795 
f 2513//795 2514//795 2515//795 
f 2516//795 2517//795 2514//795 
f 2423//795 2422//795 2424//795 
f 2467//795 2466//795 2468//795 
f 2518//795 2472//795 2469//795 
f 2471//795 2470//795 2473//795 
f 2519//795 2520//795 2521//795 
f 2522//795 2475//795 2523//795 
f 2430//795 2476//795 2428//795 
f 2524//795 2525//795 2526//795 
f 2525//795 2527//795 2528//795 
f 2529//795 2530//795 2531//795 
f 2530//795 2532//795 2533//795 
f 2534//795 2535//795 2536//795 
f 2532//795 2535//795 2534//795 
f 2435//795 2397//795 2396//795 
f 2439//795 2393//795 2392//795 
f 2390//795 2389//795 2537//795 
f 2389//795 2388//795 2538//795 
f 2478//795 2477//795 2387//795 
f 2480//795 2479//795 2385//795 
f 2384//795 2383//795 2539//795 
f 2481//795 2382//795 2380//795 
f 2484//795 2483//795 2486//795 
f 2540//795 2541//795 2487//795 
f 2442//795 2488//795 2440//795 
f 2542//795 2543//795 2544//795 
f 2543//795 2400//795 2545//795 
f 2491//795 2444//795 2443//795 
f 2495//795 2493//795 2492//795 
f 2449//795 2448//795 2450//795 
f 2416//795 2453//795 2414//795 
f 2497//795 2496//795 2498//795 
f 2546//795 2547//795 2499//795 
f 2504//795 2502//795 2501//795 
f 2503//795 2548//795 2549//795 
f 2506//795 2460//795 2459//795 
f 2510//795 2508//795 2507//795 
f 2509//795 2550//795 2551//795 
f 2552//795 2553//795 2554//795 
f 2553//795 2555//795 2556//795 
f 2557//795 2558//795 2559//795 
f 2558//795 2560//795 2561//795 
f 2560//795 2562//795 2563//795 
f 2562//795 2564//795 2565//795 
f 2566//795 2512//795 2567//795 
f 2463//795 2511//795 2461//795 
f 2568//795 2569//795 2465//795 
f 2570//795 2515//795 2569//795 
f 2514//795 2513//795 2516//795 
f 2571//795 2572//795 2517//795 
f 2573//795 2574//795 2572//795 
f 2575//795 2421//795 2574//795 
f 2427//795 2426//795 2466//795 
f 2472//795 2518//795 2470//795 
f 2576//795 2521//795 2474//795 
f 2521//795 2576//795 2519//795 
f 2577//795 2578//795 2579//795 
f 2578//795 2580//795 2581//795 
f 2580//795 2522//795 2582//795 
f 2476//795 2523//795 2475//795 
f 2528//795 2526//795 2525//795 
f 2527//795 2583//795 2584//795 
f 2585//795 2586//795 2587//795 
f 2533//795 2531//795 2530//795 
f 2534//795 2533//795 2532//795 
f 2588//795 2589//795 2381//795 
f 2437//795 2395//795 2394//795 
f 2538//795 2537//795 2389//795 
f 2479//795 2478//795 2386//795 
f 2481//795 2539//795 2383//795 
f 2381//795 2590//795 2591//795 
f 2592//795 2593//795 2594//795 
f 2595//795 2596//795 2593//795 
f 2597//795 2485//795 2596//795 
f 2487//795 2486//795 2540//795 
f 2598//795 2599//795 2541//795 
f 2600//795 2601//795 2599//795 
f 2602//795 2603//795 2601//795 
f 2604//795 2605//795 2603//795 
f 2489//795 2488//795 2605//795 
f 2441//795 2606//795 2442//795 
f 2607//795 2608//795 2609//795 
f 2545//795 2544//795 2543//795 
f 2493//795 2491//795 2490//795 
f 2494//795 2610//795 2611//795 
f 2610//795 2612//795 2613//795 
f 2411//795 2452//795 2409//795 
f 2499//795 2498//795 2546//795 
f 2614//795 2615//795 2547//795 
f 2616//795 2617//795 2615//795 
f 2618//795 2619//795 2620//795 
f 2621//795 2622//795 2623//795 
f 2622//795 2500//795 2624//795 
f 2549//795 2504//795 2503//795 
f 2548//795 2625//795 2626//795 
f 2625//795 2456//795 2627//795 
f 2508//795 2506//795 2505//795 
f 2550//795 2628//795 2551//795 
f 2550//795 2629//795 2630//795 
f 2631//795 2632//795 2633//795 
f 2632//795 2634//795 2635//795 
f 2634//795 2636//795 2637//795 
f 2636//795 2552//795 2638//795 
f 2556//795 2554//795 2553//795 
f 2555//795 2639//795 2640//795 
f 2639//795 2557//795 2641//795 
f 2561//795 2559//795 2558//795 
f 2565//795 2563//795 2562//795 
f 2564//795 2642//795 2643//795 
f 2642//795 2644//795 2645//795 
f 2644//795 2646//795 2647//795 
f 2512//795 2566//795 2511//795 
f 2569//795 2568//795 2570//795 
f 2517//795 2516//795 2571//795 
f 2574//795 2573//795 2575//795 
f 2469//795 2468//795 2518//795 
f 2519//795 2577//795 2520//795 
f 2581//795 2579//795 2578//795 
f 2523//795 2582//795 2522//795 
f 2584//795 2528//795 2527//795 
f 2583//795 2648//795 2649//795 
f 2587//795 2650//795 2585//795 
f 2589//795 2529//795 2651//795 
f 2536//795 2652//795 2534//795 
f 2587//795 2653//795 2588//795 
f 2537//795 2405//795 2390//795 
f 2539//795 2480//795 2384//795 
f 2381//795 2654//795 2482//795 
f 2381//795 2655//795 2590//795 
f 2656//795 2657//795 2658//795 
f 2657//795 2659//795 2660//795 
f 2659//795 2661//795 2662//795 
f 2593//795 2592//795 2595//795 
f 2485//795 2597//795 2483//795 
f 2599//795 2598//795 2600//795 
f 2603//795 2602//795 2604//795 
f 2606//795 2663//795 2442//795 
f 2664//795 2665//795 2607//795 
f 2608//795 2542//795 2666//795 
f 2402//795 2545//795 2400//795 
f 2613//795 2611//795 2610//795 
f 2612//795 2667//795 2668//795 
f 2667//795 2669//795 2670//795 
f 2455//795 2454//795 2496//795 
f 2615//795 2614//795 2616//795 
f 2671//795 2672//795 2617//795 
f 2672//795 2671//795 2618//795 
f 2673//795 2674//795 2675//795 
f 2674//795 2621//795 2676//795 
f 2624//795 2623//795 2622//795 
f 2626//795 2549//795 2548//795 
f 2458//795 2627//795 2456//795 
f 2630//795 2628//795 2550//795 
f 2677//795 2678//795 2679//795 
f 2635//795 2633//795 2632//795 
f 2638//795 2637//795 2636//795 
f 2640//795 2556//795 2555//795 
f 2559//795 2641//795 2557//795 
f 2643//795 2565//795 2564//795 
f 2647//795 2645//795 2644//795 
f 2680//795 2681//795 2682//795 
f 2681//795 2683//795 2684//795 
f 2465//795 2464//795 2568//795 
f 2572//795 2571//795 2573//795 
f 2474//795 2473//795 2576//795 
f 2582//795 2581//795 2580//795 
f 2431//795 2524//795 2685//795 
f 2649//795 2584//795 2583//795 
f 2648//795 2585//795 2650//795 
f 2586//795 2686//795 2587//795 
f 2531//795 2651//795 2529//795 
f 2381//795 2587//795 2588//795 
f 2477//795 2538//795 2388//795 
f 2591//795 2654//795 2381//795 
f 2588//795 2687//795 2656//795 
f 2662//795 2660//795 2659//795 
f 2661//795 2688//795 2689//795 
f 2690//795 2691//795 2692//795 
f 2594//795 2690//795 2592//795 
f 2541//795 2540//795 2598//795 
f 2605//795 2604//795 2489//795 
f 2693//795 2694//795 2695//795 
f 2666//795 2609//795 2608//795 
f 2611//795 2495//795 2494//795 
f 2670//795 2668//795 2667//795 
f 2669//795 2696//795 2697//795 
f 2547//795 2546//795 2614//795 
f 2620//795 2672//795 2618//795 
f 2619//795 2673//795 2698//795 
f 2676//795 2675//795 2674//795 
f 2502//795 2624//795 2500//795 
f 2551//795 2510//795 2509//795 
f 2550//795 2699//795 2700//795 
f 2701//795 2702//795 2677//795 
f 2701//795 2703//795 2704//795 
f 2678//795 2631//795 2705//795 
f 2637//795 2635//795 2634//795 
f 2641//795 2640//795 2639//795 
f 2645//795 2643//795 2642//795 
f 2646//795 2680//795 2706//795 
f 2684//795 2682//795 2681//795 
f 2683//795 2707//795 2708//795 
f 2707//795 2709//795 2710//795 
f 2709//795 2711//795 2712//795 
f 2711//795 2713//795 2714//795 
f 2713//795 2715//795 2716//795 
f 2715//795 2717//795 2718//795 
f 2717//795 2719//795 2720//795 
f 2719//795 2721//795 2722//795 
f 2515//795 2570//795 2513//795 
f 2579//795 2520//795 2577//795 
f 2526//795 2685//795 2524//795 
f 2686//795 2653//795 2587//795 
f 2589//795 2655//795 2381//795 
f 2482//795 2380//795 2381//795 
f 2588//795 2653//795 2687//795 
f 2689//795 2662//795 2661//795 
f 2594//795 2691//795 2690//795 
f 2601//795 2600//795 2602//795 
f 2534//795 2695//795 2690//795 
f 2695//795 2652//795 2723//795 
f 2665//795 2664//795 2694//795 
f 2544//795 2666//795 2542//795 
f 2697//795 2670//795 2669//795 
f 2442//795 2663//795 2703//795 
f 2617//795 2616//795 2671//795 
f 2675//795 2698//795 2673//795 
f 2627//795 2626//795 2625//795 
f 2700//795 2724//795 2550//795 
f 2704//795 2702//795 2701//795 
f 2633//795 2705//795 2631//795 
f 2563//795 2561//795 2560//795 
f 2682//795 2706//795 2680//795 
f 2710//795 2708//795 2707//795 
f 2714//795 2712//795 2711//795 
f 2718//795 2716//795 2715//795 
f 2722//795 2720//795 2719//795 
f 2421//795 2575//795 2419//795 
f 2650//795 2649//795 2648//795 
f 2434//795 2399//795 2398//795 
f 2660//795 2658//795 2657//795 
f 2596//795 2595//795 2597//795 
f 2534//795 2652//795 2695//795 
f 2694//795 2693//795 2665//795 
f 2668//795 2613//795 2612//795 
f 2701//795 2550//795 2442//795 
f 2698//795 2620//795 2619//795 
f 2724//795 2629//795 2550//795 
f 2705//795 2679//795 2678//795 
f 2706//795 2647//795 2646//795 
f 2712//795 2710//795 2709//795 
f 2720//795 2718//795 2717//795 
f 2685//795 2432//795 2431//795 
f 2658//795 2588//795 2656//795 
f 2690//795 2725//795 2534//795 
f 2609//795 2664//795 2607//795 
f 2701//795 2699//795 2550//795 
f 2623//795 2676//795 2621//795 
f 2554//795 2638//795 2552//795 
f 2716//795 2714//795 2713//795 
f 2651//795 2655//795 2589//795 
f 2695//795 2723//795 2693//795 
f 2447//795 2726//795 2445//795 
f 2708//795 2684//795 2683//795 
f 2692//795 2725//795 2690//795 
f 2679//795 2701//795 2677//795 
f 2703//795 2701//795 2442//795 
f 2567//795 2727//795 2566//795 
o mesh32
f 1619//796 1600//797 2567//797 
f 1620//798 1619//796 2512//799 
f 1610//800 1620//798 2463//801 
f 1611//802 1610//800 2462//803 
f 1608//804 1611//802 2465//805 
f 1609//806 1608//804 2569//807 
f 1607//808 1609//806 2515//809 
f 1598//810 1607//808 2514//811 
f 1599//812 1598//810 2517//813 
f 1605//814 1599//812 2572//815 
f 1606//816 1605//814 2574//817 
f 1635//818 1606//816 2421//819 
f 1636//820 1635//818 2420//821 
f 1633//822 1636//820 2423//823 
f 1634//824 1633//822 2425//825 
f 1648//826 1634//824 2427//827 
f 1643//828 1648//826 2467//829 
f 1649//830 1643//828 2469//831 
f 2471//832 1578//832 1580//833 
f 1580//833 2472//834 2471//832 
f 1579//835 1578//832 2471//832 
f 1575//836 1579//835 2474//835 
f 1581//837 1575//836 2521//836 
f 1587//838 1581//837 2520//837 
f 1585//839 1587//838 2579//838 
f 1588//840 1585//839 2581//839 
f 1584//841 1588//840 2582//840 
f 2476//842 1553//842 1552//843 
f 1552//843 2523//844 2476//842 
f 1549//845 1553//842 2476//842 
f 1550//846 1549//845 2430//845 
f 1551//847 1550//846 2432//846 
f 2526//848 1557//848 1554//849 
f 1554//849 2685//850 2526//848 
f 1558//851 1557//848 2526//848 
f 1560//852 1558//851 2528//851 
f 1562//853 1560//852 2584//852 
f 1564//854 1562//853 2649//853 
f 1566//855 1564//854 2650//854 
f 2650//854 2587//855 1566//855 
f 2649//853 2650//854 1564//854 
f 2584//852 2649//853 1562//853 
f 2528//851 2584//852 1560//852 
f 2526//848 2528//851 1558//851 
f 1554//849 1551//847 2685//850 
f 2432//846 2685//850 1551//847 
f 2430//845 2432//846 1550//846 
f 2476//842 2430//845 1549//845 
f 1552//843 1584//841 2523//844 
f 2582//840 2523//844 1584//841 
f 2581//839 2582//840 1588//840 
f 2579//838 2581//839 1585//839 
f 2520//837 2579//838 1587//838 
f 2521//836 2520//837 1581//837 
f 2474//835 2521//836 1575//836 
f 2471//832 2474//835 1579//835 
f 1580//833 1649//830 2472//834 
f 2469//831 2472//834 1649//830 
f 2467//829 2469//831 1643//828 
f 2427//827 2467//829 1648//826 
f 2425//825 2427//827 1634//824 
f 2423//823 2425//825 1633//822 
f 2420//821 2423//823 1636//820 
f 2421//819 2420//821 1635//818 
f 2574//817 2421//819 1606//816 
f 2572//815 2574//817 1605//814 
f 2517//813 2572//815 1599//812 
f 2514//811 2517//813 1598//810 
f 2515//809 2514//811 1607//808 
f 2569//807 2515//809 1609//806 
f 2465//805 2569//807 1608//804 
f 2462//803 2465//805 1611//802 
f 2463//801 2462//803 1610//800 
f 2512//799 2463//801 1620//798 
f 2567//797 2512//799 1619//796 
o mesh33
f 2534//856 2725//856 1708//856 
f 2725//856 1719//856 1708//856 
f 1708//856 2350//856 2534//856 
o mesh34
f 2169//857 2690//857 2695//857 
f 2695//857 2166//857 2169//857 
o mesh35
f 2442//858 2550//858 1745//858 
f 1745//858 1763//858 2442//858 
f 2550//858 1792//858 1745//858 
f 1763//858 2349//858 2442//858 
o mesh36
f 2699//859 2701//859 2064//859 
f 2064//859 1963//859 2699//859 
f 2701//859 2092//859 2064//859 
f 1963//859 1951//859 2699//859 
f 1951//859 1954//859 2699//859 
o mesh37
f 1827//860 1799//861 2447//861 
f 1828//862 1827//860 2446//863 
f 1846//864 1828//862 2449//865 
f 2411//866 1862//866 1847//867 
f 1847//867 2451//868 2411//866 
f 1861//869 1862//866 2411//866 
f 1855//870 1861//869 2410//869 
f 1856//871 1855//870 2413//870 
f 1860//872 1856//871 2416//871 
f 1853//873 1860//872 2415//872 
f 1854//874 1853//873 2418//873 
f 1866//875 1854//874 2455//874 
f 1858//876 1866//875 2497//875 
f 1859//877 1858//876 2499//876 
f 1868//878 1859//877 2547//877 
f 1944//879 1868//878 2615//878 
f 1904//880 1944//879 2617//879 
f 1905//881 1904//880 2672//880 
f 1920//882 1905//881 2620//881 
f 1918//883 1920//882 2698//882 
f 1919//884 1918//883 2675//883 
f 1956//885 1919//884 2676//884 
f 1942//886 1956//885 2623//885 
f 1943//887 1942//886 2624//886 
f 1948//888 1943//887 2502//887 
f 1910//889 1948//888 2504//888 
f 1911//890 1910//889 2549//889 
f 1928//891 1911//890 2626//890 
f 1947//892 1928//891 2627//891 
f 1926//893 1947//892 2458//892 
f 1927//894 1926//893 2460//893 
f 1924//895 1927//894 2506//894 
f 1925//896 1924//895 2508//895 
f 1922//897 1925//896 2510//896 
f 1923//898 1922//897 2551//897 
f 1945//899 1923//898 2628//898 
f 1946//900 1945//899 2630//899 
f 1955//901 1946//900 2629//900 
f 1953//902 1955//901 2724//901 
f 1954//903 1953//902 2700//902 
f 2700//902 2699//903 1954//903 
f 2724//901 2700//902 1953//902 
f 2629//900 2724//901 1955//901 
f 2630//899 2629//900 1946//900 
f 2628//898 2630//899 1945//899 
f 2551//897 2628//898 1923//898 
f 2510//896 2551//897 1922//897 
f 2508//895 2510//896 1925//896 
f 2506//894 2508//895 1924//895 
f 2460//893 2506//894 1927//894 
f 2458//892 2460//893 1926//893 
f 2627//891 2458//892 1947//892 
f 2626//890 2627//891 1928//891 
f 2549//889 2626//890 1911//890 
f 2504//888 2549//889 1910//889 
f 2502//887 2504//888 1948//888 
f 2624//886 2502//887 1943//887 
f 2623//885 2624//886 1942//886 
f 2676//884 2623//885 1956//885 
f 2675//883 2676//884 1919//884 
f 2698//882 2675//883 1918//883 
f 2620//881 2698//882 1920//882 
f 2672//880 2620//881 1905//881 
f 2617//879 2672//880 1904//880 
f 2615//878 2617//879 1944//879 
f 2547//877 2615//878 1868//878 
f 2499//876 2547//877 1859//877 
f 2497//875 2499//876 1858//876 
f 2455//874 2497//875 1866//875 
f 2418//873 2455//874 1854//874 
f 2415//872 2418//873 1853//873 
f 2416//871 2415//872 1860//872 
f 2413//870 2416//871 1856//871 
f 2410//869 2413//870 1855//870 
f 2411//866 2410//869 1861//869 
f 1847//867 1846//864 2451//868 
f 2449//865 2451//868 1846//864 
f 2446//863 2449//865 1828//862 
f 2447//861 2446//863 1827//860 
o mesh38
f 1799//904 1798//904 2726//904 
f 2726//904 2447//904 1799//904 
o mesh39
f 1792//905 2550//905 2509//906 
f 1776//906 2509//906 2507//907 
f 1777//907 2507//907 2505//908 
f 1789//908 2505//908 2459//909 
f 1774//909 2459//909 2457//910 
f 1775//910 2457//910 2456//911 
f 1770//911 2456//911 2625//912 
f 1767//912 2625//912 2548//913 
f 1768//913 2548//913 2503//914 
f 1769//914 2503//914 2501//915 
f 1791//915 2501//915 2500//916 
f 1787//916 2500//916 2622//917 
f 1788//917 2622//917 2621//918 
f 1785//918 2621//918 2674//919 
f 1786//919 2674//919 2673//920 
f 1772//920 2673//920 2619//921 
f 1773//921 2619//921 2618//922 
f 1783//922 2618//922 2671//923 
f 1781//923 2671//923 2616//924 
f 1782//924 2616//924 2614//925 
f 1779//925 2614//925 2546//926 
f 1780//926 2546//926 2498//927 
f 2498//927 2496//928 1793//929 
f 2496//928 1810//928 1793//929 
f 1810//928 2496//928 2454//930 
f 1826//930 2454//930 2417//931 
f 1823//931 2417//931 2414//932 
f 1824//932 2414//932 2453//933 
f 1821//933 2453//933 2412//934 
f 1806//934 2412//934 2409//935 
f 1803//935 2409//935 2452//936 
f 1804//936 2452//936 2450//937 
f 1816//937 2450//937 2448//938 
f 1844//938 2448//938 2445//939 
f 1834//939 2445//939 2726//940 
f 2726//940 1798//940 1834//939 
f 2445//939 1834//939 1844//938 
f 2448//938 1844//938 1816//937 
f 2450//937 1816//937 1804//936 
f 2452//936 1804//936 1803//935 
f 2409//935 1803//935 1806//934 
f 2412//934 1806//934 1821//933 
f 2453//933 1821//933 1824//932 
f 2414//932 1824//932 1823//931 
f 2417//931 1823//931 1826//930 
f 2454//930 1826//930 1810//928 
f 1793//929 1790//941 2498//927 
f 2498//927 1790//941 1780//926 
f 2546//926 1780//926 1779//925 
f 2614//925 1779//925 1782//924 
f 2616//924 1782//924 1781//923 
f 2671//923 1781//923 1783//922 
f 2618//922 1783//922 1773//921 
f 2619//921 1773//921 1772//920 
f 2673//920 1772//920 1786//919 
f 2674//919 1786//919 1785//918 
f 2621//918 1785//918 1788//917 
f 2622//917 1788//917 1787//916 
f 2500//916 1787//916 1791//915 
f 2501//915 1791//915 1769//914 
f 2503//914 1769//914 1768//913 
f 2548//913 1768//913 1767//912 
f 2625//912 1767//912 1770//911 
f 2456//911 1770//911 1775//910 
f 2457//910 1775//910 1774//909 
f 2459//909 1774//909 1789//908 
f 2505//908 1789//908 1777//907 
f 2507//907 1777//907 1776//906 
f 2509//906 1776//906 1792//905 
o mesh40
f 1723//942 1719//943 2725//943 
f 1724//944 1723//942 2692//945 
f 2691//944 2594//946 1734//947 
f 2594//946 1751//946 1734//947 
f 1752//948 1751//946 2594//946 
f 1743//949 1752//948 2593//948 
f 1744//950 1743//949 2596//949 
f 1754//951 1744//950 2485//950 
f 1740//952 1754//951 2484//951 
f 1741//953 1740//952 2487//952 
f 1742//954 1741//953 2541//953 
f 1746//955 1742//954 2599//954 
f 1756//956 1746//955 2601//955 
f 1757//957 1756//956 2603//956 
f 1761//958 1757//957 2605//957 
f 2442//959 2349//959 1762//960 
f 1762//960 2488//961 2442//959 
f 1762//960 1761//958 2488//961 
f 2605//957 2488//961 1761//958 
f 2603//956 2605//957 1757//957 
f 2601//955 2603//956 1756//956 
f 2599//954 2601//955 1746//955 
f 2541//953 2599//954 1742//954 
f 2487//952 2541//953 1741//953 
f 2484//951 2487//952 1740//952 
f 2485//950 2484//951 1754//951 
f 2596//949 2485//950 1744//950 
f 2593//948 2596//949 1743//949 
f 2594//946 2593//948 1752//948 
f 1734//947 1724//944 2691//944 
f 2692//945 2691//944 1724//944 
f 2725//943 2692//945 1723//942 
o mesh41
f 2721//962 2137//962 2116//962 
f 2116//962 2722//962 2721//962 
f 2116//962 2107//962 2722//962 
o mesh42
f 2086//963 2092//964 2701//964 
f 2087//965 2086//963 2679//966 
f 2090//967 2087//965 2705//968 
f 2091//969 2090//967 2633//970 
f 2088//971 2091//969 2635//972 
f 2089//973 2088//971 2637//974 
f 2084//975 2089//973 2638//976 
f 2085//977 2084//975 2554//978 
f 2082//979 2085//977 2556//980 
f 2641//981 2112//982 2083//983 
f 2083//983 2640//984 2641//981 
f 2641//981 2102//985 2112//982 
f 2095//986 2102//985 2641//981 
f 2096//987 2095//986 2559//986 
f 2101//988 2096//987 2561//987 
f 2093//989 2101//988 2563//988 
f 2094//990 2093//989 2565//989 
f 2105//991 2094//990 2643//990 
f 2106//992 2105//991 2645//991 
f 2111//993 2106//992 2647//992 
f 2103//994 2111//993 2706//993 
f 2104//995 2103//994 2682//994 
f 2099//996 2104//995 2684//995 
f 2100//997 2099//996 2708//996 
f 2097//998 2100//997 2710//997 
f 2098//999 2097//998 2712//998 
f 2109//1000 2098//999 2714//999 
f 2110//1001 2109//1000 2716//1000 
f 2117//1002 2110//1001 2718//1001 
f 2107//1003 2117//1002 2720//1002 
f 2720//1002 2722//1003 2107//1003 
f 2718//1001 2720//1002 2117//1002 
f 2716//1000 2718//1001 2110//1001 
f 2714//999 2716//1000 2109//1000 
f 2712//998 2714//999 2098//999 
f 2710//997 2712//998 2097//998 
f 2708//996 2710//997 2100//997 
f 2684//995 2708//996 2099//996 
f 2682//994 2684//995 2104//995 
f 2706//993 2682//994 2103//994 
f 2647//992 2706//993 2111//993 
f 2645//991 2647//992 2106//992 
f 2643//990 2645//991 2105//991 
f 2565//989 2643//990 2094//990 
f 2563//988 2565//989 2093//989 
f 2561//987 2563//988 2101//988 
f 2559//986 2561//987 2096//987 
f 2641//981 2559//986 2095//986 
f 2083//983 2082//979 2640//984 
f 2556//980 2640//984 2082//979 
f 2554//978 2556//980 2085//977 
f 2638//976 2554//978 2084//975 
f 2637//974 2638//976 2089//973 
f 2635//972 2637//974 2088//971 
f 2633//970 2635//972 2091//969 
f 2705//968 2633//970 2090//967 
f 2679//966 2705//968 2087//965 
f 2701//964 2679//966 2086//963 
o mesh43
f 2137//1004 2721//1004 2719//1005 
f 2134//1005 2719//1005 2717//1006 
f 2129//1006 2717//1006 2715//1007 
f 2120//1007 2715//1007 2713//1008 
f 2121//1008 2713//1008 2711//1009 
f 2139//1009 2711//1009 2709//1010 
f 2132//1010 2709//1010 2707//1011 
f 2133//1011 2707//1011 2683//1012 
f 2138//1012 2683//1012 2681//1013 
f 2131//1013 2681//1013 2680//1014 
f 2128//1014 2680//1014 2646//1015 
f 2646//1015 2644//1016 2125//1017 
f 2644//1016 2146//1016 2125//1017 
f 2146//1016 2644//1016 2642//1018 
f 2144//1018 2642//1018 2564//1019 
f 2145//1019 2564//1019 2562//1020 
f 2142//1020 2562//1020 2560//1021 
f 2558//1022 2155//1022 2158//1023 
f 2158//1023 2560//1021 2558//1022 
f 2155//1022 2558//1022 2557//1024 
f 2150//1024 2557//1024 2639//1025 
f 2151//1025 2639//1025 2555//1026 
f 2147//1026 2555//1026 2553//1027 
f 2148//1027 2553//1027 2552//1028 
f 2636//1029 2164//1029 2157//1030 
f 2157//1030 2552//1028 2636//1029 
f 2164//1029 2636//1029 2634//1031 
f 2161//1031 2634//1031 2632//1032 
f 2162//1032 2632//1032 2631//1033 
f 2165//1033 2631//1033 2678//1034 
f 2163//1034 2678//1034 2677//1035 
f 2159//1035 2677//1035 2702//1036 
f 2704//1037 2211//1037 2213//1038 
f 2213//1038 2702//1036 2704//1037 
f 2211//1037 2704//1037 2703//1039 
f 2209//1039 2703//1039 2663//1040 
f 2205//1040 2663//1040 2606//1041 
f 2203//1041 2606//1041 2441//1042 
f 2441//1042 2440//1043 2196//1044 
f 2440//1043 2197//1043 2196//1044 
f 2440//1043 2489//1045 2191//1046 
f 2489//1045 2192//1045 2191//1046 
f 2192//1045 2489//1045 2604//1047 
f 2171//1047 2604//1047 2602//1048 
f 2172//1048 2602//1048 2600//1049 
f 2182//1049 2600//1049 2598//1050 
f 2180//1050 2598//1050 2540//1051 
f 2178//1051 2540//1051 2486//1052 
f 2188//1052 2486//1052 2483//1053 
f 2175//1053 2483//1053 2597//1054 
f 2187//1054 2597//1054 2595//1055 
f 2183//1055 2595//1055 2592//1056 
f 2592//1056 2690//1057 2168//1058 
f 2690//1057 2169//1057 2168//1058 
f 2168//1058 2184//1059 2592//1056 
f 2592//1056 2184//1059 2183//1055 
f 2595//1055 2183//1055 2187//1054 
f 2597//1054 2187//1054 2175//1053 
f 2483//1053 2175//1053 2188//1052 
f 2486//1052 2188//1052 2178//1051 
f 2540//1051 2178//1051 2180//1050 
f 2598//1050 2180//1050 2182//1049 
f 2600//1049 2182//1049 2172//1048 
f 2602//1048 2172//1048 2171//1047 
f 2604//1047 2171//1047 2192//1045 
f 2191//1046 2197//1043 2440//1043 
f 2196//1044 2200//1060 2441//1042 
f 2441//1042 2200//1060 2203//1041 
f 2606//1041 2203//1041 2205//1040 
f 2663//1040 2205//1040 2209//1039 
f 2703//1039 2209//1039 2211//1037 
f 2213//1038 2160//1061 2702//1036 
f 2702//1036 2160//1061 2159//1035 
f 2677//1035 2159//1035 2163//1034 
f 2678//1034 2163//1034 2165//1033 
f 2631//1033 2165//1033 2162//1032 
f 2632//1032 2162//1032 2161//1031 
f 2634//1031 2161//1031 2164//1029 
f 2157//1030 2153//1062 2552//1028 
f 2552//1028 2153//1062 2148//1027 
f 2553//1027 2148//1027 2147//1026 
f 2555//1026 2147//1026 2151//1025 
f 2639//1025 2151//1025 2150//1024 
f 2557//1024 2150//1024 2155//1022 
f 2158//1023 2143//1063 2560//1021 
f 2560//1021 2143//1063 2142//1020 
f 2562//1020 2142//1020 2145//1019 
f 2564//1019 2145//1019 2144//1018 
f 2642//1018 2144//1018 2146//1016 
f 2125//1017 2124//1064 2646//1015 
f 2646//1015 2124//1064 2128//1014 
f 2680//1014 2128//1014 2131//1013 
f 2681//1013 2131//1013 2138//1012 
f 2683//1012 2138//1012 2133//1011 
f 2707//1011 2133//1011 2132//1010 
f 2709//1010 2132//1010 2139//1009 
f 2711//1009 2139//1009 2121//1008 
f 2713//1008 2121//1008 2120//1007 
f 2715//1007 2120//1007 2129//1006 
f 2717//1006 2129//1006 2134//1005 
f 2719//1005 2134//1005 2137//1004 
o mesh44
f 2434//1065 2433//1066 1656//1067 
f 2433//1066 1674//1066 1656//1067 
f 1675//1068 1674//1066 2433//1066 
f 1677//1069 1675//1068 2435//1068 
f 1679//1070 1677//1069 2436//1069 
f 1663//1071 1679//1070 2437//1070 
f 2439//1072 1705//1072 1680//1073 
f 1680//1073 2438//1074 2439//1072 
f 1704//1075 1705//1072 2439//1072 
f 1698//1076 1704//1075 2406//1075 
f 1695//1077 1698//1076 2405//1076 
f 1696//1078 1695//1077 2537//1077 
f 1702//1079 1696//1078 2538//1078 
f 1703//1080 1702//1079 2477//1079 
f 1706//1081 1703//1080 2478//1080 
f 1700//1082 1706//1081 2479//1081 
f 2539//1083 1707//1083 1701//1084 
f 1701//1084 2480//1085 2539//1083 
f 2481//1086 1712//1086 1716//1087 
f 1716//1087 2539//1083 2481//1086 
f 1713//1088 1712//1086 2481//1086 
f 1715//1089 1713//1088 2482//1088 
f 1714//1090 1715//1089 2654//1089 
f 1709//1091 1714//1090 2591//1090 
f 1710//1092 1709//1091 2590//1091 
f 1711//1093 1710//1092 2655//1092 
f 1717//1094 1711//1093 2651//1093 
f 1718//1095 1717//1094 2531//1094 
f 2350//1096 1718//1095 2533//1095 
f 2533//1095 2534//1096 2350//1096 
f 2531//1094 2533//1095 1718//1095 
f 2651//1093 2531//1094 1717//1094 
f 2655//1092 2651//1093 1711//1093 
f 2590//1091 2655//1092 1710//1092 
f 2591//1090 2590//1091 1709//1091 
f 2654//1089 2591//1090 1714//1090 
f 2482//1088 2654//1089 1715//1089 
f 2481//1086 2482//1088 1713//1088 
f 1716//1087 1707//1083 2539//1083 
f 1701//1084 1700//1082 2480//1085 
f 2479//1081 2480//1085 1700//1082 
f 2478//1080 2479//1081 1706//1081 
f 2477//1079 2478//1080 1703//1080 
f 2538//1078 2477//1079 1702//1079 
f 2537//1077 2538//1078 1696//1078 
f 2405//1076 2537//1077 1695//1077 
f 2406//1075 2405//1076 1698//1076 
f 2439//1072 2406//1075 1704//1075 
f 1680//1073 1663//1071 2438//1074 
f 2437//1070 2438//1074 1663//1071 
f 2436//1069 2437//1070 1679//1070 
f 2435//1068 2436//1069 1677//1069 
f 2433//1066 2435//1068 1675//1068 
f 1656//1067 1612//1097 2434//1065 
o mesh45
f 2215//1098 2208//1098 2697//1098 
f 2697//1098 2696//1098 2215//1098 
o mesh46
f 2167//1099 2166//1100 2695//1100 
f 2694//1099 2664//1101 2185//1102 
f 2664//1101 2193//1101 2185//1102 
f 2186//1103 2193//1101 2664//1101 
f 2173//1104 2186//1103 2609//1103 
f 2174//1105 2173//1104 2666//1104 
f 2176//1106 2174//1105 2544//1105 
f 2177//1107 2176//1106 2545//1106 
f 2179//1108 2177//1107 2402//1107 
f 2189//1109 2179//1108 2404//1108 
f 2181//1110 2189//1109 2408//1109 
f 2170//1111 2181//1110 2444//1110 
f 2491//1111 2493//1112 2190//1113 
f 2493//1112 2194//1112 2190//1113 
f 2493//1112 2495//1114 2195//1115 
f 2495//1114 2201//1114 2195//1115 
f 2198//1116 2201//1114 2495//1114 
f 2199//1117 2198//1116 2611//1116 
f 2202//1118 2199//1117 2613//1117 
f 2204//1119 2202//1118 2668//1118 
f 2208//1120 2204//1119 2670//1119 
f 2670//1119 2697//1120 2208//1120 
f 2668//1118 2670//1119 2204//1119 
f 2613//1117 2668//1118 2202//1118 
f 2611//1116 2613//1117 2199//1117 
f 2495//1114 2611//1116 2198//1116 
f 2195//1115 2194//1112 2493//1112 
f 2190//1113 2170//1111 2491//1111 
f 2444//1110 2491//1111 2170//1111 
f 2408//1109 2444//1110 2181//1110 
f 2404//1108 2408//1109 2189//1109 
f 2402//1107 2404//1108 2179//1108 
f 2545//1106 2402//1107 2177//1107 
f 2544//1105 2545//1106 2176//1106 
f 2666//1104 2544//1105 2174//1105 
f 2609//1103 2666//1104 2173//1104 
f 2664//1101 2609//1103 2186//1103 
f 2185//1102 2167//1099 2694//1099 
f 2695//1100 2694//1099 2167//1099 
o mesh47
f 2434//1121 1612//1121 1628//1121 
f 1628//1121 2399//1121 2434//1121 
o mesh48
f 2215//1122 2696//1122 2669//1123 
f 2206//1123 2669//1123 2667//1124 
f 2207//1124 2667//1124 2612//1125 
f 2210//1125 2612//1125 2610//1126 
f 2212//1126 2610//1126 2494//1127 
f 2492//1128 2337//1128 2336//1129 
f 2336//1129 2494//1127 2492//1128 
f 2492//1128 2490//1130 2334//1131 
f 2334//1131 2335//1132 2492//1128 
f 2490//1130 2333//1133 2334//1131 
f 2333//1133 2490//1130 2443//1134 
f 2332//1134 2443//1134 2407//1135 
f 2328//1135 2407//1135 2403//1136 
f 2326//1136 2403//1136 2401//1137 
f 2327//1137 2401//1137 2400//1138 
f 2331//1138 2400//1138 2543//1139 
f 2325//1139 2543//1139 2542//1140 
f 2324//1140 2542//1140 2608//1141 
f 2329//1141 2608//1141 2607//1142 
f 2665//1143 2313//1143 2317//1144 
f 2317//1144 2607//1142 2665//1143 
f 2693//1145 1539//1145 1542//1146 
f 1542//1146 2665//1143 2693//1145 
f 1539//1145 2693//1145 2723//1147 
f 1537//1147 2723//1147 2652//1148 
f 1538//1148 2652//1148 2536//1149 
f 1540//1149 2536//1149 2535//1150 
f 1541//1150 2535//1150 2532//1151 
f 1543//1151 2532//1151 2530//1152 
f 1544//1152 2530//1152 2529//1153 
f 1545//1153 2529//1153 2589//1154 
f 2589//1154 2352//1154 1545//1153 
f 2529//1153 1545//1153 1544//1152 
f 2530//1152 1544//1152 1543//1151 
f 2532//1151 1543//1151 1541//1150 
f 2535//1150 1541//1150 1540//1149 
f 2536//1149 1540//1149 1538//1148 
f 2652//1148 1538//1148 1537//1147 
f 2723//1147 1537//1147 1539//1145 
f 1542//1146 2313//1143 2665//1143 
f 2317//1144 2330//1155 2607//1142 
f 2607//1142 2330//1155 2329//1141 
f 2608//1141 2329//1141 2324//1140 
f 2542//1140 2324//1140 2325//1139 
f 2543//1139 2325//1139 2331//1138 
f 2400//1138 2331//1138 2327//1137 
f 2401//1137 2327//1137 2326//1136 
f 2403//1136 2326//1136 2328//1135 
f 2407//1135 2328//1135 2332//1134 
f 2443//1134 2332//1134 2333//1133 
f 2335//1132 2337//1128 2492//1128 
f 2336//1129 2214//1156 2494//1127 
f 2494//1127 2214//1156 2212//1126 
f 2610//1126 2212//1126 2210//1125 
f 2612//1125 2210//1125 2207//1124 
f 2667//1124 2207//1124 2206//1123 
f 2669//1123 2206//1123 2215//1122 
o mesh49
f 2688//1157 2314//1157 2315//1157 
f 2315//1157 2689//1157 2688//1157 
o mesh50
f 2314//1158 2688//1158 2661//1159 
f 2316//1159 2661//1159 2659//1160 
f 2320//1160 2659//1160 2657//1161 
f 2657//1161 2656//1162 2308//1163 
f 2656//1162 2310//1162 2308//1163 
f 2310//1162 2656//1162 2687//1164 
f 2312//1164 2687//1164 2653//1165 
f 2306//1165 2653//1165 2686//1166 
f 2307//1166 2686//1166 2586//1167 
f 2309//1167 2586//1167 2585//1168 
f 2648//1169 1547//1169 1546//1170 
f 1546//1170 2585//1168 2648//1169 
f 1547//1169 2648//1169 2583//1171 
f 2583//1171 2527//1172 2305//1173 
f 2527//1172 2301//1172 2305//1173 
f 2301//1172 2527//1172 2525//1174 
f 2302//1174 2525//1174 2524//1175 
f 2304//1175 2524//1175 2431//1176 
f 2303//1176 2431//1176 2429//1177 
f 2300//1177 2429//1177 2428//1178 
f 2299//1178 2428//1178 2475//1179 
f 2298//1179 2475//1179 2522//1180 
f 2522//1180 2580//1181 2296//1182 
f 2580//1181 2295//1181 2296//1182 
f 2295//1181 2580//1181 2578//1183 
f 2294//1183 2578//1183 2577//1184 
f 2293//1184 2577//1184 2519//1185 
f 2292//1185 2519//1185 2576//1186 
f 2291//1186 2576//1186 2473//1187 
f 2290//1187 2473//1187 2470//1188 
f 2470//1188 2518//1189 1646//1190 
f 2518//1189 1647//1189 1646//1190 
f 1647//1189 2518//1189 2468//1191 
f 1591//1191 2468//1191 2466//1192 
f 1592//1192 2466//1192 2426//1193 
f 1589//1193 2426//1193 2424//1194 
f 1590//1194 2424//1194 2422//1195 
f 1595//1195 2422//1195 2419//1196 
f 1596//1196 2419//1196 2575//1197 
f 1618//1197 2575//1197 2573//1198 
f 1604//1198 2573//1198 2571//1199 
f 1593//1199 2571//1199 2516//1200 
f 1594//1200 2516//1200 2513//1201 
f 1603//1201 2513//1201 2570//1202 
f 1616//1202 2570//1202 2568//1203 
f 1617//1203 2568//1203 2464//1204 
f 1627//1204 2464//1204 2461//1205 
f 1639//1205 2461//1205 2511//1206 
f 1640//1206 2511//1206 2566//1207 
f 1655//1207 2566//1207 2727//1208 
f 2727//1208 1653//1208 1655//1207 
f 2566//1207 1655//1207 1640//1206 
f 2511//1206 1640//1206 1639//1205 
f 2461//1205 1639//1205 1627//1204 
f 2464//1204 1627//1204 1617//1203 
f 2568//1203 1617//1203 1616//1202 
f 2570//1202 1616//1202 1603//1201 
f 2513//1201 1603//1201 1594//1200 
f 2516//1200 1594//1200 1593//1199 
f 2571//1199 1593//1199 1604//1198 
f 2573//1198 1604//1198 1618//1197 
f 2575//1197 1618//1197 1596//1196 
f 2419//1196 1596//1196 1595//1195 
f 2422//1195 1595//1195 1590//1194 
f 2424//1194 1590//1194 1589//1193 
f 2426//1193 1589//1193 1592//1192 
f 2466//1192 1592//1192 1591//1191 
f 2468//1191 1591//1191 1647//1189 
f 1646//1190 2289//1209 2470//1188 
f 2470//1188 2289//1209 2290//1187 
f 2473//1187 2290//1187 2291//1186 
f 2576//1186 2291//1186 2292//1185 
f 2519//1185 2292//1185 2293//1184 
f 2577//1184 2293//1184 2294//1183 
f 2578//1183 2294//1183 2295//1181 
f 2296//1182 2297//1210 2522//1180 
f 2522//1180 2297//1210 2298//1179 
f 2475//1179 2298//1179 2299//1178 
f 2428//1178 2299//1178 2300//1177 
f 2429//1177 2300//1177 2303//1176 
f 2431//1176 2303//1176 2304//1175 
f 2524//1175 2304//1175 2302//1174 
f 2525//1174 2302//1174 2301//1172 
f 2305//1173 1548//1211 2583//1171 
f 2583//1171 1548//1211 1547//1169 
f 1546//1170 2311//1212 2585//1168 
f 2585//1168 2311//1212 2309//1167 
f 2586//1167 2309//1167 2307//1166 
f 2686//1166 2307//1166 2306//1165 
f 2653//1165 2306//1165 2312//1164 
f 2687//1164 2312//1164 2310//1162 
f 2308//1163 2321//1213 2657//1161 
f 2657//1161 2321//1213 2320//1160 
f 2659//1160 2320//1160 2316//1159 
f 2661//1159 2316//1159 2314//1158 
o mesh51
f 1600//1214 1653//1214 2727//1214 
f 2727//1214 2567//1214 1600//1214 
o mesh52
f 2318//1215 2323//1216 2588//1216 
f 2319//1217 2318//1215 2658//1218 
f 2322//1219 2319//1217 2660//1220 
f 2315//1221 2322//1219 2662//1222 
f 2662//1222 2689//1221 2315//1221 
f 2660//1220 2662//1222 2322//1219 
f 2658//1218 2660//1220 2319//1217 
f 2588//1216 2658//1218 2318//1215 
o mesh53
f 2589//1223 2588//1223 1536//1223 
f 2588//1223 2323//1223 1536//1223 
f 1536//1223 2352//1223 2589//1223 
o mesh54
f 2587//1224 2381//1224 1567//1224 
f 2381//1224 2351//1224 1567//1224 
f 1567//1224 1566//1224 2587//1224 
o mesh55
f 2728//1225 1506//1225 1499//1225 
f 2729//1225 1515//1225 1506//1225 
f 1506//1225 2728//1225 2729//1225 
f 1499//1225 1960//1225 2728//1225 
f 1960//1225 1896//1225 2728//1225 
o mesh56
f 2730//1226 2731//1226 2732//1226 
f 2733//1226 2734//1226 2731//1226 
f 2735//1226 2736//1226 2737//1226 
f 2738//1226 2739//1226 2740//1226 
f 2739//1226 2741//1226 2742//1226 
f 2743//1226 2744//1226 2745//1226 
f 2746//1226 2747//1226 2744//1226 
f 2748//1226 2749//1226 2750//1226 
f 2751//1226 2752//1226 2749//1226 
f 2753//1226 2732//1226 2752//1226 
f 2731//1226 2730//1226 2733//1226 
f 2754//1226 2755//1226 2735//1226 
f 2736//1226 2756//1226 2757//1226 
f 2742//1226 2740//1226 2739//1226 
f 2741//1226 2758//1226 2759//1226 
f 2758//1226 2760//1226 2761//1226 
f 2760//1226 2762//1226 2763//1226 
f 2744//1226 2743//1226 2746//1226 
f 2764//1226 2765//1226 2747//1226 
f 2749//1226 2748//1226 2751//1226 
f 2732//1226 2753//1226 2730//1226 
f 2755//1226 2754//1226 2734//1226 
f 2757//1226 2737//1226 2736//1226 
f 2756//1226 2766//1226 2767//1226 
f 2766//1226 2768//1226 2769//1226 
f 2768//1226 2738//1226 2770//1226 
f 2759//1226 2742//1226 2741//1226 
f 2763//1226 2761//1226 2760//1226 
f 2762//1226 2771//1226 2772//1226 
f 2771//1226 2773//1226 2774//1226 
f 2773//1226 2775//1226 2776//1226 
f 2747//1226 2746//1226 2764//1226 
f 2777//1226 2778//1226 2765//1226 
f 2779//1226 2780//1226 2778//1226 
f 2781//1226 2782//1226 2780//1226 
f 2752//1226 2751//1226 2753//1226 
f 2737//1226 2754//1226 2735//1226 
f 2769//1226 2767//1226 2766//1226 
f 2740//1226 2770//1226 2738//1226 
f 2772//1226 2763//1226 2762//1226 
f 2776//1226 2774//1226 2773//1226 
f 2783//1226 2784//1226 2745//1226 
f 2765//1226 2764//1226 2777//1226 
f 2780//1226 2779//1226 2781//1226 
f 2785//1226 2786//1226 2782//1226 
f 2787//1226 2788//1226 2789//1226 
f 2790//1226 2791//1226 2792//1226 
f 2791//1226 2793//1226 2794//1226 
f 2795//1226 2796//1226 2797//1226 
f 2796//1226 2798//1226 2799//1226 
f 2800//1226 2801//1226 2802//1226 
f 2803//1226 2804//1226 2801//1226 
f 2805//1226 2806//1226 2804//1226 
f 2807//1226 2750//1226 2806//1226 
f 2734//1226 2733//1226 2755//1226 
f 2770//1226 2769//1226 2768//1226 
f 2774//1226 2772//1226 2771//1226 
f 2775//1226 2808//1226 2809//1226 
f 2810//1226 2811//1226 2809//1226 
f 2729//1226 2812//1226 2813//1226 
f 2814//1226 2815//1226 2816//1226 
f 2817//1226 2818//1226 2819//1226 
f 2820//1226 2821//1226 2822//1226 
f 2821//1226 2823//1226 2824//1226 
f 2823//1226 2825//1226 2826//1226 
f 2825//1226 2783//1226 2827//1226 
f 2745//1226 2784//1226 2743//1226 
f 2782//1226 2781//1226 2785//1226 
f 2828//1226 2829//1226 2786//1226 
f 2830//1226 2831//1226 2829//1226 
f 2831//1226 2830//1226 2787//1226 
f 2788//1226 2790//1226 2832//1226 
f 2794//1226 2792//1226 2791//1226 
f 2793//1226 2833//1226 2834//1226 
f 2799//1226 2797//1226 2796//1226 
f 2798//1226 2835//1226 2836//1226 
f 2808//1226 2837//1226 2838//1226 
f 2801//1226 2800//1226 2803//1226 
f 2806//1226 2805//1226 2807//1226 
f 2767//1226 2757//1226 2756//1226 
f 2809//1226 2776//1226 2775//1226 
f 2813//1226 2810//1226 2729//1226 
f 2816//1226 2839//1226 2814//1226 
f 2840//1226 2841//1226 2815//1226 
f 2842//1226 2843//1226 2841//1226 
f 2843//1226 2842//1226 2817//1226 
f 2844//1226 2845//1226 2846//1226 
f 2845//1226 2820//1226 2847//1226 
f 2824//1226 2822//1226 2821//1226 
f 2827//1226 2826//1226 2825//1226 
f 2778//1226 2777//1226 2779//1226 
f 2829//1226 2828//1226 2830//1226 
f 2832//1226 2789//1226 2788//1226 
f 2834//1226 2794//1226 2793//1226 
f 2833//1226 2795//1226 2848//1226 
f 2836//1226 2799//1226 2798//1226 
f 2808//1226 2849//1226 2837//1226 
f 2808//1226 2850//1226 2851//1226 
f 2808//1226 2852//1226 2853//1226 
f 2854//1226 2855//1226 2856//1226 
f 2857//1226 2802//1226 2855//1226 
f 2804//1226 2803//1226 2805//1226 
f 2761//1226 2759//1226 2758//1226 
f 2729//1226 2728//1226 2812//1226 
f 2815//1226 2814//1226 2840//1226 
f 2819//1226 2843//1226 2817//1226 
f 2818//1226 2844//1226 2858//1226 
f 2847//1226 2846//1226 2845//1226 
f 2826//1226 2824//1226 2823//1226 
f 2786//1226 2785//1226 2828//1226 
f 2792//1226 2832//1226 2790//1226 
f 2797//1226 2848//1226 2795//1226 
f 2851//1226 2849//1226 2808//1226 
f 2853//1226 2859//1226 2808//1226 
f 2855//1226 2854//1226 2857//1226 
f 2750//1226 2807//1226 2748//1226 
f 2809//1226 2729//1226 2810//1226 
f 2841//1226 2840//1226 2842//1226 
f 2846//1226 2858//1226 2844//1226 
f 2745//1226 2827//1226 2783//1226 
f 2848//1226 2834//1226 2833//1226 
f 2859//1226 2850//1226 2808//1226 
f 2860//1226 2856//1226 2861//1226 
f 2802//1226 2857//1226 2800//1226 
f 2811//1226 2862//1226 2809//1226 
f 2858//1226 2819//1226 2818//1226 
f 2789//1226 2831//1226 2787//1226 
f 2839//1226 2809//1226 2808//1226 
f 2856//1226 2860//1226 2854//1226 
f 2809//1226 2839//1226 2729//1226 
f 2822//1226 2847//1226 2820//1226 
f 2861//1226 2863//1226 2860//1226 
f 2816//1226 2729//1226 2839//1226 
f 2862//1226 2864//1226 2809//1226 
f 2838//1226 2839//1226 2808//1226 
o mesh57
f 2108//1227 2113//1228 2861//1228 
f 2115//1229 2108//1227 2856//1230 
f 2855//1229 2802//1231 1455//1232 
f 2802//1231 1456//1231 1455//1232 
f 2801//1233 1463//1233 1465//1234 
f 1465//1234 2802//1231 2801//1233 
f 1464//1235 1463//1233 2801//1233 
f 1460//1236 1464//1235 2804//1235 
f 1461//1237 1460//1236 2806//1236 
f 1462//1238 1461//1237 2750//1237 
f 1457//1239 1462//1238 2749//1238 
f 1466//1240 1457//1239 2752//1239 
f 1472//1241 1466//1240 2732//1240 
f 2731//1241 2734//1242 1468//1243 
f 2734//1242 1479//1242 1468//1243 
f 1480//1244 1479//1242 2734//1242 
f 1477//1245 1480//1244 2754//1244 
f 1478//1246 1477//1245 2737//1245 
f 1475//1247 1478//1246 2757//1246 
f 1476//1248 1475//1247 2767//1247 
f 2769//1248 2770//1249 1481//1250 
f 2770//1249 1482//1249 1481//1250 
f 2770//1249 2740//1251 1490//1252 
f 2740//1251 1491//1251 1490//1252 
f 1489//1253 1491//1251 2740//1251 
f 1487//1254 1489//1253 2742//1253 
f 1488//1255 1487//1254 2759//1254 
f 1484//1256 1488//1255 2761//1255 
f 1485//1257 1484//1256 2763//1256 
f 1486//1258 1485//1257 2772//1257 
f 1492//1259 1486//1258 2774//1258 
f 2353//1260 1492//1259 2776//1259 
f 2776//1259 2809//1260 2353//1260 
f 2774//1258 2776//1259 1492//1259 
f 2772//1257 2774//1258 1486//1258 
f 2763//1256 2772//1257 1485//1257 
f 2761//1255 2763//1256 1484//1256 
f 2759//1254 2761//1255 1488//1255 
f 2742//1253 2759//1254 1487//1254 
f 2740//1251 2742//1253 1489//1253 
f 1490//1252 1482//1249 2770//1249 
f 1481//1250 1476//1248 2769//1248 
f 2767//1247 2769//1248 1476//1248 
f 2757//1246 2767//1247 1475//1247 
f 2737//1245 2757//1246 1478//1246 
f 2754//1244 2737//1245 1477//1245 
f 2734//1242 2754//1244 1480//1244 
f 1468//1243 1472//1241 2731//1241 
f 2732//1240 2731//1241 1472//1241 
f 2752//1239 2732//1240 1466//1240 
f 2749//1238 2752//1239 1457//1239 
f 2750//1237 2749//1238 1462//1238 
f 2806//1236 2750//1237 1461//1237 
f 2804//1235 2806//1236 1460//1236 
f 2801//1233 2804//1235 1464//1235 
f 1465//1234 1456//1231 2802//1231 
f 1455//1232 2115//1229 2855//1229 
f 2856//1230 2855//1229 2115//1229 
f 2861//1228 2856//1230 2108//1227 
o mesh58
f 2272//1261 2808//1261 2775//1262 
f 2269//1262 2775//1262 2773//1263 
f 2270//1263 2773//1263 2771//1264 
f 2267//1264 2771//1264 2762//1265 
f 2268//1265 2762//1265 2760//1266 
f 2273//1266 2760//1266 2758//1267 
f 2265//1267 2758//1267 2741//1268 
f 2741//1268 2739//1269 2263//1270 
f 2739//1269 2264//1269 2263//1270 
f 2739//1269 2738//1271 2262//1272 
f 2738//1271 2261//1271 2262//1272 
f 2261//1271 2738//1271 2768//1273 
f 2260//1273 2768//1273 2766//1274 
f 2255//1274 2766//1274 2756//1275 
f 2251//1275 2756//1275 2736//1276 
f 2252//1276 2736//1276 2735//1277 
f 2258//1277 2735//1277 2755//1278 
f 2254//1278 2755//1278 2733//1279 
f 2253//1279 2733//1279 2730//1280 
f 2256//1280 2730//1280 2753//1281 
f 2257//1281 2753//1281 2751//1282 
f 2751//1282 2748//1283 1447//1284 
f 2748//1283 1445//1283 1447//1284 
f 1445//1283 2748//1283 2807//1285 
f 2807//1285 2805//1286 1453//1287 
f 2805//1286 1452//1286 1453//1287 
f 1452//1286 2805//1286 2803//1288 
f 1449//1288 2803//1288 2800//1289 
f 1450//1289 2800//1289 2857//1290 
f 1454//1290 2857//1290 2854//1291 
f 1451//1291 2854//1291 2860//1292 
f 2863//1293 2114//1293 2118//1294 
f 2118//1294 2860//1292 2863//1293 
f 2118//1294 1448//1295 2860//1292 
f 2860//1292 1448//1295 1451//1291 
f 2854//1291 1451//1291 1454//1290 
f 2857//1290 1454//1290 1450//1289 
f 2800//1289 1450//1289 1449//1288 
f 2803//1288 1449//1288 1452//1286 
f 1453//1287 1446//1296 2807//1285 
f 2807//1285 1446//1296 1445//1283 
f 1447//1284 2259//1297 2751//1282 
f 2751//1282 2259//1297 2257//1281 
f 2753//1281 2257//1281 2256//1280 
f 2730//1280 2256//1280 2253//1279 
f 2733//1279 2253//1279 2254//1278 
f 2755//1278 2254//1278 2258//1277 
f 2735//1277 2258//1277 2252//1276 
f 2736//1276 2252//1276 2251//1275 
f 2756//1275 2251//1275 2255//1274 
f 2766//1274 2255//1274 2260//1273 
f 2768//1273 2260//1273 2261//1271 
f 2262//1272 2264//1269 2739//1269 
f 2263//1270 2266//1298 2741//1268 
f 2741//1268 2266//1298 2265//1267 
f 2758//1267 2265//1267 2273//1266 
f 2760//1266 2273//1266 2268//1265 
f 2762//1265 2268//1265 2267//1264 
f 2771//1264 2267//1264 2270//1263 
f 2773//1263 2270//1263 2269//1262 
f 2775//1262 2269//1262 2272//1261 
o mesh59
f 2861//1299 2113//1299 2114//1299 
f 2114//1299 2863//1299 2861//1299 
o mesh60
f 2808//1300 2272//1300 2271//1300 
f 2271//1300 2852//1300 2808//1300 
o mesh61
f 2864//1300 1498//1300 1483//1300 
f 1483//1300 2809//1300 2864//1300 
f 1483//1300 2353//1300 2809//1300 
o mesh62
f 1493//1301 1498//1302 2864//1302 
f 1494//1303 1493//1301 2862//1304 
f 1495//1305 1494//1303 2811//1306 
f 1496//1307 1495//1305 2810//1308 
f 1497//1309 1496//1307 2813//1310 
f 2812//1309 2728//1311 1877//1312 
f 2728//1311 1896//1311 1877//1312 
f 1877//1312 1497//1309 2812//1309 
f 2813//1310 2812//1309 1497//1309 
f 2810//1308 2813//1310 1496//1307 
f 2811//1306 2810//1308 1495//1305 
f 2862//1304 2811//1306 1494//1303 
f 2864//1302 2862//1304 1493//1301 
o mesh63
f 1516//1313 1515//1314 2729//1314 
f 1513//1315 1516//1313 2816//1316 
f 1514//1317 1513//1315 2815//1318 
f 1511//1319 1514//1317 2841//1320 
f 1512//1321 1511//1319 2843//1322 
f 1519//1323 1512//1321 2819//1324 
f 1517//1325 1519//1323 2858//1326 
f 1518//1327 1517//1325 2846//1328 
f 1520//1329 1518//1327 2847//1330 
f 2824//1331 1525//1331 1521//1332 
f 1521//1332 2822//1333 2824//1331 
f 1522//1334 1525//1331 2824//1331 
f 1523//1335 1522//1334 2826//1334 
f 1524//1336 1523//1335 2827//1335 
f 2744//1337 1530//1337 1532//1338 
f 1532//1338 2745//1339 2744//1337 
f 1531//1340 1530//1337 2744//1337 
f 1526//1341 1531//1340 2747//1340 
f 1528//1342 1526//1341 2765//1341 
f 1533//1343 1528//1342 2778//1342 
f 1534//1344 1533//1343 2780//1343 
f 2786//1345 1683//1345 1535//1346 
f 1535//1346 2782//1347 2786//1345 
f 1668//1348 1683//1345 2786//1345 
f 1670//1349 1668//1348 2829//1348 
f 1672//1350 1670//1349 2831//1349 
f 2832//1351 1632//1351 1631//1352 
f 1631//1352 2789//1353 2832//1351 
f 1630//1354 1632//1351 2832//1351 
f 1613//1355 1630//1354 2792//1354 
f 1614//1356 1613//1355 2794//1355 
f 1621//1357 1614//1356 2834//1356 
f 1641//1358 1621//1357 2848//1357 
f 1642//1359 1641//1358 2797//1358 
f 1629//1360 1642//1359 2799//1359 
f 2799//1359 2836//1360 1629//1360 
f 2797//1358 2799//1359 1642//1359 
f 2848//1357 2797//1358 1641//1358 
f 2834//1356 2848//1357 1621//1357 
f 2794//1355 2834//1356 1614//1356 
f 2792//1354 2794//1355 1613//1355 
f 2832//1351 2792//1354 1630//1354 
f 1631//1352 1672//1350 2789//1353 
f 2831//1349 2789//1353 1672//1350 
f 2829//1348 2831//1349 1670//1349 
f 2786//1345 2829//1348 1668//1348 
f 1535//1346 1534//1344 2782//1347 
f 2780//1343 2782//1347 1534//1344 
f 2778//1342 2780//1343 1533//1343 
f 2765//1341 2778//1342 1528//1342 
f 2747//1340 2765//1341 1526//1341 
f 2744//1337 2747//1340 1531//1340 
f 1532//1338 1524//1336 2745//1339 
f 2827//1335 2745//1339 1524//1336 
f 2826//1334 2827//1335 1523//1335 
f 2824//1331 2826//1334 1522//1334 
f 1521//1332 1520//1329 2822//1333 
f 2847//1330 2822//1333 1520//1329 
f 2846//1328 2847//1330 1518//1327 
f 2858//1326 2846//1328 1517//1325 
f 2819//1324 2858//1326 1519//1323 
f 2843//1322 2819//1324 1512//1321 
f 2841//1320 2843//1322 1511//1319 
f 2815//1318 2841//1320 1514//1317 
f 2816//1316 2815//1318 1513//1315 
f 2729//1314 2816//1316 1516//1313 
o mesh64
f 2835//1361 1597//1361 1629//1361 
f 1629//1361 2836//1361 2835//1361 
o mesh65
f 1597//1362 2835//1362 2798//1363 
f 1625//1363 2798//1363 2796//1364 
f 1626//1364 2796//1364 2795//1365 
f 1637//1365 2795//1365 2833//1366 
f 1638//1366 2833//1366 2793//1367 
f 1645//1367 2793//1367 2791//1368 
f 1623//1368 2791//1368 2790//1369 
f 1624//1369 2790//1369 2788//1370 
f 1622//1370 2788//1370 2787//1371 
f 1615//1371 2787//1371 2830//1372 
f 1601//1372 2830//1372 2828//1373 
f 2785//1374 2286//1374 1652//1375 
f 1652//1375 2828//1373 2785//1374 
f 2286//1374 2785//1374 2781//1376 
f 2288//1376 2781//1376 2779//1377 
f 2777//1378 1428//1378 1430//1379 
f 1430//1379 2779//1377 2777//1378 
f 1428//1378 2777//1378 2764//1380 
f 2764//1380 2746//1381 2282//1382 
f 2746//1381 2283//1381 2282//1382 
f 2283//1381 2746//1381 2743//1383 
f 2284//1383 2743//1383 2784//1384 
f 2285//1384 2784//1384 2783//1385 
f 2281//1385 2783//1385 2825//1386 
f 2277//1386 2825//1386 2823//1387 
f 2280//1387 2823//1387 2821//1388 
f 2279//1388 2821//1388 2820//1389 
f 2276//1389 2820//1389 2845//1390 
f 2844//1391 1440//1391 1443//1392 
f 1443//1392 2845//1390 2844//1391 
f 1440//1391 2844//1391 2818//1393 
f 1441//1393 2818//1393 2817//1394 
f 1437//1394 2817//1394 2842//1395 
f 1438//1395 2842//1395 2840//1396 
f 1435//1396 2840//1396 2814//1397 
f 1436//1397 2814//1397 2839//1398 
f 1439//1398 2839//1398 2838//1399 
f 1434//1399 2838//1399 2837//1400 
f 1433//1400 2837//1400 2849//1401 
f 1431//1401 2849//1401 2851//1402 
f 1432//1402 2851//1402 2850//1403 
f 1442//1403 2850//1403 2859//1404 
f 2859//1404 2853//1405 2275//1406 
f 2853//1405 2274//1405 2275//1406 
f 2274//1405 2853//1405 2852//1407 
f 2852//1407 2271//1407 2274//1405 
f 2275//1406 1444//1408 2859//1404 
f 2859//1404 1444//1408 1442//1403 
f 2850//1403 1442//1403 1432//1402 
f 2851//1402 1432//1402 1431//1401 
f 2849//1401 1431//1401 1433//1400 
f 2837//1400 1433//1400 1434//1399 
f 2838//1399 1434//1399 1439//1398 
f 2839//1398 1439//1398 1436//1397 
f 2814//1397 1436//1397 1435//1396 
f 2840//1396 1435//1396 1438//1395 
f 2842//1395 1438//1395 1437//1394 
f 2817//1394 1437//1394 1441//1393 
f 2818//1393 1441//1393 1440//1391 
f 1443//1392 2278//1409 2845//1390 
f 2845//1390 2278//1409 2276//1389 
f 2820//1389 2276//1389 2279//1388 
f 2821//1388 2279//1388 2280//1387 
f 2823//1387 2280//1387 2277//1386 
f 2825//1386 2277//1386 2281//1385 
f 2783//1385 2281//1385 2285//1384 
f 2784//1384 2285//1384 2284//1383 
f 2743//1383 2284//1383 2283//1381 
f 2282//1382 1429//1410 2764//1380 
f 2764//1380 1429//1410 1428//1378 
f 1430//1379 2287//1411 2779//1377 
f 2779//1377 2287//1411 2288//1376 
f 2781//1376 2288//1376 2286//1374 
f 1652//1375 1602//1412 2828//1373 
f 2828//1373 1602//1412 1601//1372 
f 2830//1372 1601//1372 1615//1371 
f 2787//1371 1615//1371 1622//1370 
f 2788//1370 1622//1370 1624//1369 
f 2790//1369 1624//1369 1623//1368 
f 2791//1368 1623//1368 1645//1367 
f 2793//1367 1645//1367 1638//1366 
f 2833//1366 1638//1366 1637//1365 
f 2795//1365 1637//1365 1626//1364 
f 2796//1364 1626//1364 1625//1363 
f 2798//1363 1625//1363 1597//1362 
o mesh66
f 2865//1413 1958//1413 1864//1413 
f 1864//1413 2866//1413 2865//1413 
o mesh67
f 2866//1414 1864//1414 1863//1414 
f 1863//1414 2867//1414 2866//1414 
o mesh68
f 2867//1415 1863//1415 1909//1415 
f 1909//1415 2868//1415 2867//1415 
o mesh69
f 2868//1416 1909//1416 1958//1416 
f 1958//1416 2865//1416 2868//1416 
o mesh70
f 2868//1417 2865//1417 2866//1417 
f 2866//1417 2867//1417 2868//1417 
o mesh71
f 1998//1418 2043//1419 2869//1419 
f 1999//1420 1998//1418 2870//1421 
f 1996//1422 1999//1420 2871//1423 
f 1997//1424 1996//1422 2872//1425 
f 1990//1426 1997//1424 2873//1427 
f 2051//1428 1990//1426 2874//1429 
f 2050//1430 2051//1428 2875//1431 
f 2030//1432 2050//1430 2876//1433 
f 2031//1434 2030//1432 2877//1435 
f 2028//1436 2031//1434 2878//1437 
f 2029//1438 2028//1436 2879//1439 
f 2027//1440 2029//1438 2880//1441 
f 2000//1442 2027//1440 2881//1443 
f 1993//1444 2000//1442 2882//1445 
f 1979//1446 1993//1444 2883//1447 
f 1980//1448 1979//1446 2884//1449 
f 2025//1450 1980//1448 2885//1451 
f 2026//1452 2025//1450 2886//1453 
f 2023//1454 2026//1452 2887//1455 
f 2024//1456 2023//1454 2888//1457 
f 2048//1458 2024//1456 2889//1459 
f 2049//1460 2048//1458 2890//1461 
f 2047//1462 2049//1460 2891//1463 
f 2021//1464 2047//1462 2892//1465 
f 2022//1466 2021//1464 2893//1467 
f 2019//1468 2022//1466 2894//1469 
f 2020//1470 2019//1468 2895//1471 
f 2046//1472 2020//1470 2896//1473 
f 2044//1474 2046//1472 2897//1475 
f 2045//1476 2044//1474 2898//1477 
f 2035//1478 2045//1476 2899//1479 
f 2008//1480 2035//1478 2900//1481 
f 2033//1482 2008//1480 2901//1483 
f 2034//1484 2033//1482 2902//1485 
f 2006//1486 2034//1484 2903//1487 
f 2007//1488 2006//1486 2904//1489 
f 2004//1490 2007//1488 2905//1491 
f 2005//1492 2004//1490 2906//1493 
f 2032//1494 2005//1492 2907//1495 
f 2002//1496 2032//1494 2908//1497 
f 2003//1498 2002//1496 2909//1499 
f 2910//1500 1962//1500 1961//1501 
f 1961//1501 2911//1502 2910//1500 
f 1961//1501 2003//1498 2911//1502 
f 2909//1499 2911//1502 2003//1498 
f 2908//1497 2909//1499 2002//1496 
f 2907//1495 2908//1497 2032//1494 
f 2906//1493 2907//1495 2005//1492 
f 2905//1491 2906//1493 2004//1490 
f 2904//1489 2905//1491 2007//1488 
f 2903//1487 2904//1489 2006//1486 
f 2902//1485 2903//1487 2034//1484 
f 2901//1483 2902//1485 2033//1482 
f 2900//1481 2901//1483 2008//1480 
f 2899//1479 2900//1481 2035//1478 
f 2898//1477 2899//1479 2045//1476 
f 2897//1475 2898//1477 2044//1474 
f 2896//1473 2897//1475 2046//1472 
f 2895//1471 2896//1473 2020//1470 
f 2894//1469 2895//1471 2019//1468 
f 2893//1467 2894//1469 2022//1466 
f 2892//1465 2893//1467 2021//1464 
f 2891//1463 2892//1465 2047//1462 
f 2890//1461 2891//1463 2049//1460 
f 2889//1459 2890//1461 2048//1458 
f 2888//1457 2889//1459 2024//1456 
f 2887//1455 2888//1457 2023//1454 
f 2886//1453 2887//1455 2026//1452 
f 2885//1451 2886//1453 2025//1450 
f 2884//1449 2885//1451 1980//1448 
f 2883//1447 2884//1449 1979//1446 
f 2882//1445 2883//1447 1993//1444 
f 2881//1443 2882//1445 2000//1442 
f 2880//1441 2881//1443 2027//1440 
f 2879//1439 2880//1441 2029//1438 
f 2878//1437 2879//1439 2028//1436 
f 2877//1435 2878//1437 2031//1434 
f 2876//1433 2877//1435 2030//1432 
f 2875//1431 2876//1433 2050//1430 
f 2874//1429 2875//1431 2051//1428 
f 2873//1427 2874//1429 1990//1426 
f 2872//1425 2873//1427 1997//1424 
f 2871//1423 2872//1425 1996//1422 
f 2870//1421 2871//1423 1999//1420 
f 2869//1419 2870//1421 1998//1418 
o mesh72
f 2869//1503 2043//1503 2065//1503 
f 2065//1503 2912//1503 2869//1503 
o mesh73
f 1471//1504 2913//1504 2914//1505 
f 1474//1505 2914//1505 2915//1506 
f 1473//1506 2915//1506 2916//1507 
f 1469//1507 2916//1507 2917//1508 
f 1470//1508 2917//1508 2918//1509 
f 1467//1509 2918//1509 2919//1510 
f 2920//1511 2017//1511 1459//1512 
f 1459//1512 2919//1510 2920//1511 
f 2017//1511 2920//1511 2921//1513 
f 2018//1513 2921//1513 2922//1514 
f 2056//1514 2922//1514 2923//1515 
f 2069//1515 2923//1515 2924//1516 
f 2068//1516 2924//1516 2925//1517 
f 2055//1517 2925//1517 2926//1518 
f 2041//1518 2926//1518 2927//1519 
f 2042//1519 2927//1519 2928//1520 
f 2078//1520 2928//1520 2929//1521 
f 2079//1521 2929//1521 2930//1522 
f 2015//1522 2930//1522 2931//1523 
f 2016//1523 2931//1523 2932//1524 
f 2040//1524 2932//1524 2933//1525 
f 2038//1525 2933//1525 2934//1526 
f 2039//1526 2934//1526 2935//1527 
f 2013//1527 2935//1527 2936//1528 
f 2014//1528 2936//1528 2937//1529 
f 2011//1529 2937//1529 2938//1530 
f 2012//1530 2938//1530 2939//1531 
f 2010//1531 2939//1531 2940//1532 
f 1988//1532 2940//1532 2941//1533 
f 1989//1533 2941//1533 2942//1534 
f 1995//1534 2942//1534 2943//1535 
f 1986//1535 2943//1535 2944//1536 
f 1987//1536 2944//1536 2945//1537 
f 1994//1537 2945//1537 2946//1538 
f 1984//1538 2946//1538 2947//1539 
f 1985//1539 2947//1539 2948//1540 
f 2053//1540 2948//1540 2949//1541 
f 2054//1541 2949//1541 2950//1542 
f 2036//1542 2950//1542 2951//1543 
f 2037//1543 2951//1543 2952//1544 
f 2052//1544 2952//1544 2953//1545 
f 2077//1545 2953//1545 2954//1546 
f 2066//1546 2954//1546 2955//1547 
f 2067//1547 2955//1547 2912//1548 
f 2912//1548 2065//1548 2067//1547 
f 2955//1547 2067//1547 2066//1546 
f 2954//1546 2066//1546 2077//1545 
f 2953//1545 2077//1545 2052//1544 
f 2952//1544 2052//1544 2037//1543 
f 2951//1543 2037//1543 2036//1542 
f 2950//1542 2036//1542 2054//1541 
f 2949//1541 2054//1541 2053//1540 
f 2948//1540 2053//1540 1985//1539 
f 2947//1539 1985//1539 1984//1538 
f 2946//1538 1984//1538 1994//1537 
f 2945//1537 1994//1537 1987//1536 
f 2944//1536 1987//1536 1986//1535 
f 2943//1535 1986//1535 1995//1534 
f 2942//1534 1995//1534 1989//1533 
f 2941//1533 1989//1533 1988//1532 
f 2940//1532 1988//1532 2010//1531 
f 2939//1531 2010//1531 2012//1530 
f 2938//1530 2012//1530 2011//1529 
f 2937//1529 2011//1529 2014//1528 
f 2936//1528 2014//1528 2013//1527 
f 2935//1527 2013//1527 2039//1526 
f 2934//1526 2039//1526 2038//1525 
f 2933//1525 2038//1525 2040//1524 
f 2932//1524 2040//1524 2016//1523 
f 2931//1523 2016//1523 2015//1522 
f 2930//1522 2015//1522 2079//1521 
f 2929//1521 2079//1521 2078//1520 
f 2928//1520 2078//1520 2042//1519 
f 2927//1519 2042//1519 2041//1518 
f 2926//1518 2041//1518 2055//1517 
f 2925//1517 2055//1517 2068//1516 
f 2924//1516 2068//1516 2069//1515 
f 2923//1515 2069//1515 2056//1514 
f 2922//1514 2056//1514 2018//1513 
f 2921//1513 2018//1513 2017//1511 
f 1459//1512 1458//1549 2919//1510 
f 2919//1510 1458//1549 1467//1509 
f 2918//1509 1467//1509 1470//1508 
f 2917//1508 1470//1508 1469//1507 
f 2916//1507 1469//1507 1473//1506 
f 2915//1506 1473//1506 1474//1505 
f 2914//1505 1474//1505 1471//1504 
o mesh74
f 2910//1550 2913//1550 1306//1550 
f 2913//1550 1471//1550 1306//1550 
f 1306//1550 1307//1550 2910//1550 
f 1307//1550 1962//1550 2910//1550 
o mesh75
f 2953//1551 2872//1551 2871//1551 
f 2952//1551 2873//1551 2872//1551 
f 2944//1551 2881//1551 2880//1551 
f 2943//1551 2882//1551 2881//1551 
f 2872//1551 2953//1551 2952//1551 
f 2951//1551 2874//1551 2873//1551 
f 2881//1551 2944//1551 2943//1551 
f 2942//1551 2883//1551 2882//1551 
f 2873//1551 2952//1551 2951//1551 
f 2950//1551 2875//1551 2874//1551 
f 2949//1551 2876//1551 2875//1551 
f 2948//1551 2877//1551 2876//1551 
f 2882//1551 2943//1551 2942//1551 
f 2941//1551 2884//1551 2883//1551 
f 2923//1551 2922//1551 2902//1551 
f 2922//1551 2921//1551 2903//1551 
f 2954//1551 2871//1551 2870//1551 
f 2874//1551 2951//1551 2950//1551 
f 2876//1551 2949//1551 2948//1551 
f 2947//1551 2878//1551 2877//1551 
f 2883//1551 2942//1551 2941//1551 
f 2940//1551 2885//1551 2884//1551 
f 2939//1551 2886//1551 2885//1551 
f 2938//1551 2887//1551 2886//1551 
f 2924//1551 2923//1551 2901//1551 
f 2903//1551 2902//1551 2922//1551 
f 2871//1551 2954//1551 2953//1551 
f 2877//1551 2948//1551 2947//1551 
f 2946//1551 2879//1551 2878//1551 
f 2945//1551 2880//1551 2879//1551 
f 2884//1551 2941//1551 2940//1551 
f 2886//1551 2939//1551 2938//1551 
f 2937//1551 2888//1551 2887//1551 
f 2936//1551 2889//1551 2888//1551 
f 2933//1551 2932//1551 2892//1551 
f 2932//1551 2931//1551 2893//1551 
f 2927//1551 2926//1551 2898//1551 
f 2926//1551 2925//1551 2899//1551 
f 2925//1551 2924//1551 2900//1551 
f 2902//1551 2901//1551 2923//1551 
f 2919//1551 2918//1551 2906//1551 
f 2918//1551 2917//1551 2907//1551 
f 2917//1551 2916//1551 2908//1551 
f 2916//1551 2915//1551 2909//1551 
f 2875//1551 2950//1551 2949//1551 
f 2879//1551 2946//1551 2945//1551 
f 2885//1551 2940//1551 2939//1551 
f 2888//1551 2937//1551 2936//1551 
f 2893//1551 2892//1551 2932//1551 
f 2931//1551 2930//1551 2894//1551 
f 2930//1551 2929//1551 2895//1551 
f 2929//1551 2928//1551 2896//1551 
f 2899//1551 2898//1551 2926//1551 
f 2901//1551 2900//1551 2924//1551 
f 2921//1551 2920//1551 2904//1551 
f 2920//1551 2919//1551 2905//1551 
f 2907//1551 2906//1551 2918//1551 
f 2909//1551 2908//1551 2916//1551 
f 2878//1551 2947//1551 2946//1551 
f 2887//1551 2938//1551 2937//1551 
f 2934//1551 2933//1551 2891//1551 
f 2894//1551 2893//1551 2931//1551 
f 2896//1551 2895//1551 2929//1551 
f 2928//1551 2927//1551 2897//1551 
f 2900//1551 2899//1551 2925//1551 
f 2905//1551 2904//1551 2920//1551 
f 2908//1551 2907//1551 2917//1551 
f 2955//1551 2870//1551 2869//1551 
f 2880//1551 2945//1551 2944//1551 
f 2935//1551 2890//1551 2889//1551 
f 2890//1551 2935//1551 2934//1551 
f 2895//1551 2894//1551 2930//1551 
f 2898//1551 2897//1551 2927//1551 
f 2906//1551 2905//1551 2919//1551 
f 2915//1551 2914//1551 2911//1551 
f 2870//1551 2955//1551 2954//1551 
f 2891//1551 2890//1551 2934//1551 
f 2897//1551 2896//1551 2928//1551 
f 2911//1551 2909//1551 2915//1551 
f 2889//1551 2936//1551 2935//1551 
f 2904//1551 2903//1551 2921//1551 
f 2892//1551 2891//1551 2933//1551 
f 2914//1551 2913//1551 2910//1551 
f 2910//1551 2911//1551 2914//1551 
f 2869//1551 2912//1551 2955//1551 
o mesh76
f 1982//1552 2009//1553 2956//1553 
f 1983//1554 1982//1552 2957//1555 
f 1964//1556 1983//1554 2958//1557 
f 1977//1558 1964//1556 2959//1559 
f 1971//1560 1977//1558 2960//1561 
f 1968//1562 1971//1560 2961//1563 
f 1969//1564 1968//1562 2962//1565 
f 1976//1566 1969//1564 2963//1567 
f 1967//1568 1976//1566 2964//1569 
f 1972//1570 1967//1568 2965//1571 
f 1974//1572 1972//1570 2966//1573 
f 1975//1574 1974//1572 2967//1575 
f 1973//1576 1975//1574 2968//1577 
f 1965//1578 1973//1576 2969//1579 
f 1966//1580 1965//1578 2970//1581 
f 1970//1582 1966//1580 2971//1583 
f 1981//1584 1970//1582 2972//1585 
f 2001//1586 1981//1584 2973//1587 
f 2973//1587 2974//1586 2001//1586 
f 2972//1585 2973//1587 1981//1584 
f 2971//1583 2972//1585 1970//1582 
f 2970//1581 2971//1583 1966//1580 
f 2969//1579 2970//1581 1965//1578 
f 2968//1577 2969//1579 1973//1576 
f 2967//1575 2968//1577 1975//1574 
f 2966//1573 2967//1575 1974//1572 
f 2965//1571 2966//1573 1972//1570 
f 2964//1569 2965//1571 1967//1568 
f 2963//1567 2964//1569 1976//1566 
f 2962//1565 2963//1567 1969//1564 
f 2961//1563 2962//1565 1968//1562 
f 2960//1561 2961//1563 1971//1560 
f 2959//1559 2960//1561 1977//1558 
f 2958//1557 2959//1559 1964//1556 
f 2957//1555 2958//1557 1983//1554 
f 2956//1553 2957//1555 1982//1552 
o mesh77
f 2956//1588 2009//1588 1992//1588 
f 1992//1588 2975//1588 2956//1588 
o mesh78
f 1978//1589 2976//1589 2977//1590 
f 2076//1590 2977//1590 2978//1591 
f 2081//1591 2978//1591 2979//1592 
f 2080//1592 2979//1592 2980//1593 
f 2074//1593 2980//1593 2981//1594 
f 2075//1594 2981//1594 2982//1595 
f 2072//1595 2982//1595 2983//1596 
f 2073//1596 2983//1596 2984//1597 
f 2062//1597 2984//1597 2985//1598 
f 2063//1598 2985//1598 2986//1599 
f 2060//1599 2986//1599 2987//1600 
f 2061//1600 2987//1600 2988//1601 
f 2058//1601 2988//1601 2989//1602 
f 2059//1602 2989//1602 2990//1603 
f 2071//1603 2990//1603 2991//1604 
f 2070//1604 2991//1604 2992//1605 
f 2057//1605 2992//1605 2993//1606 
f 1991//1606 2993//1606 2975//1607 
f 2975//1607 1992//1607 1991//1606 
f 2993//1606 1991//1606 2057//1605 
f 2992//1605 2057//1605 2070//1604 
f 2991//1604 2070//1604 2071//1603 
f 2990//1603 2071//1603 2059//1602 
f 2989//1602 2059//1602 2058//1601 
f 2988//1601 2058//1601 2061//1600 
f 2987//1600 2061//1600 2060//1599 
f 2986//1599 2060//1599 2063//1598 
f 2985//1598 2063//1598 2062//1597 
f 2984//1597 2062//1597 2073//1596 
f 2983//1596 2073//1596 2072//1595 
f 2982//1595 2072//1595 2075//1594 
f 2981//1594 2075//1594 2074//1593 
f 2980//1593 2074//1593 2080//1592 
f 2979//1592 2080//1592 2081//1591 
f 2978//1591 2081//1591 2076//1590 
f 2977//1590 2076//1590 1978//1589 
o mesh79
f 1978//1608 2001//1608 2974//1608 
f 2974//1608 2976//1608 1978//1608 
o mesh80
f 2989//1609 2961//1609 2960//1609 
f 2988//1609 2962//1609 2961//1609 
f 2981//1609 2969//1609 2968//1609 
f 2980//1609 2970//1609 2969//1609 
f 2977//1609 2973//1609 2972//1609 
f 2977//1609 2976//1609 2974//1609 
f 2961//1609 2989//1609 2988//1609 
f 2987//1609 2963//1609 2962//1609 
f 2969//1609 2981//1609 2980//1609 
f 2979//1609 2971//1609 2970//1609 
f 2978//1609 2972//1609 2971//1609 
f 2974//1609 2973//1609 2977//1609 
f 2962//1609 2988//1609 2987//1609 
f 2986//1609 2964//1609 2963//1609 
f 2985//1609 2965//1609 2964//1609 
f 2984//1609 2966//1609 2965//1609 
f 2983//1609 2967//1609 2966//1609 
f 2982//1609 2968//1609 2967//1609 
f 2970//1609 2980//1609 2979//1609 
f 2972//1609 2978//1609 2977//1609 
f 2993//1609 2957//1609 2956//1609 
f 2992//1609 2958//1609 2957//1609 
f 2991//1609 2959//1609 2958//1609 
f 2990//1609 2960//1609 2959//1609 
f 2963//1609 2987//1609 2986//1609 
f 2965//1609 2985//1609 2984//1609 
f 2967//1609 2983//1609 2982//1609 
f 2971//1609 2979//1609 2978//1609 
f 2957//1609 2993//1609 2992//1609 
f 2959//1609 2991//1609 2990//1609 
f 2964//1609 2986//1609 2985//1609 
f 2968//1609 2982//1609 2981//1609 
f 2958//1609 2992//1609 2991//1609 
f 2966//1609 2984//1609 2983//1609 
f 2960//1609 2990//1609 2989//1609 
f 2956//1609 2975//1609 2993//1609 
o mesh81
f 1884//1610 1865//1611 2994//1611 
f 1902//1612 1884//1610 2995//1613 
f 1917//1614 1902//1612 2996//1615 
f 1882//1616 1917//1614 2997//1617 
f 1883//1618 1882//1616 2998//1619 
f 1880//1620 1883//1618 2999//1621 
f 1881//1622 1880//1620 3000//1623 
f 1900//1624 1881//1622 3001//1625 
f 1901//1626 1900//1624 3002//1627 
f 1898//1628 1901//1626 3003//1629 
f 1899//1630 1898//1628 3004//1631 
f 1897//1632 1899//1630 3005//1633 
f 1878//1634 1897//1632 3006//1635 
f 1879//1636 1878//1634 3007//1637 
f 1941//1638 1879//1636 3008//1639 
f 1903//1640 1941//1638 3009//1641 
f 1891//1642 1903//1640 3010//1643 
f 1892//1644 1891//1642 3011//1645 
f 1908//1646 1892//1644 3012//1647 
f 1890//1648 1908//1646 3013//1649 
f 1871//1650 1890//1648 3014//1651 
f 1872//1652 1871//1650 3015//1653 
f 1907//1654 1872//1652 3016//1655 
f 1888//1656 1907//1654 3017//1657 
f 1889//1658 1888//1656 3018//1659 
f 1906//1660 1889//1658 3019//1661 
f 1921//1662 1906//1660 3020//1663 
f 1886//1664 1921//1662 3021//1665 
f 1887//1666 1886//1664 3022//1667 
f 1885//1668 1887//1666 3023//1669 
f 1869//1670 1885//1668 3024//1671 
f 1870//1672 1869//1670 3025//1673 
f 1852//1674 1870//1672 3026//1675 
f 1867//1676 1852//1674 3027//1677 
f 1857//1678 1867//1676 3028//1679 
f 3029//1678 3030//1680 1850//1681 
f 3030//1680 1851//1680 1850//1681 
f 1848//1682 1851//1680 3030//1680 
f 1849//1683 1848//1682 3031//1682 
f 1800//1684 1849//1683 3032//1683 
f 3032//1683 3033//1684 1800//1684 
f 3031//1682 3032//1683 1849//1683 
f 3030//1680 3031//1682 1848//1682 
f 1850//1681 1857//1678 3029//1678 
f 3028//1679 3029//1678 1857//1678 
f 3027//1677 3028//1679 1867//1676 
f 3026//1675 3027//1677 1852//1674 
f 3025//1673 3026//1675 1870//1672 
f 3024//1671 3025//1673 1869//1670 
f 3023//1669 3024//1671 1885//1668 
f 3022//1667 3023//1669 1887//1666 
f 3021//1665 3022//1667 1886//1664 
f 3020//1663 3021//1665 1921//1662 
f 3019//1661 3020//1663 1906//1660 
f 3018//1659 3019//1661 1889//1658 
f 3017//1657 3018//1659 1888//1656 
f 3016//1655 3017//1657 1907//1654 
f 3015//1653 3016//1655 1872//1652 
f 3014//1651 3015//1653 1871//1650 
f 3013//1649 3014//1651 1890//1648 
f 3012//1647 3013//1649 1908//1646 
f 3011//1645 3012//1647 1892//1644 
f 3010//1643 3011//1645 1891//1642 
f 3009//1641 3010//1643 1903//1640 
f 3008//1639 3009//1641 1941//1638 
f 3007//1637 3008//1639 1879//1636 
f 3006//1635 3007//1637 1878//1634 
f 3005//1633 3006//1635 1897//1632 
f 3004//1631 3005//1633 1899//1630 
f 3003//1629 3004//1631 1898//1628 
f 3002//1627 3003//1629 1901//1626 
f 3001//1625 3002//1627 1900//1624 
f 3000//1623 3001//1625 1881//1622 
f 2999//1621 3000//1623 1880//1620 
f 2998//1619 2999//1621 1883//1618 
f 2997//1617 2998//1619 1882//1616 
f 2996//1615 2997//1617 1917//1614 
f 2995//1613 2996//1615 1902//1612 
f 2994//1611 2995//1613 1884//1610 
o mesh82
f 3034//1685 3035//1685 3036//1685 
f 3037//1685 3038//1685 3035//1685 
f 3039//1685 3040//1685 3041//1685 
f 3042//1685 3043//1685 3040//1685 
f 3044//1685 3036//1685 3043//1685 
f 3035//1685 3034//1685 3037//1685 
f 3045//1685 3046//1685 3038//1685 
f 3047//1685 3048//1685 3046//1685 
f 3040//1685 3039//1685 3042//1685 
f 3036//1685 3044//1685 3034//1685 
f 3046//1685 3045//1685 3047//1685 
f 3049//1685 3050//1685 3048//1685 
f 3051//1685 3052//1685 3050//1685 
f 3053//1685 3054//1685 3052//1685 
f 3055//1685 3056//1685 3011//1685 
f 3057//1685 3058//1685 3014//1685 
f 3058//1685 3059//1685 3015//1685 
f 3043//1685 3042//1685 3044//1685 
f 3048//1685 3047//1685 3049//1685 
f 3052//1685 3051//1685 3053//1685 
f 3060//1685 3061//1685 3054//1685 
f 3010//1685 3062//1685 3055//1685 
f 3056//1685 3063//1685 3012//1685 
f 3063//1685 3057//1685 3013//1685 
f 3015//1685 3014//1685 3058//1685 
f 3064//1685 3041//1685 3065//1685 
f 3038//1685 3037//1685 3045//1685 
f 3054//1685 3053//1685 3060//1685 
f 3066//1685 3067//1685 3068//1685 
f 3069//1685 3070//1685 3067//1685 
f 3071//1685 3072//1685 3073//1685 
f 3074//1685 3075//1685 3072//1685 
f 3012//1685 3011//1685 3056//1685 
f 3014//1685 3013//1685 3057//1685 
f 3076//1685 3077//1685 3018//1685 
f 3077//1685 3078//1685 3019//1685 
f 3079//1685 3080//1685 3022//1685 
f 3080//1685 3081//1685 3023//1685 
f 3082//1685 3083//1685 3027//1685 
f 3065//1685 3084//1685 3064//1685 
f 3050//1685 3049//1685 3051//1685 
f 3085//1685 3068//1685 3061//1685 
f 3067//1685 3066//1685 3069//1685 
f 3086//1685 3073//1685 3070//1685 
f 3072//1685 3071//1685 3074//1685 
f 3087//1685 2998//1685 2997//1685 
f 3088//1685 2999//1685 2998//1685 
f 3089//1685 3006//1685 3005//1685 
f 3090//1685 3007//1685 3006//1685 
f 3013//1685 3012//1685 3063//1685 
f 3059//1685 3091//1685 3016//1685 
f 3091//1685 3076//1685 3017//1685 
f 3019//1685 3018//1685 3077//1685 
f 3092//1685 3079//1685 3021//1685 
f 3023//1685 3022//1685 3080//1685 
f 3081//1685 3093//1685 3024//1685 
f 3093//1685 3094//1685 3025//1685 
f 3083//1685 3028//1685 3027//1685 
f 3095//1685 3096//1685 3097//1685 
f 3096//1685 3098//1685 3099//1685 
f 3041//1685 3064//1685 3039//1685 
f 3068//1685 3085//1685 3066//1685 
f 3073//1685 3086//1685 3071//1685 
f 3100//1685 3101//1685 3075//1685 
f 3102//1685 2995//1685 2994//1685 
f 3103//1685 2996//1685 2995//1685 
f 3104//1685 2997//1685 2996//1685 
f 2998//1685 3087//1685 3088//1685 
f 3105//1685 3000//1685 2999//1685 
f 3106//1685 3001//1685 3000//1685 
f 3107//1685 3002//1685 3001//1685 
f 3108//1685 3003//1685 3002//1685 
f 3006//1685 3089//1685 3090//1685 
f 3109//1685 3008//1685 3007//1685 
f 3110//1685 3009//1685 3008//1685 
f 3062//1685 3010//1685 3009//1685 
f 3016//1685 3015//1685 3059//1685 
f 3018//1685 3017//1685 3076//1685 
f 3078//1685 3092//1685 3020//1685 
f 3022//1685 3021//1685 3079//1685 
f 3025//1685 3024//1685 3093//1685 
f 3094//1685 3082//1685 3026//1685 
f 3083//1685 3029//1685 3028//1685 
f 3111//1685 3095//1685 3112//1685 
f 3099//1685 3097//1685 3096//1685 
f 3061//1685 3060//1685 3085//1685 
f 3075//1685 3074//1685 3100//1685 
f 3113//1685 3114//1685 3101//1685 
f 3115//1685 3116//1685 3114//1685 
f 2995//1685 3102//1685 3103//1685 
f 2997//1685 3104//1685 3087//1685 
f 3000//1685 3105//1685 3106//1685 
f 3002//1685 3107//1685 3108//1685 
f 3007//1685 3090//1685 3109//1685 
f 3009//1685 3110//1685 3062//1685 
f 3017//1685 3016//1685 3091//1685 
f 3021//1685 3020//1685 3092//1685 
f 3026//1685 3025//1685 3094//1685 
f 3083//1685 3030//1685 3029//1685 
f 3117//1685 3118//1685 3119//1685 
f 3118//1685 3120//1685 3121//1685 
f 3120//1685 3122//1685 3123//1685 
f 3122//1685 3124//1685 3125//1685 
f 3126//1685 3127//1685 3128//1685 
f 3127//1685 3129//1685 3130//1685 
f 3129//1685 3131//1685 3132//1685 
f 3131//1685 3133//1685 3134//1685 
f 3135//1685 3136//1685 3137//1685 
f 3136//1685 3111//1685 3138//1685 
f 3097//1685 3112//1685 3095//1685 
f 3098//1685 3084//1685 3139//1685 
f 3070//1685 3069//1685 3086//1685 
f 3114//1685 3113//1685 3115//1685 
f 2996//1685 3103//1685 3104//1685 
f 3001//1685 3106//1685 3107//1685 
f 3140//1685 3004//1685 3003//1685 
f 3141//1685 3005//1685 3004//1685 
f 3008//1685 3109//1685 3110//1685 
f 3020//1685 3019//1685 3078//1685 
f 3027//1685 3026//1685 3082//1685 
f 3083//1685 3032//1685 3031//1685 
f 3121//1685 3119//1685 3118//1685 
f 3125//1685 3123//1685 3122//1685 
f 3124//1685 3126//1685 3142//1685 
f 3130//1685 3128//1685 3127//1685 
f 3134//1685 3132//1685 3131//1685 
f 3133//1685 3143//1685 3144//1685 
f 3145//1685 3135//1685 3146//1685 
f 3138//1685 3137//1685 3136//1685 
f 3139//1685 3099//1685 3098//1685 
f 3101//1685 3100//1685 3113//1685 
f 2999//1685 3088//1685 3105//1685 
f 3004//1685 3140//1685 3141//1685 
f 3011//1685 3010//1685 3055//1685 
f 3031//1685 3030//1685 3083//1685 
f 3147//1685 3117//1685 3148//1685 
f 3123//1685 3121//1685 3120//1685 
f 3128//1685 3142//1685 3126//1685 
f 3144//1685 3134//1685 3133//1685 
f 3143//1685 3149//1685 3150//1685 
f 3149//1685 3145//1685 3151//1685 
f 3137//1685 3146//1685 3135//1685 
f 3065//1685 3139//1685 3084//1685 
f 3083//1685 3152//1685 3153//1685 
f 3003//1685 3108//1685 3140//1685 
f 3024//1685 3023//1685 3081//1685 
f 3154//1685 3155//1685 3156//1685 
f 3119//1685 3148//1685 3117//1685 
f 3132//1685 3130//1685 3129//1685 
f 3151//1685 3150//1685 3149//1685 
f 3112//1685 3138//1685 3111//1685 
f 3153//1685 3154//1685 3083//1685 
f 3083//1685 3157//1685 3158//1685 
f 3005//1685 3141//1685 3089//1685 
f 3159//1685 3147//1685 3160//1685 
f 3154//1685 3153//1685 3155//1685 
f 3142//1685 3125//1685 3124//1685 
f 3146//1685 3151//1685 3145//1685 
f 3158//1685 3152//1685 3083//1685 
f 3083//1685 3033//1685 3032//1685 
f 3156//1685 3159//1685 3154//1685 
f 3150//1685 3144//1685 3143//1685 
f 2994//1685 3161//1685 3102//1685 
f 3148//1685 3160//1685 3147//1685 
f 3160//1685 3154//1685 3159//1685 
f 3154//1685 3033//1685 3083//1685 
o mesh83
f 1865//1686 1952//1686 3161//1686 
f 3161//1686 2994//1686 1865//1686 
o mesh84
f 1384//1687 3083//1687 3082//1688 
f 1375//1688 3082//1688 3094//1689 
f 1376//1689 3094//1689 3093//1690 
f 1373//1690 3093//1690 3081//1691 
f 1374//1691 3081//1691 3080//1692 
f 3079//1693 1939//1693 1378//1694 
f 1378//1694 3080//1692 3079//1693 
f 1939//1693 3079//1693 3092//1695 
f 1940//1695 3092//1695 3078//1696 
f 1938//1696 3078//1696 3077//1697 
f 1915//1697 3077//1697 3076//1698 
f 1916//1698 3076//1698 3091//1699 
f 1937//1699 3091//1699 3059//1700 
f 1875//1700 3059//1700 3058//1701 
f 1876//1701 3058//1701 3057//1702 
f 1894//1702 3057//1702 3063//1703 
f 1895//1703 3063//1703 3056//1704 
f 1913//1704 3056//1704 3055//1705 
f 1914//1705 3055//1705 3062//1706 
f 1936//1706 3062//1706 3110//1707 
f 1934//1707 3110//1707 3109//1708 
f 1935//1708 3109//1708 3090//1709 
f 1932//1709 3090//1709 3089//1710 
f 1933//1710 3089//1710 3141//1711 
f 1930//1711 3141//1711 3140//1712 
f 1931//1712 3140//1712 3108//1713 
f 1929//1713 3108//1713 3107//1714 
f 1912//1714 3107//1714 3106//1715 
f 1873//1715 3106//1715 3105//1716 
f 1874//1716 3105//1716 3088//1717 
f 1893//1717 3088//1717 3087//1718 
f 1949//1718 3087//1718 3104//1719 
f 1950//1719 3104//1719 3103//1720 
f 1957//1720 3103//1720 3102//1721 
f 1959//1721 3102//1721 3161//1722 
f 3161//1722 1952//1722 1959//1721 
f 3102//1721 1959//1721 1957//1720 
f 3103//1720 1957//1720 1950//1719 
f 3104//1719 1950//1719 1949//1718 
f 3087//1718 1949//1718 1893//1717 
f 3088//1717 1893//1717 1874//1716 
f 3105//1716 1874//1716 1873//1715 
f 3106//1715 1873//1715 1912//1714 
f 3107//1714 1912//1714 1929//1713 
f 3108//1713 1929//1713 1931//1712 
f 3140//1712 1931//1712 1930//1711 
f 3141//1711 1930//1711 1933//1710 
f 3089//1710 1933//1710 1932//1709 
f 3090//1709 1932//1709 1935//1708 
f 3109//1708 1935//1708 1934//1707 
f 3110//1707 1934//1707 1936//1706 
f 3062//1706 1936//1706 1914//1705 
f 3055//1705 1914//1705 1913//1704 
f 3056//1704 1913//1704 1895//1703 
f 3063//1703 1895//1703 1894//1702 
f 3057//1702 1894//1702 1876//1701 
f 3058//1701 1876//1701 1875//1700 
f 3059//1700 1875//1700 1937//1699 
f 3091//1699 1937//1699 1916//1698 
f 3076//1698 1916//1698 1915//1697 
f 3077//1697 1915//1697 1938//1696 
f 3078//1696 1938//1696 1940//1695 
f 3092//1695 1940//1695 1939//1693 
f 1378//1694 1377//1723 3080//1692 
f 3080//1692 1377//1723 1374//1691 
f 3081//1691 1374//1691 1373//1690 
f 3093//1690 1373//1690 1376//1689 
f 3094//1689 1376//1689 1375//1688 
f 3082//1688 1375//1688 1384//1687 
o mesh85
f 3083//1724 1384//1724 1352//1724 
f 1352//1724 3157//1724 3083//1724 
o mesh86
f 3154//1725 1840//1725 1800//1725 
f 1800//1725 3033//1725 3154//1725 
o mesh87
f 3115//1726 1739//1726 1758//1726 
f 1758//1726 3116//1726 3115//1726 
o mesh88
f 1831//1727 1840//1728 3154//1728 
f 1832//1729 1831//1727 3160//1730 
f 1829//1731 1832//1729 3148//1732 
f 1830//1733 1829//1731 3119//1734 
f 1813//1735 1830//1733 3121//1736 
f 1814//1737 1813//1735 3123//1738 
f 1819//1739 1814//1737 3125//1740 
f 1812//1741 1819//1739 3142//1742 
f 1801//1743 1812//1741 3128//1744 
f 1811//1745 1801//1743 3130//1746 
f 1796//1747 1811//1745 3132//1748 
f 1797//1749 1796//1747 3134//1750 
f 1837//1751 1797//1749 3144//1752 
f 1838//1753 1837//1751 3150//1754 
f 1842//1755 1838//1753 3151//1756 
f 1835//1757 1842//1755 3146//1758 
f 1836//1759 1835//1757 3137//1760 
f 1841//1761 1836//1759 3138//1762 
f 1833//1763 1841//1761 3112//1764 
f 1843//1765 1833//1763 3097//1766 
f 1845//1767 1843//1765 3099//1768 
f 1815//1769 1845//1767 3139//1770 
f 1802//1771 1815//1769 3065//1772 
f 1805//1773 1802//1771 3041//1774 
f 1820//1775 1805//1773 3040//1776 
f 1839//1777 1820//1775 3043//1778 
f 1822//1779 1839//1777 3036//1780 
f 1825//1781 1822//1779 3035//1782 
f 1818//1783 1825//1781 3038//1784 
f 1808//1785 1818//1783 3046//1786 
f 1809//1787 1808//1785 3048//1788 
f 1807//1789 1809//1787 3050//1790 
f 1794//1791 1807//1789 3052//1792 
f 1795//1793 1794//1791 3054//1794 
f 1817//1795 1795//1793 3061//1796 
f 3068//1795 3067//1797 1778//1798 
f 3067//1797 1784//1797 1778//1798 
f 1771//1799 1784//1797 3067//1797 
f 3073//1800 1766//1800 1765//1801 
f 1765//1801 3070//1802 3073//1800 
f 1764//1803 1766//1800 3073//1800 
f 1759//1804 1764//1803 3072//1803 
f 1747//1805 1759//1804 3075//1804 
f 1748//1806 1747//1805 3101//1805 
f 1758//1807 1748//1806 3114//1806 
f 3114//1806 3116//1807 1758//1807 
f 3101//1805 3114//1806 1748//1806 
f 3075//1804 3101//1805 1747//1805 
f 3072//1803 3075//1804 1759//1804 
f 3073//1800 3072//1803 1764//1803 
f 1765//1801 1771//1799 3070//1802 
f 3067//1797 3070//1802 1771//1799 
f 1778//1798 1817//1795 3068//1795 
f 3061//1796 3068//1795 1817//1795 
f 3054//1794 3061//1796 1795//1793 
f 3052//1792 3054//1794 1794//1791 
f 3050//1790 3052//1792 1807//1789 
f 3048//1788 3050//1790 1809//1787 
f 3046//1786 3048//1788 1808//1785 
f 3038//1784 3046//1786 1818//1783 
f 3035//1782 3038//1784 1825//1781 
f 3036//1780 3035//1782 1822//1779 
f 3043//1778 3036//1780 1839//1777 
f 3040//1776 3043//1778 1820//1775 
f 3041//1774 3040//1776 1805//1773 
f 3065//1772 3041//1774 1802//1771 
f 3139//1770 3065//1772 1815//1769 
f 3099//1768 3139//1770 1845//1767 
f 3097//1766 3099//1768 1843//1765 
f 3112//1764 3097//1766 1833//1763 
f 3138//1762 3112//1764 1841//1761 
f 3137//1760 3138//1762 1836//1759 
f 3146//1758 3137//1760 1835//1757 
f 3151//1756 3146//1758 1842//1755 
f 3150//1754 3151//1756 1838//1753 
f 3144//1752 3150//1754 1837//1751 
f 3134//1750 3144//1752 1797//1749 
f 3132//1748 3134//1750 1796//1747 
f 3130//1746 3132//1748 1811//1745 
f 3128//1744 3130//1746 1801//1743 
f 3142//1742 3128//1744 1812//1741 
f 3125//1740 3142//1742 1819//1739 
f 3123//1738 3125//1740 1814//1737 
f 3121//1736 3123//1738 1813//1735 
f 3119//1734 3121//1736 1830//1733 
f 3148//1732 3119//1734 1829//1731 
f 3160//1730 3148//1732 1832//1729 
f 3154//1728 3160//1730 1831//1727 
o mesh89
f 1739//1808 3115//1808 3113//1809 
f 1755//1809 3113//1809 3100//1810 
f 1753//1810 3100//1810 3074//1811 
f 1749//1811 3074//1811 3071//1812 
f 1750//1812 3071//1812 3086//1813 
f 3086//1813 3069//1814 1722//1815 
f 3069//1814 1731//1814 1722//1815 
f 1731//1814 3069//1814 3066//1816 
f 1729//1816 3066//1816 3085//1817 
f 1730//1817 3085//1817 3060//1818 
f 1720//1818 3060//1818 3053//1819 
f 1721//1819 3053//1819 3051//1820 
f 3051//1820 3049//1821 1385//1822 
f 3049//1821 1383//1821 1385//1822 
f 1383//1821 3049//1821 3047//1823 
f 1379//1823 3047//1823 3045//1824 
f 1380//1824 3045//1824 3037//1825 
f 1381//1825 3037//1825 3034//1826 
f 1382//1826 3034//1826 3044//1827 
f 1371//1827 3044//1827 3042//1828 
f 1372//1828 3042//1828 3039//1829 
f 1362//1829 3039//1829 3064//1830 
f 1370//1830 3064//1830 3084//1831 
f 1361//1831 3084//1831 3098//1832 
f 1358//1832 3098//1832 3096//1833 
f 1359//1833 3096//1833 3095//1834 
f 1367//1834 3095//1834 3111//1835 
f 1350//1835 3111//1835 3136//1836 
f 1351//1836 3136//1836 3135//1837 
f 1356//1837 3135//1837 3145//1838 
f 1355//1838 3145//1838 3149//1839 
f 1348//1839 3149//1839 3143//1840 
f 1349//1840 3143//1840 3133//1841 
f 1354//1841 3133//1841 3131//1842 
f 1347//1842 3131//1842 3129//1843 
f 1346//1843 3129//1843 3127//1844 
f 1344//1844 3127//1844 3126//1845 
f 1342//1845 3126//1845 3124//1846 
f 1343//1846 3124//1846 3122//1847 
f 1345//1847 3122//1847 3120//1848 
f 1340//1848 3120//1848 3118//1849 
f 1341//1849 3118//1849 3117//1850 
f 1339//1850 3117//1850 3147//1851 
f 1335//1851 3147//1851 3159//1852 
f 1333//1852 3159//1852 3156//1853 
f 1334//1853 3156//1853 3155//1854 
f 1331//1854 3155//1854 3153//1855 
f 1328//1855 3153//1855 3152//1856 
f 1329//1856 3152//1856 3158//1857 
f 1337//1857 3158//1857 3157//1858 
f 3157//1858 1352//1858 1337//1857 
f 3158//1857 1337//1857 1329//1856 
f 3152//1856 1329//1856 1328//1855 
f 3153//1855 1328//1855 1331//1854 
f 3155//1854 1331//1854 1334//1853 
f 3156//1853 1334//1853 1333//1852 
f 3159//1852 1333//1852 1335//1851 
f 3147//1851 1335//1851 1339//1850 
f 3117//1850 1339//1850 1341//1849 
f 3118//1849 1341//1849 1340//1848 
f 3120//1848 1340//1848 1345//1847 
f 3122//1847 1345//1847 1343//1846 
f 3124//1846 1343//1846 1342//1845 
f 3126//1845 1342//1845 1344//1844 
f 3127//1844 1344//1844 1346//1843 
f 3129//1843 1346//1843 1347//1842 
f 3131//1842 1347//1842 1354//1841 
f 3133//1841 1354//1841 1349//1840 
f 3143//1840 1349//1840 1348//1839 
f 3149//1839 1348//1839 1355//1838 
f 3145//1838 1355//1838 1356//1837 
f 3135//1837 1356//1837 1351//1836 
f 3136//1836 1351//1836 1350//1835 
f 3111//1835 1350//1835 1367//1834 
f 3095//1834 1367//1834 1359//1833 
f 3096//1833 1359//1833 1358//1832 
f 3098//1832 1358//1832 1361//1831 
f 3084//1831 1361//1831 1370//1830 
f 3064//1830 1370//1830 1362//1829 
f 3039//1829 1362//1829 1372//1828 
f 3042//1828 1372//1828 1371//1827 
f 3044//1827 1371//1827 1382//1826 
f 3034//1826 1382//1826 1381//1825 
f 3037//1825 1381//1825 1380//1824 
f 3045//1824 1380//1824 1379//1823 
f 3047//1823 1379//1823 1383//1821 
f 1385//1822 1728//1859 3051//1820 
f 3051//1820 1728//1859 1721//1819 
f 3053//1819 1721//1819 1720//1818 
f 3060//1818 1720//1818 1730//1817 
f 3085//1817 1730//1817 1729//1816 
f 3066//1816 1729//1816 1731//1814 
f 1722//1815 1760//1860 3086//1813 
f 3086//1813 1760//1860 1750//1812 
f 3071//1812 1750//1812 1749//1811 
f 3074//1811 1749//1811 1753//1810 
f 3100//1810 1753//1810 1755//1809 
f 3113//1809 1755//1809 1739//1808 
o mesh90
f 1732//1861 1725//1861 3162//1861 
f 3162//1861 3163//1861 1732//1861 
o mesh91
f 1505//1862 1500//1861 3164//1861 
f 1503//1863 1505//1862 3165//1862 
f 1504//1864 1503//1863 3166//1863 
f 3167//1865 1365//1865 1353//1866 
f 1353//1866 3168//1867 3167//1865 
f 1336//1868 1365//1865 3167//1865 
f 1327//1869 1336//1868 3169//1868 
f 1330//1870 1327//1869 3170//1869 
f 1338//1871 1330//1870 3171//1870 
f 1332//1872 1338//1871 3172//1871 
f 3173//1872 3174//1873 1326//1874 
f 3174//1873 1317//1873 1326//1874 
f 1321//1875 1317//1873 3174//1873 
f 1322//1876 1321//1875 3175//1875 
f 1320//1877 1322//1876 3176//1876 
f 1315//1878 1320//1877 3177//1877 
f 1316//1879 1315//1878 3178//1878 
f 1319//1880 1316//1879 3179//1879 
f 1313//1881 1319//1880 3180//1880 
f 1314//1882 1313//1881 3181//1881 
f 1308//1883 1314//1882 3182//1882 
f 1311//1884 1308//1883 3183//1883 
f 1309//1885 1311//1884 3184//1884 
f 1310//1886 1309//1885 3185//1885 
f 1312//1887 1310//1886 3186//1886 
f 1318//1888 1312//1887 3187//1887 
f 1323//1889 1318//1888 3188//1888 
f 1324//1890 1323//1889 3189//1889 
f 3190//1891 1366//1891 1325//1892 
f 1325//1892 3191//1893 3190//1891 
f 1368//1894 1366//1891 3190//1891 
f 1357//1895 1368//1894 3192//1894 
f 1360//1896 1357//1895 3193//1895 
f 1369//1897 1360//1896 3194//1896 
f 1363//1898 1369//1897 3195//1897 
f 3196//1898 3197//1899 1364//1900 
f 3197//1899 1726//1899 1364//1900 
f 1727//1901 1726//1899 3197//1899 
f 1735//1902 1727//1901 3198//1901 
f 1725//1903 1735//1902 3199//1902 
f 3199//1902 3162//1903 1725//1903 
f 3198//1901 3199//1902 1735//1902 
f 3197//1899 3198//1901 1727//1901 
f 1364//1900 1363//1898 3196//1898 
f 3195//1897 3196//1898 1363//1898 
f 3194//1896 3195//1897 1369//1897 
f 3193//1895 3194//1896 1360//1896 
f 3192//1894 3193//1895 1357//1895 
f 3190//1891 3192//1894 1368//1894 
f 1325//1892 1324//1890 3191//1893 
f 3189//1889 3191//1893 1324//1890 
f 3188//1888 3189//1889 1323//1889 
f 3187//1887 3188//1888 1318//1888 
f 3186//1886 3187//1887 1312//1887 
f 3185//1885 3186//1886 1310//1886 
f 3184//1884 3185//1885 1309//1885 
f 3183//1883 3184//1884 1311//1884 
f 3182//1882 3183//1883 1308//1883 
f 3181//1881 3182//1882 1314//1882 
f 3180//1880 3181//1881 1313//1881 
f 3179//1879 3180//1880 1319//1880 
f 3178//1878 3179//1879 1316//1879 
f 3177//1877 3178//1878 1315//1878 
f 3176//1876 3177//1877 1320//1877 
f 3175//1875 3176//1876 1322//1876 
f 3174//1873 3175//1875 1321//1875 
f 1326//1874 1332//1872 3173//1872 
f 3172//1871 3173//1872 1332//1872 
f 3171//1870 3172//1871 1338//1871 
f 3170//1869 3171//1870 1330//1870 
f 3169//1868 3170//1869 1327//1869 
f 3167//1865 3169//1868 1336//1868 
f 1353//1866 1504//1864 3168//1867 
f 3166//1863 3168//1867 1504//1864 
f 3165//1862 3166//1863 1503//1863 
f 3164//1861 3165//1862 1505//1862 
o mesh92
f 1500//1903 1507//1903 3200//1903 
f 3200//1903 3164//1903 1500//1903 
o mesh93
f 1732//1904 3163//1904 3201//1905 
f 1733//1905 3201//1905 3202//1906 
f 1738//1906 3202//1906 3203//1907 
f 1736//1907 3203//1907 3204//1908 
f 3204//1908 3205//1909 1697//1910 
f 3205//1909 1699//1909 1697//1910 
f 3205//1909 3206//1911 1693//1912 
f 3206//1911 1681//1911 1693//1912 
f 1681//1911 3206//1911 3207//1913 
f 1682//1913 3207//1913 3208//1914 
f 1664//1914 3208//1914 3209//1915 
f 1665//1915 3209//1915 3210//1916 
f 1678//1916 3210//1916 3211//1917 
f 1676//1917 3211//1917 3212//1918 
f 1689//1918 3212//1918 3213//1919 
f 1687//1919 3213//1919 3214//1920 
f 1688//1920 3214//1920 3215//1921 
f 1685//1921 3215//1921 3216//1922 
f 1686//1922 3216//1922 3217//1923 
f 1662//1923 3217//1923 3218//1924 
f 1660//1924 3218//1924 3219//1925 
f 1661//1925 3219//1925 3220//1926 
f 1659//1926 3220//1926 3221//1927 
f 1657//1927 3221//1927 3222//1928 
f 1658//1928 3222//1928 3223//1929 
f 1684//1929 3223//1929 3224//1930 
f 1691//1930 3224//1930 3225//1931 
f 1692//1931 3225//1931 3226//1932 
f 1673//1932 3226//1932 3227//1933 
f 1671//1933 3227//1933 3228//1934 
f 1669//1934 3228//1934 3229//1935 
f 1666//1935 3229//1935 3230//1936 
f 1667//1936 3230//1936 3231//1937 
f 1690//1937 3231//1937 3232//1938 
f 3233//1939 1527//1939 1529//1940 
f 1529//1940 3232//1938 3233//1939 
f 3234//1941 1501//1941 1509//1942 
f 1509//1942 3233//1939 3234//1941 
f 1501//1941 3234//1941 3235//1943 
f 1502//1943 3235//1943 3236//1944 
f 1508//1944 3236//1944 3237//1945 
f 1510//1945 3237//1945 3200//1946 
f 3200//1946 1507//1946 1510//1945 
f 3237//1945 1510//1945 1508//1944 
f 3236//1944 1508//1944 1502//1943 
f 3235//1943 1502//1943 1501//1941 
f 1509//1942 1527//1939 3233//1939 
f 1529//1940 1694//1947 3232//1938 
f 3232//1938 1694//1947 1690//1937 
f 3231//1937 1690//1937 1667//1936 
f 3230//1936 1667//1936 1666//1935 
f 3229//1935 1666//1935 1669//1934 
f 3228//1934 1669//1934 1671//1933 
f 3227//1933 1671//1933 1673//1932 
f 3226//1932 1673//1932 1692//1931 
f 3225//1931 1692//1931 1691//1930 
f 3224//1930 1691//1930 1684//1929 
f 3223//1929 1684//1929 1658//1928 
f 3222//1928 1658//1928 1657//1927 
f 3221//1927 1657//1927 1659//1926 
f 3220//1926 1659//1926 1661//1925 
f 3219//1925 1661//1925 1660//1924 
f 3218//1924 1660//1924 1662//1923 
f 3217//1923 1662//1923 1686//1922 
f 3216//1922 1686//1922 1685//1921 
f 3215//1921 1685//1921 1688//1920 
f 3214//1920 1688//1920 1687//1919 
f 3213//1919 1687//1919 1689//1918 
f 3212//1918 1689//1918 1676//1917 
f 3211//1917 1676//1917 1678//1916 
f 3210//1916 1678//1916 1665//1915 
f 3209//1915 1665//1915 1664//1914 
f 3208//1914 1664//1914 1682//1913 
f 3207//1913 1682//1913 1681//1911 
f 1693//1912 1699//1909 3205//1909 
f 1697//1910 1737//1948 3204//1908 
f 3204//1908 1737//1948 1736//1907 
f 3203//1907 1736//1907 1738//1906 
f 3202//1906 1738//1906 1733//1905 
f 3201//1905 1733//1905 1732//1904 
o mesh94
f 3228//1949 3227//1949 3174//1949 
f 3234//1949 3167//1949 3168//1949 
f 3233//1949 3169//1949 3167//1949 
f 3173//1949 3229//1949 3228//1949 
f 3227//1949 3226//1949 3175//1949 
f 3235//1949 3168//1949 3166//1949 
f 3167//1949 3234//1949 3233//1949 
f 3229//1949 3173//1949 3172//1949 
f 3175//1949 3174//1949 3227//1949 
f 3236//1949 3166//1949 3165//1949 
f 3168//1949 3235//1949 3234//1949 
f 3231//1949 3171//1949 3170//1949 
f 3230//1949 3172//1949 3171//1949 
f 3174//1949 3173//1949 3228//1949 
f 3226//1949 3225//1949 3176//1949 
f 3222//1949 3221//1949 3180//1949 
f 3221//1949 3220//1949 3181//1949 
f 3209//1949 3208//1949 3192//1949 
f 3166//1949 3236//1949 3235//1949 
f 3232//1949 3170//1949 3169//1949 
f 3171//1949 3231//1949 3230//1949 
f 3176//1949 3175//1949 3226//1949 
f 3225//1949 3224//1949 3177//1949 
f 3224//1949 3223//1949 3178//1949 
f 3181//1949 3180//1949 3221//1949 
f 3220//1949 3219//1949 3182//1949 
f 3218//1949 3183//1949 3182//1949 
f 3217//1949 3184//1949 3183//1949 
f 3216//1949 3185//1949 3184//1949 
f 3215//1949 3186//1949 3185//1949 
f 3214//1949 3187//1949 3186//1949 
f 3213//1949 3188//1949 3187//1949 
f 3190//1949 3210//1949 3209//1949 
f 3208//1949 3207//1949 3193//1949 
f 3169//1949 3233//1949 3232//1949 
f 3172//1949 3230//1949 3229//1949 
f 3178//1949 3177//1949 3224//1949 
f 3223//1949 3222//1949 3179//1949 
f 3182//1949 3181//1949 3220//1949 
f 3183//1949 3218//1949 3217//1949 
f 3185//1949 3216//1949 3215//1949 
f 3187//1949 3214//1949 3213//1949 
f 3211//1949 3191//1949 3189//1949 
f 3210//1949 3190//1949 3191//1949 
f 3193//1949 3192//1949 3208//1949 
f 3207//1949 3206//1949 3194//1949 
f 3206//1949 3205//1949 3195//1949 
f 3205//1949 3204//1949 3196//1949 
f 3170//1949 3232//1949 3231//1949 
f 3179//1949 3178//1949 3223//1949 
f 3182//1949 3219//1949 3218//1949 
f 3186//1949 3215//1949 3214//1949 
f 3212//1949 3189//1949 3188//1949 
f 3191//1949 3211//1949 3210//1949 
f 3194//1949 3193//1949 3207//1949 
f 3196//1949 3195//1949 3205//1949 
f 3177//1949 3176//1949 3225//1949 
f 3184//1949 3217//1949 3216//1949 
f 3189//1949 3212//1949 3211//1949 
f 3195//1949 3194//1949 3206//1949 
f 3204//1949 3203//1949 3197//1949 
f 3203//1949 3202//1949 3198//1949 
f 3202//1949 3201//1949 3199//1949 
f 3201//1949 3163//1949 3162//1949 
f 3180//1949 3179//1949 3222//1949 
f 3192//1949 3190//1949 3209//1949 
f 3198//1949 3197//1949 3203//1949 
f 3162//1949 3199//1949 3201//1949 
f 3188//1949 3213//1949 3212//1949 
f 3199//1949 3198//1949 3202//1949 
f 3237//1949 3165//1949 3164//1949 
f 3197//1949 3196//1949 3204//1949 
f 3165//1949 3237//1949 3236//1949 
f 3164//1949 3200//1949 3237//1949 
o mesh95
f 3238//1950 2249//1950 2248//1950 
f 2248//1950 3239//1950 3238//1950 
f 2248//1950 1412//1950 3239//1950 
o mesh96
f 2339//1951 2341//1950 3240//1950 
f 2340//1952 2339//1951 3241//1951 
f 3242//1952 3243//1953 2156//1954 
f 3243//1953 2154//1953 2156//1954 
f 2152//1955 2154//1953 3243//1953 
f 2149//1956 2152//1955 3244//1955 
f 3245//1956 3246//1957 1391//1958 
f 3246//1957 1392//1957 1391//1958 
f 1390//1959 1392//1957 3246//1957 
f 1386//1960 1390//1959 3247//1959 
f 1387//1961 1386//1960 3248//1960 
f 1388//1962 1387//1961 3249//1961 
f 1389//1963 1388//1962 3250//1962 
f 1393//1964 1389//1963 3251//1963 
f 3252//1964 3253//1965 2130//1966 
f 3253//1965 2126//1965 2130//1966 
f 2127//1967 2126//1965 3253//1965 
f 2122//1968 2127//1967 3254//1967 
f 2123//1969 2122//1968 3255//1968 
f 3256//1969 3257//1970 1410//1971 
f 3257//1970 1408//1970 1410//1971 
f 1409//1972 1408//1970 3257//1970 
f 1404//1973 1409//1972 3258//1972 
f 1405//1974 1404//1973 3259//1973 
f 1407//1975 1405//1974 3260//1974 
f 1394//1976 1407//1975 3261//1975 
f 1402//1977 1394//1976 3262//1976 
f 1400//1978 1402//1977 3263//1977 
f 1401//1979 1400//1978 3264//1978 
f 1406//1980 1401//1979 3265//1979 
f 1399//1981 1406//1980 3266//1980 
f 1398//1982 1399//1981 3267//1981 
f 1397//1983 1398//1982 3268//1982 
f 1395//1984 1397//1983 3269//1983 
f 1396//1985 1395//1984 3270//1984 
f 1403//1986 1396//1985 3271//1985 
f 3272//1987 2136//1987 2119//1988 
f 2119//1988 3273//1989 3272//1987 
f 2140//1990 2136//1987 3272//1987 
f 2135//1991 2140//1990 3274//1990 
f 2141//1992 2135//1991 3275//1991 
f 3276//1993 1415//1993 1417//1994 
f 1417//1994 3277//1995 3276//1993 
f 1416//1996 1415//1993 3276//1993 
f 1414//1997 1416//1996 3278//1996 
f 1413//1998 1414//1997 3279//1997 
f 1411//1999 1413//1998 3280//1998 
f 1412//2000 1411//1999 3281//1999 
f 3281//1999 3239//2000 1412//2000 
f 3280//1998 3281//1999 1411//1999 
f 3279//1997 3280//1998 1413//1998 
f 3278//1996 3279//1997 1414//1997 
f 3276//1993 3278//1996 1416//1996 
f 1417//1994 2141//1992 3277//1995 
f 3275//1991 3277//1995 2141//1992 
f 3274//1990 3275//1991 2135//1991 
f 3272//1987 3274//1990 2140//1990 
f 2119//1988 1403//1986 3273//1989 
f 3271//1985 3273//1989 1403//1986 
f 3270//1984 3271//1985 1396//1985 
f 3269//1983 3270//1984 1395//1984 
f 3268//1982 3269//1983 1397//1983 
f 3267//1981 3268//1982 1398//1982 
f 3266//1980 3267//1981 1399//1981 
f 3265//1979 3266//1980 1406//1980 
f 3264//1978 3265//1979 1401//1979 
f 3263//1977 3264//1978 1400//1978 
f 3262//1976 3263//1977 1402//1977 
f 3261//1975 3262//1976 1394//1976 
f 3260//1974 3261//1975 1407//1975 
f 3259//1973 3260//1974 1405//1974 
f 3258//1972 3259//1973 1404//1973 
f 3257//1970 3258//1972 1409//1972 
f 1410//1971 2123//1969 3256//1969 
f 3255//1968 3256//1969 2123//1969 
f 3254//1967 3255//1968 2122//1968 
f 3253//1965 3254//1967 2127//1967 
f 2130//1966 1393//1964 3252//1964 
f 3251//1963 3252//1964 1393//1964 
f 3250//1962 3251//1963 1389//1963 
f 3249//1961 3250//1962 1388//1962 
f 3248//1960 3249//1961 1387//1961 
f 3247//1959 3248//1960 1386//1960 
f 3246//1957 3247//1959 1390//1959 
f 1391//1958 2149//1956 3245//1956 
f 3244//1955 3245//1956 2149//1956 
f 3243//1953 3244//1955 2152//1955 
f 2156//1954 2340//1952 3242//1952 
f 3241//1951 3242//1952 2340//1952 
f 3240//1950 3241//1951 2339//1951 
o mesh97
f 3240//2000 2341//2000 2338//2000 
f 2338//2000 3282//2000 3240//2000 
o mesh98
f 2249//2001 3238//2001 3283//2002 
f 3284//2003 1419//2003 1418//2004 
f 1418//2004 3283//2002 3284//2003 
f 1419//2003 3284//2003 3285//2005 
f 3285//2005 3286//2006 2247//2007 
f 3286//2006 2243//2006 2247//2007 
f 2243//2006 3286//2006 3287//2008 
f 2244//2008 3287//2008 3288//2009 
f 2245//2009 3288//2009 3289//2010 
f 3290//2011 2236//2011 2241//2012 
f 2241//2012 3289//2010 3290//2011 
f 2236//2011 3290//2011 3291//2013 
f 2234//2013 3291//2013 3292//2014 
f 2224//2014 3292//2014 3293//2015 
f 2223//2015 3293//2015 3294//2016 
f 2230//2016 3294//2016 3295//2017 
f 2229//2017 3295//2017 3296//2018 
f 2220//2018 3296//2018 3297//2019 
f 2221//2019 3297//2019 3298//2020 
f 2222//2020 3298//2020 3299//2021 
f 2228//2021 3299//2021 3300//2022 
f 2227//2022 3300//2022 3301//2023 
f 2225//2023 3301//2023 3302//2024 
f 2226//2024 3302//2024 3303//2025 
f 2233//2025 3303//2025 3304//2026 
f 2231//2026 3304//2026 3305//2027 
f 2232//2027 3305//2027 3306//2028 
f 2235//2028 3306//2028 3307//2029 
f 2239//2029 3307//2029 3308//2030 
f 2240//2030 3308//2030 3309//2031 
f 2237//2031 3309//2031 3310//2032 
f 2238//2032 3310//2032 3311//2033 
f 3311//2033 3312//2034 2217//2035 
f 3312//2034 2219//2034 2217//2035 
f 2219//2034 3312//2034 3313//2036 
f 2216//2036 3313//2036 3314//2037 
f 3314//2037 3315//2038 1423//2039 
f 3315//2038 1424//2038 1423//2039 
f 1424//2038 3315//2038 3316//2040 
f 1421//2040 3316//2040 3317//2041 
f 1422//2041 3317//2041 3318//2042 
f 1425//2042 3318//2042 3319//2043 
f 1426//2043 3319//2043 3320//2044 
f 3321//2045 2346//2045 2348//2046 
f 2348//2046 3320//2044 3321//2045 
f 2346//2045 3321//2045 3322//2047 
f 3322//2047 3323//2048 2344//2049 
f 3323//2048 2345//2048 2344//2049 
f 2345//2048 3323//2048 3324//2050 
f 2342//2050 3324//2050 3325//2051 
f 2343//2051 3325//2051 3282//2052 
f 3282//2052 2338//2052 2343//2051 
f 3325//2051 2343//2051 2342//2050 
f 3324//2050 2342//2050 2345//2048 
f 2344//2049 2347//2053 3322//2047 
f 3322//2047 2347//2053 2346//2045 
f 2348//2046 1427//2054 3320//2044 
f 3320//2044 1427//2054 1426//2043 
f 3319//2043 1426//2043 1425//2042 
f 3318//2042 1425//2042 1422//2041 
f 3317//2041 1422//2041 1421//2040 
f 3316//2040 1421//2040 1424//2038 
f 1423//2039 2218//2055 3314//2037 
f 3314//2037 2218//2055 2216//2036 
f 3313//2036 2216//2036 2219//2034 
f 2217//2035 2242//2056 3311//2033 
f 3311//2033 2242//2056 2238//2032 
f 3310//2032 2238//2032 2237//2031 
f 3309//2031 2237//2031 2240//2030 
f 3308//2030 2240//2030 2239//2029 
f 3307//2029 2239//2029 2235//2028 
f 3306//2028 2235//2028 2232//2027 
f 3305//2027 2232//2027 2231//2026 
f 3304//2026 2231//2026 2233//2025 
f 3303//2025 2233//2025 2226//2024 
f 3302//2024 2226//2024 2225//2023 
f 3301//2023 2225//2023 2227//2022 
f 3300//2022 2227//2022 2228//2021 
f 3299//2021 2228//2021 2222//2020 
f 3298//2020 2222//2020 2221//2019 
f 3297//2019 2221//2019 2220//2018 
f 3296//2018 2220//2018 2229//2017 
f 3295//2017 2229//2017 2230//2016 
f 3294//2016 2230//2016 2223//2015 
f 3293//2015 2223//2015 2224//2014 
f 3292//2014 2224//2014 2234//2013 
f 3291//2013 2234//2013 2236//2011 
f 2241//2012 2246//2057 3289//2010 
f 3289//2010 2246//2057 2245//2009 
f 3288//2009 2245//2009 2244//2008 
f 3287//2008 2244//2008 2243//2006 
f 2247//2007 1420//2058 3285//2005 
f 3285//2005 1420//2058 1419//2003 
f 1418//2004 2250//2059 3283//2002 
f 3283//2002 2250//2059 2249//2001 
o mesh99
f 3311//2060 3310//2060 3255//2060 
f 3310//2060 3309//2060 3256//2060 
f 3307//2060 3306//2060 3259//2060 
f 3306//2060 3305//2060 3260//2060 
f 3314//2060 3313//2060 3252//2060 
f 3313//2060 3312//2060 3253//2060 
f 3256//2060 3255//2060 3310//2060 
f 3309//2060 3308//2060 3257//2060 
f 3308//2060 3307//2060 3258//2060 
f 3260//2060 3259//2060 3306//2060 
f 3253//2060 3252//2060 3313//2060 
f 3312//2060 3311//2060 3254//2060 
f 3257//2060 3256//2060 3309//2060 
f 3259//2060 3258//2060 3307//2060 
f 3303//2060 3262//2060 3261//2060 
f 3302//2060 3263//2060 3262//2060 
f 3298//2060 3267//2060 3266//2060 
f 3297//2060 3268//2060 3267//2060 
f 3291//2060 3290//2060 3274//2060 
f 3290//2060 3289//2060 3275//2060 
f 3254//2060 3253//2060 3312//2060 
f 3258//2060 3257//2060 3308//2060 
f 3305//2060 3304//2060 3261//2060 
f 3262//2060 3303//2060 3302//2060 
f 3301//2060 3264//2060 3263//2060 
f 3300//2060 3265//2060 3264//2060 
f 3267//2060 3298//2060 3297//2060 
f 3296//2060 3269//2060 3268//2060 
f 3293//2060 3292//2060 3273//2060 
f 3275//2060 3274//2060 3290//2060 
f 3289//2060 3288//2060 3277//2060 
f 3288//2060 3287//2060 3276//2060 
f 3287//2060 3286//2060 3278//2060 
f 3255//2060 3254//2060 3311//2060 
f 3261//2060 3304//2060 3303//2060 
f 3264//2060 3301//2060 3300//2060 
f 3299//2060 3266//2060 3265//2060 
f 3268//2060 3297//2060 3296//2060 
f 3295//2060 3270//2060 3269//2060 
f 3271//2060 3294//2060 3293//2060 
f 3292//2060 3291//2060 3272//2060 
f 3277//2060 3275//2060 3289//2060 
f 3278//2060 3276//2060 3287//2060 
f 3286//2060 3285//2060 3279//2060 
f 3285//2060 3284//2060 3280//2060 
f 3284//2060 3283//2060 3281//2060 
f 3283//2060 3238//2060 3239//2060 
f 3323//2060 3243//2060 3242//2060 
f 3322//2060 3244//2060 3243//2060 
f 3321//2060 3245//2060 3244//2060 
f 3320//2060 3246//2060 3245//2060 
f 3319//2060 3247//2060 3246//2060 
f 3318//2060 3248//2060 3247//2060 
f 3261//2060 3260//2060 3305//2060 
f 3265//2060 3300//2060 3299//2060 
f 3269//2060 3296//2060 3295//2060 
f 3294//2060 3271//2060 3270//2060 
f 3272//2060 3273//2060 3292//2060 
f 3276//2060 3277//2060 3288//2060 
f 3280//2060 3279//2060 3285//2060 
f 3239//2060 3281//2060 3283//2060 
f 3243//2060 3323//2060 3322//2060 
f 3245//2060 3321//2060 3320//2060 
f 3247//2060 3319//2060 3318//2060 
f 3317//2060 3249//2060 3248//2060 
f 3315//2060 3251//2060 3250//2060 
f 3263//2060 3302//2060 3301//2060 
f 3270//2060 3295//2060 3294//2060 
f 3274//2060 3272//2060 3291//2060 
f 3281//2060 3280//2060 3284//2060 
f 3325//2060 3241//2060 3240//2060 
f 3324//2060 3242//2060 3241//2060 
f 3244//2060 3322//2060 3321//2060 
f 3248//2060 3318//2060 3317//2060 
f 3316//2060 3250//2060 3249//2060 
f 3250//2060 3316//2060 3315//2060 
f 3266//2060 3299//2060 3298//2060 
f 3279//2060 3278//2060 3286//2060 
f 3241//2060 3325//2060 3324//2060 
f 3246//2060 3320//2060 3319//2060 
f 3315//2060 3314//2060 3251//2060 
f 3273//2060 3271//2060 3293//2060 
f 3242//2060 3324//2060 3323//2060 
f 3252//2060 3251//2060 3314//2060 
f 3249//2060 3317//2060 3316//2060 
f 3240//2060 3282//2060 3325//2060 
